2025-04-15 10:15:55 [unit_spider] INFO: 爬虫初始化开始
2025-04-15 10:15:55 [unit_spider] INFO: 成功读取单元代码: ['CAB301', 'CAB302', 'CAB303', 'CAB401', 'CAB403', 'IFN711']
2025-04-15 10:15:55 [scrapy.addons] INFO: Enabled addons:
[]
2025-04-15 10:15:55 [asyncio] DEBUG: Using selector: SelectSelector
2025-04-15 10:15:55 [scrapy.utils.log] DEBUG: Using reactor: twisted.internet.asyncioreactor.AsyncioSelectorReactor
2025-04-15 10:15:55 [scrapy.utils.log] DEBUG: Using asyncio event loop: asyncio.windows_events._WindowsSelectorEventLoop
2025-04-15 10:15:55 [scrapy.utils.log] DEBUG: Using reactor: twisted.internet.asyncioreactor.AsyncioSelectorReactor
2025-04-15 10:15:55 [scrapy.utils.log] DEBUG: Using asyncio event loop: asyncio.windows_events._WindowsSelectorEventLoop
2025-04-15 10:15:55 [scrapy.extensions.telnet] INFO: Telnet Password: 518bce131c962417
2025-04-15 10:15:55 [scrapy.middleware] INFO: Enabled extensions:
['scrapy.extensions.corestats.CoreStats',
 'scrapy.extensions.telnet.TelnetConsole',
 'scrapy.extensions.logstats.LogStats']
2025-04-15 10:15:55 [scrapy.crawler] INFO: Overridden settings:
{'BOT_NAME': 'qut_unit_spider',
 'DOWNLOAD_DELAY': 2,
 'DUPEFILTER_CLASS': 'scrapy_splash.SplashAwareDupeFilter',
 'FEED_EXPORT_ENCODING': 'utf-8',
 'LOG_FILE': 'spider_debug.log',
 'NEWSPIDER_MODULE': 'qut_unit_spider.spiders',
 'SPIDER_MODULES': ['qut_unit_spider.spiders'],
 'TWISTED_REACTOR': 'twisted.internet.asyncioreactor.AsyncioSelectorReactor',
 'USER_AGENT': 'Mozilla/5.0 (Windows NT 10.0; Win64; x64) AppleWebKit/537.36 '
               '(KHTML, like Gecko) Chrome/91.0.4472.124 Safari/537.36'}
2025-04-15 10:15:55 [scrapy.middleware] INFO: Enabled downloader middlewares:
['scrapy.downloadermiddlewares.offsite.OffsiteMiddleware',
 'scrapy.downloadermiddlewares.httpauth.HttpAuthMiddleware',
 'scrapy.downloadermiddlewares.downloadtimeout.DownloadTimeoutMiddleware',
 'scrapy.downloadermiddlewares.defaultheaders.DefaultHeadersMiddleware',
 'scrapy.downloadermiddlewares.useragent.UserAgentMiddleware',
 'scrapy.downloadermiddlewares.retry.RetryMiddleware',
 'scrapy.downloadermiddlewares.redirect.MetaRefreshMiddleware',
 'scrapy.downloadermiddlewares.redirect.RedirectMiddleware',
 'scrapy.downloadermiddlewares.cookies.CookiesMiddleware',
 'scrapy_splash.SplashCookiesMiddleware',
 'scrapy_splash.SplashMiddleware',
 'scrapy.downloadermiddlewares.httpproxy.HttpProxyMiddleware',
 'scrapy.downloadermiddlewares.httpcompression.HttpCompressionMiddleware',
 'scrapy.downloadermiddlewares.stats.DownloaderStats']
2025-04-15 10:15:55 [scrapy.middleware] INFO: Enabled spider middlewares:
['scrapy.spidermiddlewares.httperror.HttpErrorMiddleware',
 'scrapy_splash.SplashDeduplicateArgsMiddleware',
 'scrapy.spidermiddlewares.referer.RefererMiddleware',
 'scrapy.spidermiddlewares.urllength.UrlLengthMiddleware',
 'scrapy.spidermiddlewares.depth.DepthMiddleware']
2025-04-15 10:15:55 [scrapy.middleware] INFO: Enabled item pipelines:
[]
2025-04-15 10:15:55 [scrapy.core.engine] INFO: Spider opened
2025-04-15 10:15:55 [scrapy.extensions.logstats] INFO: Crawled 0 pages (at 0 pages/min), scraped 0 items (at 0 items/min)
2025-04-15 10:15:55 [scrapy.extensions.telnet] INFO: Telnet console listening on 127.0.0.1:6023
2025-04-15 10:15:55 [unit_spider] INFO: 开始发送请求
2025-04-15 10:15:55 [unit_spider] DEBUG: 准备请求URL: https://www.qut.edu.au/study/unit?unitCode=CAB301
2025-04-15 10:15:55 [py.warnings] WARNING: C:\Users\43819\AppData\Local\Programs\Python\Python313\Lib\site-packages\scrapy_splash\middleware.py:498: ScrapyDeprecationWarning: Use of this protected method is deprecated. Consider using its corresponding public method get_slot_key() instead.
  return self.crawler.engine.downloader._get_slot_key(

2025-04-15 10:15:55 [unit_spider] DEBUG: 准备请求URL: https://www.qut.edu.au/study/unit?unitCode=CAB302
2025-04-15 10:15:55 [unit_spider] DEBUG: 准备请求URL: https://www.qut.edu.au/study/unit?unitCode=CAB303
2025-04-15 10:15:55 [unit_spider] DEBUG: 准备请求URL: https://www.qut.edu.au/study/unit?unitCode=CAB401
2025-04-15 10:15:55 [unit_spider] DEBUG: 准备请求URL: https://www.qut.edu.au/study/unit?unitCode=CAB403
2025-04-15 10:15:55 [unit_spider] DEBUG: 准备请求URL: https://www.qut.edu.au/study/unit?unitCode=IFN711
2025-04-15 10:16:00 [scrapy.crawler] INFO: Received SIGINT, shutting down gracefully. Send again to force 
2025-04-15 10:16:00 [scrapy.core.engine] INFO: Closing spider (shutdown)
2025-04-15 10:16:00 [scrapy.core.engine] DEBUG: Crawled (200) <GET https://www.qut.edu.au/study/unit?unitCode=CAB301 via http://localhost:8050/execute> (referer: None)
2025-04-15 10:16:00 [unit_spider] INFO: 开始解析页面: https://www.qut.edu.au/study/unit?unitCode=CAB301
2025-04-15 10:16:00 [unit_spider] INFO: 正在处理单元: CAB301
2025-04-15 10:16:00 [unit_spider] DEBUG: 开始提取基本信息
2025-04-15 10:16:00 [unit_spider] DEBUG: 成功提取 unit_code: CAB301...
2025-04-15 10:16:00 [unit_spider] DEBUG: 成功提取 unit_name: Algorithms and Complexity...
2025-04-15 10:16:00 [unit_spider] DEBUG: 成功提取 faculty: Faculty of Science...
2025-04-15 10:16:00 [unit_spider] DEBUG: 成功提取 description: This unit teaches you the fundamental principles used to assess the efficiency of software algorithm...
2025-04-15 10:16:00 [unit_spider] DEBUG: 成功提取 study_area: Science...
2025-04-15 10:16:00 [unit_spider] DEBUG: 成功提取 credit_points: 12...
2025-04-15 10:16:00 [unit_spider] ERROR: 未找到What to expect标签页
2025-04-15 10:16:00 [unit_spider] DEBUG: 页面内容: <!DOCTYPE html><html lang="en" xmlns:og="https://ogp.me/ns#" xmlns:fb="https://www.facebook.com/2008/fbml"><head>
    <meta name="viewport" content="width=device-width, initial-scale=1, shrink-to-fit=no">
    <meta name="theme-color" content="#0066b9">
    <meta http-equiv="x-ua-compatible" content="ie=edge">
    <meta http-equiv="content-type" content="text/html;charset=utf-8">
    
    <meta name="google-site-verification" content="A678Om3_KjlTrYIFf0OPTrnpoFT10Afit4LF4zNpnTQ">
    <meta name="
2025-04-15 10:16:00 [unit_spider] WARNING: 未能提取到unit outline信息: https://www.qut.edu.au/study/unit?unitCode=CAB301
2025-04-15 10:16:00 [unit_spider] INFO: 成功提取单元信息: CAB301
2025-04-15 10:16:00 [unit_spider] DEBUG: 提取的字段: ['unit_code', 'unit_name', 'faculty', 'description', 'study_area', 'credit_points', 'offerings', 'fees', 'prerequisites', 'equivalents']
2025-04-15 10:16:00 [scrapy.core.scraper] DEBUG: Scraped from <200 https://www.qut.edu.au/study/unit?unitCode=CAB301>
{'unit_code': 'CAB301', 'unit_name': 'Algorithms and Complexity', 'faculty': 'Faculty of Science', 'description': 'This unit teaches you the fundamental principles used to assess the efficiency of software algorithms, allowing you to distinguish solutions that can process large amounts of data or perform complex calculations effectively from those that run unacceptably slowly or not at all. In this unit you will examine a range of different algorithms, review the principles used to predict their efficiency and perform empirical measurements of specific algorithms to confirm the theoretical predictions.', 'study_area': 'Science', 'credit_points': 12, 'offerings': [{'teaching_period': 'Semester 1, 2025', 'dates': '24 February 2025 - 21 June 2025', 'locations': ['Gardens Point', 'Gardens Point (Online)']}], 'fees': {'Commonwealth supported place (CSP) student contribution amount': '2025 : $1,164', 'Domestic fee-paying student fee': '2025 : $4,356', 'International student fee (excluding study abroad students)': '2025 : $5,172'}, 'prerequisites': '( CAB201 or ITD121)', 'equivalents': 'INB371'}
2025-04-15 10:16:03 [scrapy.core.engine] DEBUG: Crawled (200) <GET https://www.qut.edu.au/study/unit?unitCode=CAB302 via http://localhost:8050/execute> (referer: None)
2025-04-15 10:16:03 [unit_spider] INFO: 开始解析页面: https://www.qut.edu.au/study/unit?unitCode=CAB302
2025-04-15 10:16:03 [unit_spider] INFO: 正在处理单元: CAB302
2025-04-15 10:16:03 [unit_spider] DEBUG: 开始提取基本信息
2025-04-15 10:16:03 [unit_spider] DEBUG: 成功提取 unit_code: CAB302...
2025-04-15 10:16:03 [unit_spider] DEBUG: 成功提取 unit_name: Software Development...
2025-04-15 10:16:03 [unit_spider] DEBUG: 成功提取 faculty: Faculty of Science...
2025-04-15 10:16:03 [unit_spider] DEBUG: 成功提取 description: This unit teaches you how to work effectively in a team to develop large-scale software systems. It ...
2025-04-15 10:16:03 [unit_spider] DEBUG: 成功提取 study_area: Science...
2025-04-15 10:16:03 [unit_spider] DEBUG: 成功提取 credit_points: 12...
2025-04-15 10:16:03 [unit_spider] ERROR: 未找到What to expect标签页
2025-04-15 10:16:03 [unit_spider] DEBUG: 页面内容: <!DOCTYPE html><html lang="en" xmlns:og="https://ogp.me/ns#" xmlns:fb="https://www.facebook.com/2008/fbml"><head>
    <meta name="viewport" content="width=device-width, initial-scale=1, shrink-to-fit=no">
    <meta name="theme-color" content="#0066b9">
    <meta http-equiv="x-ua-compatible" content="ie=edge">
    <meta http-equiv="content-type" content="text/html;charset=utf-8">
    
    <meta name="google-site-verification" content="A678Om3_KjlTrYIFf0OPTrnpoFT10Afit4LF4zNpnTQ">
    <meta name="
2025-04-15 10:16:03 [unit_spider] WARNING: 未能提取到unit outline信息: https://www.qut.edu.au/study/unit?unitCode=CAB302
2025-04-15 10:16:03 [unit_spider] INFO: 成功提取单元信息: CAB302
2025-04-15 10:16:03 [unit_spider] DEBUG: 提取的字段: ['unit_code', 'unit_name', 'faculty', 'description', 'study_area', 'credit_points', 'offerings', 'fees', 'prerequisites', 'equivalents']
2025-04-15 10:16:03 [scrapy.core.scraper] DEBUG: Scraped from <200 https://www.qut.edu.au/study/unit?unitCode=CAB302>
{'unit_code': 'CAB302', 'unit_name': 'Software Development', 'faculty': 'Faculty of Science', 'description': 'This unit teaches you how to work effectively in a team to develop large-scale software systems. It includes principles of teamwork, modern software development methodologies and tools that are needed when working in a team on a large project.', 'study_area': 'Science', 'credit_points': 12, 'offerings': [{'teaching_period': 'Semester 1, 2025', 'dates': '24 February 2025 - 21 June 2025', 'locations': ['Gardens Point', 'Gardens Point (Online)']}, {'teaching_period': 'Semester 2, 2025', 'dates': '21 July 2025 - 15 November 2025', 'locations': ['Gardens Point', 'Gardens Point (Online)']}], 'fees': {'Commonwealth supported place (CSP) student contribution amount': '2025 : $1,164', 'Domestic fee-paying student fee': '2025 : $4,356', 'International student fee (excluding study abroad students)': '2025 : $5,172'}, 'prerequisites': 'CAB201 or INB270 or ITD121', 'equivalents': 'INB370'}
2025-04-15 10:16:06 [scrapy.core.engine] DEBUG: Crawled (200) <GET https://www.qut.edu.au/study/unit?unitCode=CAB303 via http://localhost:8050/execute> (referer: None)
2025-04-15 10:16:06 [unit_spider] INFO: 开始解析页面: https://www.qut.edu.au/study/unit?unitCode=CAB303
2025-04-15 10:16:06 [unit_spider] INFO: 正在处理单元: None
2025-04-15 10:16:06 [unit_spider] DEBUG: 开始提取基本信息
2025-04-15 10:16:06 [unit_spider] WARNING: 未找到 unit_code
2025-04-15 10:16:06 [unit_spider] WARNING: 未找到 unit_name
2025-04-15 10:16:06 [unit_spider] WARNING: 未找到 faculty
2025-04-15 10:16:06 [unit_spider] WARNING: 未找到 description
2025-04-15 10:16:06 [unit_spider] WARNING: 未找到 study_area
2025-04-15 10:16:06 [unit_spider] WARNING: 未找到 credit_points
2025-04-15 10:16:06 [unit_spider] ERROR: 未找到What to expect标签页
2025-04-15 10:16:06 [unit_spider] DEBUG: 页面内容: <!DOCTYPE html><html lang="en" xmlns:og="https://ogp.me/ns#" xmlns:fb="https://www.facebook.com/2008/fbml"><head>
    <meta name="viewport" content="width=device-width, initial-scale=1, shrink-to-fit=no">
    <meta name="theme-color" content="#0066b9">
    <meta http-equiv="x-ua-compatible" content="ie=edge">
    <meta http-equiv="content-type" content="text/html;charset=utf-8">
    
    <meta name="google-site-verification" content="A678Om3_KjlTrYIFf0OPTrnpoFT10Afit4LF4zNpnTQ">
    <meta name="
2025-04-15 10:16:06 [unit_spider] WARNING: 未能提取到unit outline信息: https://www.qut.edu.au/study/unit?unitCode=CAB303
2025-04-15 10:16:06 [unit_spider] ERROR: 未能提取到任何信息: None
2025-04-15 10:16:06 [scrapy.core.scraper] DEBUG: Scraped from <200 https://www.qut.edu.au/study/unit?unitCode=CAB303>
{}
2025-04-15 10:16:07 [scrapy.core.engine] DEBUG: Crawled (200) <GET https://www.qut.edu.au/study/unit?unitCode=CAB401 via http://localhost:8050/execute> (referer: None)
2025-04-15 10:16:07 [unit_spider] INFO: 开始解析页面: https://www.qut.edu.au/study/unit?unitCode=CAB401
2025-04-15 10:16:07 [unit_spider] INFO: 正在处理单元: CAB401
2025-04-15 10:16:07 [unit_spider] DEBUG: 开始提取基本信息
2025-04-15 10:16:07 [unit_spider] DEBUG: 成功提取 unit_code: CAB401...
2025-04-15 10:16:07 [unit_spider] DEBUG: 成功提取 unit_name: High Performance and Parallel Computing...
2025-04-15 10:16:07 [unit_spider] DEBUG: 成功提取 faculty: Faculty of Science...
2025-04-15 10:16:07 [unit_spider] DEBUG: 成功提取 description: Building on your skills in "sequential" programming, this unit teaches you the tools and techniques ...
2025-04-15 10:16:07 [unit_spider] DEBUG: 成功提取 study_area: Science...
2025-04-15 10:16:07 [unit_spider] DEBUG: 成功提取 credit_points: 12...
2025-04-15 10:16:07 [unit_spider] ERROR: 未找到What to expect标签页
2025-04-15 10:16:07 [unit_spider] DEBUG: 页面内容: <!DOCTYPE html><html lang="en" xmlns:og="https://ogp.me/ns#" xmlns:fb="https://www.facebook.com/2008/fbml"><head>
    <meta name="viewport" content="width=device-width, initial-scale=1, shrink-to-fit=no">
    <meta name="theme-color" content="#0066b9">
    <meta http-equiv="x-ua-compatible" content="ie=edge">
    <meta http-equiv="content-type" content="text/html;charset=utf-8">
    
    <meta name="google-site-verification" content="A678Om3_KjlTrYIFf0OPTrnpoFT10Afit4LF4zNpnTQ">
    <meta name="
2025-04-15 10:16:07 [unit_spider] WARNING: 未能提取到unit outline信息: https://www.qut.edu.au/study/unit?unitCode=CAB401
2025-04-15 10:16:07 [unit_spider] INFO: 成功提取单元信息: CAB401
2025-04-15 10:16:07 [unit_spider] DEBUG: 提取的字段: ['unit_code', 'unit_name', 'faculty', 'description', 'study_area', 'credit_points', 'offerings', 'fees', 'prerequisites', 'equivalents']
2025-04-15 10:16:07 [scrapy.core.scraper] DEBUG: Scraped from <200 https://www.qut.edu.au/study/unit?unitCode=CAB401>
{'unit_code': 'CAB401', 'unit_name': 'High Performance and Parallel Computing', 'faculty': 'Faculty of Science', 'description': 'Building on your skills in "sequential" programming, this unit teaches you the tools and techniques needed to exploit multi-processor computer systems to achieve dramatic performance improvements for computationally intensive problems. This unit gives you both an understanding of why future computer hardware will be increasingly parallel, the challenges this poses for software development as well as a set of practical skills in creating high-performance programs using today\'s best tools and techniques.', 'study_area': 'Science', 'credit_points': 12, 'offerings': [{'teaching_period': 'Semester 2, 2025', 'dates': '21 July 2025 - 15 November 2025', 'locations': ['Gardens Point', 'Gardens Point (Online)']}], 'fees': {'Commonwealth supported place (CSP) student contribution amount': '2025 : $1,164', 'Domestic fee-paying student fee': '2025 : $4,356', 'International student fee (excluding study abroad students)': '2025 : $5,172'}, 'prerequisites': 'IFN584 or (IFN563 and IFN564) or ( IFQ563 and IFQ564 ) or CAB301 or IFN505', 'equivalents': 'INB375'}
2025-04-15 10:16:10 [scrapy.core.engine] DEBUG: Crawled (200) <GET https://www.qut.edu.au/study/unit?unitCode=CAB403 via http://localhost:8050/execute> (referer: None)
2025-04-15 10:16:10 [unit_spider] INFO: 开始解析页面: https://www.qut.edu.au/study/unit?unitCode=CAB403
2025-04-15 10:16:10 [unit_spider] INFO: 正在处理单元: CAB403
2025-04-15 10:16:10 [unit_spider] DEBUG: 开始提取基本信息
2025-04-15 10:16:10 [unit_spider] DEBUG: 成功提取 unit_code: CAB403...
2025-04-15 10:16:10 [unit_spider] DEBUG: 成功提取 unit_name: Systems Programming...
2025-04-15 10:16:10 [unit_spider] DEBUG: 成功提取 faculty: Faculty of Science...
2025-04-15 10:16:10 [unit_spider] DEBUG: 成功提取 description: Most of our other Computer Science units focus on high-level applications programming. Applications ...
2025-04-15 10:16:10 [unit_spider] DEBUG: 成功提取 study_area: Science...
2025-04-15 10:16:10 [unit_spider] DEBUG: 成功提取 credit_points: 12...
2025-04-15 10:16:10 [unit_spider] ERROR: 未找到What to expect标签页
2025-04-15 10:16:10 [unit_spider] DEBUG: 页面内容: <!DOCTYPE html><html lang="en" xmlns:og="https://ogp.me/ns#" xmlns:fb="https://www.facebook.com/2008/fbml"><head>
    <meta name="viewport" content="width=device-width, initial-scale=1, shrink-to-fit=no">
    <meta name="theme-color" content="#0066b9">
    <meta http-equiv="x-ua-compatible" content="ie=edge">
    <meta http-equiv="content-type" content="text/html;charset=utf-8">
    
    <meta name="google-site-verification" content="A678Om3_KjlTrYIFf0OPTrnpoFT10Afit4LF4zNpnTQ">
    <meta name="
2025-04-15 10:16:10 [unit_spider] WARNING: 未能提取到unit outline信息: https://www.qut.edu.au/study/unit?unitCode=CAB403
2025-04-15 10:16:10 [unit_spider] INFO: 成功提取单元信息: CAB403
2025-04-15 10:16:10 [unit_spider] DEBUG: 提取的字段: ['unit_code', 'unit_name', 'faculty', 'description', 'study_area', 'credit_points', 'offerings', 'fees', 'prerequisites', 'antirequisites', 'equivalents']
2025-04-15 10:16:10 [scrapy.core.scraper] DEBUG: Scraped from <200 https://www.qut.edu.au/study/unit?unitCode=CAB403>
{'unit_code': 'CAB403', 'unit_name': 'Systems Programming', 'faculty': 'Faculty of Science', 'description': 'Most of our other Computer Science units focus on high-level applications programming. Applications programmers are insulated from the low- level intricacies of the underlying hardware by making use of services provided by the operating system such as threads, virtual memory, file systems and device drivers. This unit focuses on Systems Programming, where the programmer can’t necessarily rely on high level services provided by the operating system and must interact directly with the underlying hardware. Systems software is either part of the operating system or software that operates at a similar level.&nbsp;This unit aims to give you practical programming skills for developing systems level applications and services.', 'study_area': 'Science', 'credit_points': 12, 'offerings': [{'teaching_period': 'Semester 2, 2025', 'dates': '21 July 2025 - 15 November 2025', 'locations': ['Gardens Point', 'Gardens Point (Online)']}], 'fees': {'Commonwealth supported place (CSP) student contribution amount': '2025 : $1,164', 'Domestic fee-paying student fee': '2025 : $4,356', 'International student fee (excluding study abroad students)': '2025 : $5,172'}, 'prerequisites': '( CAB201 or MZB126 or EGB103 or EGD103 or ITD121) and CAB202', 'antirequisites': 'INN365', 'equivalents': 'INB365, ITB706, ITB745'}
2025-04-15 10:16:13 [scrapy.core.engine] DEBUG: Crawled (200) <GET https://www.qut.edu.au/study/unit?unitCode=IFN711 via http://localhost:8050/execute> (referer: None)
2025-04-15 10:16:13 [unit_spider] INFO: 开始解析页面: https://www.qut.edu.au/study/unit?unitCode=IFN711
2025-04-15 10:16:13 [unit_spider] INFO: 正在处理单元: IFN711
2025-04-15 10:16:13 [unit_spider] DEBUG: 开始提取基本信息
2025-04-15 10:16:13 [unit_spider] DEBUG: 成功提取 unit_code: IFN711...
2025-04-15 10:16:13 [unit_spider] DEBUG: 成功提取 unit_name: IT Industry Project...
2025-04-15 10:16:13 [unit_spider] DEBUG: 成功提取 faculty: Faculty of Science...
2025-04-15 10:16:13 [unit_spider] DEBUG: 成功提取 description: The aim of this unit is to help you apply skills previously attained in your degree in an advanced p...
2025-04-15 10:16:13 [unit_spider] DEBUG: 成功提取 study_area: Science...
2025-04-15 10:16:13 [unit_spider] DEBUG: 成功提取 credit_points: 24...
2025-04-15 10:16:13 [unit_spider] ERROR: 未找到What to expect标签页
2025-04-15 10:16:13 [unit_spider] DEBUG: 页面内容: <!DOCTYPE html><html lang="en" xmlns:og="https://ogp.me/ns#" xmlns:fb="https://www.facebook.com/2008/fbml"><head>
    <meta name="viewport" content="width=device-width, initial-scale=1, shrink-to-fit=no">
    <meta name="theme-color" content="#0066b9">
    <meta http-equiv="x-ua-compatible" content="ie=edge">
    <meta http-equiv="content-type" content="text/html;charset=utf-8">
    
    <meta name="google-site-verification" content="A678Om3_KjlTrYIFf0OPTrnpoFT10Afit4LF4zNpnTQ">
    <meta name="
2025-04-15 10:16:13 [unit_spider] WARNING: 未能提取到unit outline信息: https://www.qut.edu.au/study/unit?unitCode=IFN711
2025-04-15 10:16:13 [unit_spider] INFO: 成功提取单元信息: IFN711
2025-04-15 10:16:13 [unit_spider] DEBUG: 提取的字段: ['unit_code', 'unit_name', 'faculty', 'description', 'study_area', 'credit_points', 'offerings', 'fees', 'prerequisites', 'antirequisites']
2025-04-15 10:16:13 [scrapy.core.scraper] DEBUG: Scraped from <200 https://www.qut.edu.au/study/unit?unitCode=IFN711>
{'unit_code': 'IFN711', 'unit_name': 'IT Industry Project', 'faculty': 'Faculty of Science', 'description': 'The aim of this unit is to help you apply skills previously attained in your degree in an advanced problem domain&nbsp;and to enable you to conduct a well-defined project with specific outcomes. The project addresses an industry&nbsp;problem through the application of IT theories, tools and techniques.&nbsp;You will develop project management skills to lead teams in complex and changing&nbsp;environments. This unit introduces a range of traditional and contemporary project management approaches.&nbsp;', 'study_area': 'Science', 'credit_points': 24, 'offerings': [{'teaching_period': 'Semester 1, 2025', 'dates': '24 February 2025 - 21 June 2025', 'locations': ['Gardens Point']}], 'fees': {'Commonwealth supported place (CSP) student contribution amount': '2025 : $2,328', 'Domestic fee-paying student fee': '2025 : $7,632', 'International student fee (excluding study abroad students)': '2025 : $10,704'}, 'prerequisites': 'Completion of 96cp from (IN20 or IN27) or (Admission to IN23 and Completion of 48cp)', 'antirequisites': 'IFN702'}
2025-04-15 10:16:13 [scrapy.statscollectors] INFO: Dumping Scrapy stats:
{'downloader/request_bytes': 9300,
 'downloader/request_count': 6,
 'downloader/request_method_count/POST': 6,
 'downloader/response_bytes': 7495576,
 'downloader/response_count': 6,
 'downloader/response_status_count/200': 6,
 'elapsed_time_seconds': 17.678268,
 'finish_reason': 'shutdown',
 'finish_time': datetime.datetime(2025, 4, 15, 0, 16, 13, 382128, tzinfo=datetime.timezone.utc),
 'item_scraped_count': 6,
 'items_per_minute': None,
 'log_count/DEBUG': 70,
 'log_count/ERROR': 7,
 'log_count/INFO': 29,
 'log_count/WARNING': 13,
 'response_received_count': 6,
 'responses_per_minute': None,
 'scheduler/dequeued': 12,
 'scheduler/dequeued/memory': 12,
 'scheduler/enqueued': 12,
 'scheduler/enqueued/memory': 12,
 'splash/execute/request_count': 6,
 'splash/execute/response_count/200': 6,
 'start_time': datetime.datetime(2025, 4, 15, 0, 15, 55, 703860, tzinfo=datetime.timezone.utc)}
2025-04-15 10:16:13 [scrapy.core.engine] INFO: Spider closed (shutdown)
2025-04-15 10:17:09 [unit_spider] INFO: 爬虫初始化开始
2025-04-15 10:17:09 [unit_spider] INFO: 成功读取单元代码: ['CAB301', 'CAB302', 'CAB303', 'CAB401', 'CAB403', 'IFN711']
2025-04-15 10:17:09 [scrapy.addons] INFO: Enabled addons:
[]
2025-04-15 10:17:09 [asyncio] DEBUG: Using selector: SelectSelector
2025-04-15 10:17:09 [scrapy.utils.log] DEBUG: Using reactor: twisted.internet.asyncioreactor.AsyncioSelectorReactor
2025-04-15 10:17:09 [scrapy.utils.log] DEBUG: Using asyncio event loop: asyncio.windows_events._WindowsSelectorEventLoop
2025-04-15 10:17:09 [scrapy.utils.log] DEBUG: Using reactor: twisted.internet.asyncioreactor.AsyncioSelectorReactor
2025-04-15 10:17:09 [scrapy.utils.log] DEBUG: Using asyncio event loop: asyncio.windows_events._WindowsSelectorEventLoop
2025-04-15 10:17:09 [scrapy.extensions.telnet] INFO: Telnet Password: e7b1125a720261ba
2025-04-15 10:17:09 [scrapy.middleware] INFO: Enabled extensions:
['scrapy.extensions.corestats.CoreStats',
 'scrapy.extensions.telnet.TelnetConsole',
 'scrapy.extensions.logstats.LogStats']
2025-04-15 10:17:09 [scrapy.crawler] INFO: Overridden settings:
{'BOT_NAME': 'qut_unit_spider',
 'DOWNLOAD_DELAY': 2,
 'DUPEFILTER_CLASS': 'scrapy_splash.SplashAwareDupeFilter',
 'FEED_EXPORT_ENCODING': 'utf-8',
 'LOG_FILE': 'spider_debug.log',
 'NEWSPIDER_MODULE': 'qut_unit_spider.spiders',
 'SPIDER_MODULES': ['qut_unit_spider.spiders'],
 'TWISTED_REACTOR': 'twisted.internet.asyncioreactor.AsyncioSelectorReactor',
 'USER_AGENT': 'Mozilla/5.0 (Windows NT 10.0; Win64; x64) AppleWebKit/537.36 '
               '(KHTML, like Gecko) Chrome/91.0.4472.124 Safari/537.36'}
2025-04-15 10:17:10 [scrapy.middleware] INFO: Enabled downloader middlewares:
['scrapy.downloadermiddlewares.offsite.OffsiteMiddleware',
 'scrapy.downloadermiddlewares.httpauth.HttpAuthMiddleware',
 'scrapy.downloadermiddlewares.downloadtimeout.DownloadTimeoutMiddleware',
 'scrapy.downloadermiddlewares.defaultheaders.DefaultHeadersMiddleware',
 'scrapy.downloadermiddlewares.useragent.UserAgentMiddleware',
 'scrapy.downloadermiddlewares.retry.RetryMiddleware',
 'scrapy.downloadermiddlewares.redirect.MetaRefreshMiddleware',
 'scrapy.downloadermiddlewares.redirect.RedirectMiddleware',
 'scrapy.downloadermiddlewares.cookies.CookiesMiddleware',
 'scrapy_splash.SplashCookiesMiddleware',
 'scrapy_splash.SplashMiddleware',
 'scrapy.downloadermiddlewares.httpproxy.HttpProxyMiddleware',
 'scrapy.downloadermiddlewares.httpcompression.HttpCompressionMiddleware',
 'scrapy.downloadermiddlewares.stats.DownloaderStats']
2025-04-15 10:17:10 [scrapy.middleware] INFO: Enabled spider middlewares:
['scrapy.spidermiddlewares.httperror.HttpErrorMiddleware',
 'scrapy_splash.SplashDeduplicateArgsMiddleware',
 'scrapy.spidermiddlewares.referer.RefererMiddleware',
 'scrapy.spidermiddlewares.urllength.UrlLengthMiddleware',
 'scrapy.spidermiddlewares.depth.DepthMiddleware']
2025-04-15 10:17:10 [scrapy.middleware] INFO: Enabled item pipelines:
[]
2025-04-15 10:17:10 [scrapy.core.engine] INFO: Spider opened
2025-04-15 10:17:10 [scrapy.extensions.logstats] INFO: Crawled 0 pages (at 0 pages/min), scraped 0 items (at 0 items/min)
2025-04-15 10:17:10 [scrapy.extensions.telnet] INFO: Telnet console listening on 127.0.0.1:6023
2025-04-15 10:17:10 [unit_spider] INFO: 开始发送请求
2025-04-15 10:17:10 [unit_spider] DEBUG: 准备请求URL: https://www.qut.edu.au/study/unit?unitCode=CAB301
2025-04-15 10:17:10 [py.warnings] WARNING: C:\Users\43819\AppData\Local\Programs\Python\Python313\Lib\site-packages\scrapy_splash\middleware.py:498: ScrapyDeprecationWarning: Use of this protected method is deprecated. Consider using its corresponding public method get_slot_key() instead.
  return self.crawler.engine.downloader._get_slot_key(

2025-04-15 10:17:10 [unit_spider] DEBUG: 准备请求URL: https://www.qut.edu.au/study/unit?unitCode=CAB302
2025-04-15 10:17:10 [unit_spider] DEBUG: 准备请求URL: https://www.qut.edu.au/study/unit?unitCode=CAB303
2025-04-15 10:17:10 [unit_spider] DEBUG: 准备请求URL: https://www.qut.edu.au/study/unit?unitCode=CAB401
2025-04-15 10:17:10 [unit_spider] DEBUG: 准备请求URL: https://www.qut.edu.au/study/unit?unitCode=CAB403
2025-04-15 10:17:10 [unit_spider] DEBUG: 准备请求URL: https://www.qut.edu.au/study/unit?unitCode=IFN711
2025-04-15 10:17:15 [scrapy.core.engine] DEBUG: Crawled (200) <GET https://www.qut.edu.au/study/unit?unitCode=CAB301 via http://localhost:8050/execute> (referer: None)
2025-04-15 10:17:15 [unit_spider] INFO: 开始解析页面: https://www.qut.edu.au/study/unit?unitCode=CAB301
2025-04-15 10:17:15 [unit_spider] INFO: 正在处理单元: CAB301
2025-04-15 10:17:15 [unit_spider] DEBUG: 开始提取基本信息
2025-04-15 10:17:15 [unit_spider] DEBUG: 成功提取 unit_code: CAB301...
2025-04-15 10:17:15 [unit_spider] DEBUG: 成功提取 unit_name: Algorithms and Complexity...
2025-04-15 10:17:15 [unit_spider] DEBUG: 成功提取 faculty: Faculty of Science...
2025-04-15 10:17:15 [unit_spider] DEBUG: 成功提取 description: This unit teaches you the fundamental principles used to assess the efficiency of software algorithm...
2025-04-15 10:17:15 [unit_spider] DEBUG: 成功提取 study_area: Science...
2025-04-15 10:17:15 [unit_spider] DEBUG: 成功提取 credit_points: 12...
2025-04-15 10:17:15 [unit_spider] ERROR: 未找到What to expect标签页
2025-04-15 10:17:15 [unit_spider] DEBUG: 页面内容: <!DOCTYPE html><html lang="en" xmlns:og="https://ogp.me/ns#" xmlns:fb="https://www.facebook.com/2008/fbml"><head>
    <meta name="viewport" content="width=device-width, initial-scale=1, shrink-to-fit=no">
    <meta name="theme-color" content="#0066b9">
    <meta http-equiv="x-ua-compatible" content="ie=edge">
    <meta http-equiv="content-type" content="text/html;charset=utf-8">
    
    <meta name="google-site-verification" content="A678Om3_KjlTrYIFf0OPTrnpoFT10Afit4LF4zNpnTQ">
    <meta name="
2025-04-15 10:17:15 [unit_spider] WARNING: 未能提取到unit outline信息: https://www.qut.edu.au/study/unit?unitCode=CAB301
2025-04-15 10:17:15 [unit_spider] INFO: 成功提取单元信息: CAB301
2025-04-15 10:17:15 [unit_spider] DEBUG: 提取的字段: ['unit_code', 'unit_name', 'faculty', 'description', 'study_area', 'credit_points', 'offerings', 'fees', 'prerequisites', 'equivalents']
2025-04-15 10:17:15 [scrapy.core.scraper] DEBUG: Scraped from <200 https://www.qut.edu.au/study/unit?unitCode=CAB301>
{'unit_code': 'CAB301', 'unit_name': 'Algorithms and Complexity', 'faculty': 'Faculty of Science', 'description': 'This unit teaches you the fundamental principles used to assess the efficiency of software algorithms, allowing you to distinguish solutions that can process large amounts of data or perform complex calculations effectively from those that run unacceptably slowly or not at all. In this unit you will examine a range of different algorithms, review the principles used to predict their efficiency and perform empirical measurements of specific algorithms to confirm the theoretical predictions.', 'study_area': 'Science', 'credit_points': 12, 'offerings': [{'teaching_period': 'Semester 1, 2025', 'dates': '24 February 2025 - 21 June 2025', 'locations': ['Gardens Point', 'Gardens Point (Online)']}], 'fees': {'Commonwealth supported place (CSP) student contribution amount': '2025 : $1,164', 'Domestic fee-paying student fee': '2025 : $4,356', 'International student fee (excluding study abroad students)': '2025 : $5,172'}, 'prerequisites': '( CAB201 or ITD121)', 'equivalents': 'INB371'}
2025-04-15 10:17:17 [scrapy.core.engine] DEBUG: Crawled (200) <GET https://www.qut.edu.au/study/unit?unitCode=CAB302 via http://localhost:8050/execute> (referer: None)
2025-04-15 10:17:17 [unit_spider] INFO: 开始解析页面: https://www.qut.edu.au/study/unit?unitCode=CAB302
2025-04-15 10:17:17 [unit_spider] INFO: 正在处理单元: CAB302
2025-04-15 10:17:17 [unit_spider] DEBUG: 开始提取基本信息
2025-04-15 10:17:17 [unit_spider] DEBUG: 成功提取 unit_code: CAB302...
2025-04-15 10:17:17 [unit_spider] DEBUG: 成功提取 unit_name: Software Development...
2025-04-15 10:17:17 [unit_spider] DEBUG: 成功提取 faculty: Faculty of Science...
2025-04-15 10:17:17 [unit_spider] DEBUG: 成功提取 description: This unit teaches you how to work effectively in a team to develop large-scale software systems. It ...
2025-04-15 10:17:17 [unit_spider] DEBUG: 成功提取 study_area: Science...
2025-04-15 10:17:17 [unit_spider] DEBUG: 成功提取 credit_points: 12...
2025-04-15 10:17:17 [unit_spider] ERROR: 未找到What to expect标签页
2025-04-15 10:17:17 [unit_spider] DEBUG: 页面内容: <!DOCTYPE html><html lang="en" xmlns:og="https://ogp.me/ns#" xmlns:fb="https://www.facebook.com/2008/fbml"><head>
    <meta name="viewport" content="width=device-width, initial-scale=1, shrink-to-fit=no">
    <meta name="theme-color" content="#0066b9">
    <meta http-equiv="x-ua-compatible" content="ie=edge">
    <meta http-equiv="content-type" content="text/html;charset=utf-8">
    
    <meta name="google-site-verification" content="A678Om3_KjlTrYIFf0OPTrnpoFT10Afit4LF4zNpnTQ">
    <meta name="
2025-04-15 10:17:17 [unit_spider] WARNING: 未能提取到unit outline信息: https://www.qut.edu.au/study/unit?unitCode=CAB302
2025-04-15 10:17:17 [unit_spider] INFO: 成功提取单元信息: CAB302
2025-04-15 10:17:17 [unit_spider] DEBUG: 提取的字段: ['unit_code', 'unit_name', 'faculty', 'description', 'study_area', 'credit_points', 'offerings', 'fees', 'prerequisites', 'equivalents']
2025-04-15 10:17:17 [scrapy.core.scraper] DEBUG: Scraped from <200 https://www.qut.edu.au/study/unit?unitCode=CAB302>
{'unit_code': 'CAB302', 'unit_name': 'Software Development', 'faculty': 'Faculty of Science', 'description': 'This unit teaches you how to work effectively in a team to develop large-scale software systems. It includes principles of teamwork, modern software development methodologies and tools that are needed when working in a team on a large project.', 'study_area': 'Science', 'credit_points': 12, 'offerings': [{'teaching_period': 'Semester 1, 2025', 'dates': '24 February 2025 - 21 June 2025', 'locations': ['Gardens Point', 'Gardens Point (Online)']}, {'teaching_period': 'Semester 2, 2025', 'dates': '21 July 2025 - 15 November 2025', 'locations': ['Gardens Point', 'Gardens Point (Online)']}], 'fees': {'Commonwealth supported place (CSP) student contribution amount': '2025 : $1,164', 'Domestic fee-paying student fee': '2025 : $4,356', 'International student fee (excluding study abroad students)': '2025 : $5,172'}, 'prerequisites': 'CAB201 or INB270 or ITD121', 'equivalents': 'INB370'}
2025-04-15 10:17:19 [scrapy.core.engine] DEBUG: Crawled (200) <GET https://www.qut.edu.au/study/unit?unitCode=CAB303 via http://localhost:8050/execute> (referer: None)
2025-04-15 10:17:19 [unit_spider] INFO: 开始解析页面: https://www.qut.edu.au/study/unit?unitCode=CAB303
2025-04-15 10:17:19 [unit_spider] INFO: 正在处理单元: None
2025-04-15 10:17:19 [unit_spider] DEBUG: 开始提取基本信息
2025-04-15 10:17:19 [unit_spider] WARNING: 未找到 unit_code
2025-04-15 10:17:19 [unit_spider] WARNING: 未找到 unit_name
2025-04-15 10:17:19 [unit_spider] WARNING: 未找到 faculty
2025-04-15 10:17:19 [unit_spider] WARNING: 未找到 description
2025-04-15 10:17:19 [unit_spider] WARNING: 未找到 study_area
2025-04-15 10:17:19 [unit_spider] WARNING: 未找到 credit_points
2025-04-15 10:17:19 [unit_spider] ERROR: 未找到What to expect标签页
2025-04-15 10:17:19 [unit_spider] DEBUG: 页面内容: <!DOCTYPE html><html lang="en" xmlns:og="https://ogp.me/ns#" xmlns:fb="https://www.facebook.com/2008/fbml"><head>
    <meta name="viewport" content="width=device-width, initial-scale=1, shrink-to-fit=no">
    <meta name="theme-color" content="#0066b9">
    <meta http-equiv="x-ua-compatible" content="ie=edge">
    <meta http-equiv="content-type" content="text/html;charset=utf-8">
    
    <meta name="google-site-verification" content="A678Om3_KjlTrYIFf0OPTrnpoFT10Afit4LF4zNpnTQ">
    <meta name="
2025-04-15 10:17:19 [unit_spider] WARNING: 未能提取到unit outline信息: https://www.qut.edu.au/study/unit?unitCode=CAB303
2025-04-15 10:17:19 [unit_spider] ERROR: 未能提取到任何信息: None
2025-04-15 10:17:19 [scrapy.core.scraper] DEBUG: Scraped from <200 https://www.qut.edu.au/study/unit?unitCode=CAB303>
{}
2025-04-15 10:17:22 [scrapy.core.engine] DEBUG: Crawled (200) <GET https://www.qut.edu.au/study/unit?unitCode=CAB401 via http://localhost:8050/execute> (referer: None)
2025-04-15 10:17:22 [unit_spider] INFO: 开始解析页面: https://www.qut.edu.au/study/unit?unitCode=CAB401
2025-04-15 10:17:22 [unit_spider] INFO: 正在处理单元: CAB401
2025-04-15 10:17:22 [unit_spider] DEBUG: 开始提取基本信息
2025-04-15 10:17:22 [unit_spider] DEBUG: 成功提取 unit_code: CAB401...
2025-04-15 10:17:22 [unit_spider] DEBUG: 成功提取 unit_name: High Performance and Parallel Computing...
2025-04-15 10:17:22 [unit_spider] DEBUG: 成功提取 faculty: Faculty of Science...
2025-04-15 10:17:22 [unit_spider] DEBUG: 成功提取 description: Building on your skills in "sequential" programming, this unit teaches you the tools and techniques ...
2025-04-15 10:17:22 [unit_spider] DEBUG: 成功提取 study_area: Science...
2025-04-15 10:17:22 [unit_spider] DEBUG: 成功提取 credit_points: 12...
2025-04-15 10:17:22 [unit_spider] ERROR: 未找到What to expect标签页
2025-04-15 10:17:22 [unit_spider] DEBUG: 页面内容: <!DOCTYPE html><html lang="en" xmlns:og="https://ogp.me/ns#" xmlns:fb="https://www.facebook.com/2008/fbml"><head>
    <meta name="viewport" content="width=device-width, initial-scale=1, shrink-to-fit=no">
    <meta name="theme-color" content="#0066b9">
    <meta http-equiv="x-ua-compatible" content="ie=edge">
    <meta http-equiv="content-type" content="text/html;charset=utf-8">
    
    <meta name="google-site-verification" content="A678Om3_KjlTrYIFf0OPTrnpoFT10Afit4LF4zNpnTQ">
    <meta name="
2025-04-15 10:17:22 [unit_spider] WARNING: 未能提取到unit outline信息: https://www.qut.edu.au/study/unit?unitCode=CAB401
2025-04-15 10:17:22 [unit_spider] INFO: 成功提取单元信息: CAB401
2025-04-15 10:17:22 [unit_spider] DEBUG: 提取的字段: ['unit_code', 'unit_name', 'faculty', 'description', 'study_area', 'credit_points', 'offerings', 'fees', 'prerequisites', 'equivalents']
2025-04-15 10:17:22 [scrapy.core.scraper] DEBUG: Scraped from <200 https://www.qut.edu.au/study/unit?unitCode=CAB401>
{'unit_code': 'CAB401', 'unit_name': 'High Performance and Parallel Computing', 'faculty': 'Faculty of Science', 'description': 'Building on your skills in "sequential" programming, this unit teaches you the tools and techniques needed to exploit multi-processor computer systems to achieve dramatic performance improvements for computationally intensive problems. This unit gives you both an understanding of why future computer hardware will be increasingly parallel, the challenges this poses for software development as well as a set of practical skills in creating high-performance programs using today\'s best tools and techniques.', 'study_area': 'Science', 'credit_points': 12, 'offerings': [{'teaching_period': 'Semester 2, 2025', 'dates': '21 July 2025 - 15 November 2025', 'locations': ['Gardens Point', 'Gardens Point (Online)']}], 'fees': {'Commonwealth supported place (CSP) student contribution amount': '2025 : $1,164', 'Domestic fee-paying student fee': '2025 : $4,356', 'International student fee (excluding study abroad students)': '2025 : $5,172'}, 'prerequisites': 'IFN584 or (IFN563 and IFN564) or ( IFQ563 and IFQ564 ) or CAB301 or IFN505', 'equivalents': 'INB375'}
2025-04-15 10:17:25 [scrapy.core.engine] DEBUG: Crawled (200) <GET https://www.qut.edu.au/study/unit?unitCode=CAB403 via http://localhost:8050/execute> (referer: None)
2025-04-15 10:17:25 [unit_spider] INFO: 开始解析页面: https://www.qut.edu.au/study/unit?unitCode=CAB403
2025-04-15 10:17:25 [unit_spider] INFO: 正在处理单元: CAB403
2025-04-15 10:17:25 [unit_spider] DEBUG: 开始提取基本信息
2025-04-15 10:17:25 [unit_spider] DEBUG: 成功提取 unit_code: CAB403...
2025-04-15 10:17:25 [unit_spider] DEBUG: 成功提取 unit_name: Systems Programming...
2025-04-15 10:17:25 [unit_spider] DEBUG: 成功提取 faculty: Faculty of Science...
2025-04-15 10:17:25 [unit_spider] DEBUG: 成功提取 description: Most of our other Computer Science units focus on high-level applications programming. Applications ...
2025-04-15 10:17:25 [unit_spider] DEBUG: 成功提取 study_area: Science...
2025-04-15 10:17:25 [unit_spider] DEBUG: 成功提取 credit_points: 12...
2025-04-15 10:17:25 [unit_spider] ERROR: 未找到What to expect标签页
2025-04-15 10:17:25 [unit_spider] DEBUG: 页面内容: <!DOCTYPE html><html lang="en" xmlns:og="https://ogp.me/ns#" xmlns:fb="https://www.facebook.com/2008/fbml"><head>
    <meta name="viewport" content="width=device-width, initial-scale=1, shrink-to-fit=no">
    <meta name="theme-color" content="#0066b9">
    <meta http-equiv="x-ua-compatible" content="ie=edge">
    <meta http-equiv="content-type" content="text/html;charset=utf-8">
    
    <meta name="google-site-verification" content="A678Om3_KjlTrYIFf0OPTrnpoFT10Afit4LF4zNpnTQ">
    <meta name="
2025-04-15 10:17:25 [unit_spider] WARNING: 未能提取到unit outline信息: https://www.qut.edu.au/study/unit?unitCode=CAB403
2025-04-15 10:17:25 [unit_spider] INFO: 成功提取单元信息: CAB403
2025-04-15 10:17:25 [unit_spider] DEBUG: 提取的字段: ['unit_code', 'unit_name', 'faculty', 'description', 'study_area', 'credit_points', 'offerings', 'fees', 'prerequisites', 'antirequisites', 'equivalents']
2025-04-15 10:17:25 [scrapy.core.scraper] DEBUG: Scraped from <200 https://www.qut.edu.au/study/unit?unitCode=CAB403>
{'unit_code': 'CAB403', 'unit_name': 'Systems Programming', 'faculty': 'Faculty of Science', 'description': 'Most of our other Computer Science units focus on high-level applications programming. Applications programmers are insulated from the low- level intricacies of the underlying hardware by making use of services provided by the operating system such as threads, virtual memory, file systems and device drivers. This unit focuses on Systems Programming, where the programmer can’t necessarily rely on high level services provided by the operating system and must interact directly with the underlying hardware. Systems software is either part of the operating system or software that operates at a similar level.&nbsp;This unit aims to give you practical programming skills for developing systems level applications and services.', 'study_area': 'Science', 'credit_points': 12, 'offerings': [{'teaching_period': 'Semester 2, 2025', 'dates': '21 July 2025 - 15 November 2025', 'locations': ['Gardens Point', 'Gardens Point (Online)']}], 'fees': {'Commonwealth supported place (CSP) student contribution amount': '2025 : $1,164', 'Domestic fee-paying student fee': '2025 : $4,356', 'International student fee (excluding study abroad students)': '2025 : $5,172'}, 'prerequisites': '( CAB201 or MZB126 or EGB103 or EGD103 or ITD121) and CAB202', 'antirequisites': 'INN365', 'equivalents': 'INB365, ITB706, ITB745'}
2025-04-15 10:17:27 [scrapy.core.engine] DEBUG: Crawled (200) <GET https://www.qut.edu.au/study/unit?unitCode=IFN711 via http://localhost:8050/execute> (referer: None)
2025-04-15 10:17:27 [unit_spider] INFO: 开始解析页面: https://www.qut.edu.au/study/unit?unitCode=IFN711
2025-04-15 10:17:27 [unit_spider] INFO: 正在处理单元: IFN711
2025-04-15 10:17:27 [unit_spider] DEBUG: 开始提取基本信息
2025-04-15 10:17:27 [unit_spider] DEBUG: 成功提取 unit_code: IFN711...
2025-04-15 10:17:27 [unit_spider] DEBUG: 成功提取 unit_name: IT Industry Project...
2025-04-15 10:17:27 [unit_spider] DEBUG: 成功提取 faculty: Faculty of Science...
2025-04-15 10:17:27 [unit_spider] DEBUG: 成功提取 description: The aim of this unit is to help you apply skills previously attained in your degree in an advanced p...
2025-04-15 10:17:27 [unit_spider] DEBUG: 成功提取 study_area: Science...
2025-04-15 10:17:27 [unit_spider] DEBUG: 成功提取 credit_points: 24...
2025-04-15 10:17:27 [unit_spider] ERROR: 未找到What to expect标签页
2025-04-15 10:17:27 [unit_spider] DEBUG: 页面内容: <!DOCTYPE html><html lang="en" xmlns:og="https://ogp.me/ns#" xmlns:fb="https://www.facebook.com/2008/fbml"><head>
    <meta name="viewport" content="width=device-width, initial-scale=1, shrink-to-fit=no">
    <meta name="theme-color" content="#0066b9">
    <meta http-equiv="x-ua-compatible" content="ie=edge">
    <meta http-equiv="content-type" content="text/html;charset=utf-8">
    
    <meta name="google-site-verification" content="A678Om3_KjlTrYIFf0OPTrnpoFT10Afit4LF4zNpnTQ">
    <meta name="
2025-04-15 10:17:27 [unit_spider] WARNING: 未能提取到unit outline信息: https://www.qut.edu.au/study/unit?unitCode=IFN711
2025-04-15 10:17:27 [unit_spider] INFO: 成功提取单元信息: IFN711
2025-04-15 10:17:27 [unit_spider] DEBUG: 提取的字段: ['unit_code', 'unit_name', 'faculty', 'description', 'study_area', 'credit_points', 'offerings', 'fees', 'prerequisites', 'antirequisites']
2025-04-15 10:17:27 [scrapy.core.scraper] DEBUG: Scraped from <200 https://www.qut.edu.au/study/unit?unitCode=IFN711>
{'unit_code': 'IFN711', 'unit_name': 'IT Industry Project', 'faculty': 'Faculty of Science', 'description': 'The aim of this unit is to help you apply skills previously attained in your degree in an advanced problem domain&nbsp;and to enable you to conduct a well-defined project with specific outcomes. The project addresses an industry&nbsp;problem through the application of IT theories, tools and techniques.&nbsp;You will develop project management skills to lead teams in complex and changing&nbsp;environments. This unit introduces a range of traditional and contemporary project management approaches.&nbsp;', 'study_area': 'Science', 'credit_points': 24, 'offerings': [{'teaching_period': 'Semester 1, 2025', 'dates': '24 February 2025 - 21 June 2025', 'locations': ['Gardens Point']}], 'fees': {'Commonwealth supported place (CSP) student contribution amount': '2025 : $2,328', 'Domestic fee-paying student fee': '2025 : $7,632', 'International student fee (excluding study abroad students)': '2025 : $10,704'}, 'prerequisites': 'Completion of 96cp from (IN20 or IN27) or (Admission to IN23 and Completion of 48cp)', 'antirequisites': 'IFN702'}
2025-04-15 10:17:27 [scrapy.core.engine] INFO: Closing spider (finished)
2025-04-15 10:17:27 [scrapy.statscollectors] INFO: Dumping Scrapy stats:
{'downloader/request_bytes': 9300,
 'downloader/request_count': 6,
 'downloader/request_method_count/POST': 6,
 'downloader/response_bytes': 7533480,
 'downloader/response_count': 6,
 'downloader/response_status_count/200': 6,
 'elapsed_time_seconds': 17.728395,
 'finish_reason': 'finished',
 'finish_time': datetime.datetime(2025, 4, 15, 0, 17, 27, 866654, tzinfo=datetime.timezone.utc),
 'item_scraped_count': 6,
 'items_per_minute': None,
 'log_count/DEBUG': 70,
 'log_count/ERROR': 7,
 'log_count/INFO': 28,
 'log_count/WARNING': 13,
 'response_received_count': 6,
 'responses_per_minute': None,
 'scheduler/dequeued': 12,
 'scheduler/dequeued/memory': 12,
 'scheduler/enqueued': 12,
 'scheduler/enqueued/memory': 12,
 'splash/execute/request_count': 6,
 'splash/execute/response_count/200': 6,
 'start_time': datetime.datetime(2025, 4, 15, 0, 17, 10, 138259, tzinfo=datetime.timezone.utc)}
2025-04-15 10:17:27 [scrapy.core.engine] INFO: Spider closed (finished)
2025-04-15 10:23:53 [unit_spider] INFO: 爬虫初始化开始
2025-04-15 10:23:53 [unit_spider] INFO: 成功读取单元代码: ['CAB301', 'CAB302', 'CAB303', 'CAB401', 'CAB403', 'IFN711']
2025-04-15 10:23:53 [scrapy.addons] INFO: Enabled addons:
[]
2025-04-15 10:23:53 [asyncio] DEBUG: Using selector: SelectSelector
2025-04-15 10:23:53 [scrapy.utils.log] DEBUG: Using reactor: twisted.internet.asyncioreactor.AsyncioSelectorReactor
2025-04-15 10:23:53 [scrapy.utils.log] DEBUG: Using asyncio event loop: asyncio.windows_events._WindowsSelectorEventLoop
2025-04-15 10:23:53 [scrapy.utils.log] DEBUG: Using reactor: twisted.internet.asyncioreactor.AsyncioSelectorReactor
2025-04-15 10:23:53 [scrapy.utils.log] DEBUG: Using asyncio event loop: asyncio.windows_events._WindowsSelectorEventLoop
2025-04-15 10:23:53 [scrapy.extensions.telnet] INFO: Telnet Password: f3b77e9bfb05c498
2025-04-15 10:23:53 [scrapy.middleware] INFO: Enabled extensions:
['scrapy.extensions.corestats.CoreStats',
 'scrapy.extensions.telnet.TelnetConsole',
 'scrapy.extensions.logstats.LogStats']
2025-04-15 10:23:53 [scrapy.crawler] INFO: Overridden settings:
{'BOT_NAME': 'qut_unit_spider',
 'DOWNLOAD_DELAY': 2,
 'DUPEFILTER_CLASS': 'scrapy_splash.SplashAwareDupeFilter',
 'FEED_EXPORT_ENCODING': 'utf-8',
 'LOG_FILE': 'spider_debug.log',
 'NEWSPIDER_MODULE': 'qut_unit_spider.spiders',
 'SPIDER_MODULES': ['qut_unit_spider.spiders'],
 'TWISTED_REACTOR': 'twisted.internet.asyncioreactor.AsyncioSelectorReactor',
 'USER_AGENT': 'Mozilla/5.0 (Windows NT 10.0; Win64; x64) AppleWebKit/537.36 '
               '(KHTML, like Gecko) Chrome/91.0.4472.124 Safari/537.36'}
2025-04-15 10:23:54 [scrapy.middleware] INFO: Enabled downloader middlewares:
['scrapy.downloadermiddlewares.offsite.OffsiteMiddleware',
 'scrapy.downloadermiddlewares.httpauth.HttpAuthMiddleware',
 'scrapy.downloadermiddlewares.downloadtimeout.DownloadTimeoutMiddleware',
 'scrapy.downloadermiddlewares.defaultheaders.DefaultHeadersMiddleware',
 'scrapy.downloadermiddlewares.useragent.UserAgentMiddleware',
 'scrapy.downloadermiddlewares.retry.RetryMiddleware',
 'scrapy.downloadermiddlewares.redirect.MetaRefreshMiddleware',
 'scrapy.downloadermiddlewares.redirect.RedirectMiddleware',
 'scrapy.downloadermiddlewares.cookies.CookiesMiddleware',
 'scrapy_splash.SplashCookiesMiddleware',
 'scrapy_splash.SplashMiddleware',
 'scrapy.downloadermiddlewares.httpproxy.HttpProxyMiddleware',
 'scrapy.downloadermiddlewares.httpcompression.HttpCompressionMiddleware',
 'scrapy.downloadermiddlewares.stats.DownloaderStats']
2025-04-15 10:23:54 [scrapy.middleware] INFO: Enabled spider middlewares:
['scrapy.spidermiddlewares.httperror.HttpErrorMiddleware',
 'scrapy_splash.SplashDeduplicateArgsMiddleware',
 'scrapy.spidermiddlewares.referer.RefererMiddleware',
 'scrapy.spidermiddlewares.urllength.UrlLengthMiddleware',
 'scrapy.spidermiddlewares.depth.DepthMiddleware']
2025-04-15 10:23:54 [scrapy.middleware] INFO: Enabled item pipelines:
[]
2025-04-15 10:23:54 [scrapy.core.engine] INFO: Spider opened
2025-04-15 10:23:54 [scrapy.extensions.logstats] INFO: Crawled 0 pages (at 0 pages/min), scraped 0 items (at 0 items/min)
2025-04-15 10:23:54 [scrapy.extensions.telnet] INFO: Telnet console listening on 127.0.0.1:6023
2025-04-15 10:23:54 [unit_spider] INFO: 开始发送请求
2025-04-15 10:23:54 [unit_spider] DEBUG: 准备请求URL: https://www.qut.edu.au/study/unit?unitCode=CAB301
2025-04-15 10:23:54 [py.warnings] WARNING: C:\Users\43819\AppData\Local\Programs\Python\Python313\Lib\site-packages\scrapy_splash\middleware.py:498: ScrapyDeprecationWarning: Use of this protected method is deprecated. Consider using its corresponding public method get_slot_key() instead.
  return self.crawler.engine.downloader._get_slot_key(

2025-04-15 10:23:54 [unit_spider] DEBUG: 准备请求URL: https://www.qut.edu.au/study/unit?unitCode=CAB302
2025-04-15 10:23:54 [unit_spider] DEBUG: 准备请求URL: https://www.qut.edu.au/study/unit?unitCode=CAB303
2025-04-15 10:23:54 [unit_spider] DEBUG: 准备请求URL: https://www.qut.edu.au/study/unit?unitCode=CAB401
2025-04-15 10:23:54 [unit_spider] DEBUG: 准备请求URL: https://www.qut.edu.au/study/unit?unitCode=CAB403
2025-04-15 10:23:54 [unit_spider] DEBUG: 准备请求URL: https://www.qut.edu.au/study/unit?unitCode=IFN711
2025-04-15 10:24:01 [scrapy.core.engine] DEBUG: Crawled (200) <GET https://www.qut.edu.au/study/unit?unitCode=CAB301 via http://localhost:8050/execute> (referer: None)
2025-04-15 10:24:01 [unit_spider] INFO: 开始解析页面: https://www.qut.edu.au/study/unit?unitCode=CAB301
2025-04-15 10:24:01 [unit_spider] DEBUG: 页面按钮信息:
2025-04-15 10:24:01 [unit_spider] DEBUG: 标签页信息:
2025-04-15 10:24:01 [unit_spider] DEBUG: 可能的大纲元素:
2025-04-15 10:24:01 [unit_spider] INFO: 正在处理单元: CAB301
2025-04-15 10:24:01 [unit_spider] DEBUG: 开始提取基本信息
2025-04-15 10:24:01 [unit_spider] DEBUG: 成功提取 unit_code: CAB301...
2025-04-15 10:24:01 [unit_spider] DEBUG: 成功提取 unit_name: Algorithms and Complexity...
2025-04-15 10:24:01 [unit_spider] DEBUG: 成功提取 faculty: Faculty of Science...
2025-04-15 10:24:01 [unit_spider] DEBUG: 成功提取 description: This unit teaches you the fundamental principles used to assess the efficiency of software algorithm...
2025-04-15 10:24:01 [unit_spider] DEBUG: 成功提取 study_area: Science...
2025-04-15 10:24:01 [unit_spider] DEBUG: 成功提取 credit_points: 12...
2025-04-15 10:24:01 [unit_spider] DEBUG: 找到标签页，使用选择器: //div[contains(@class, "unit-outline")]
2025-04-15 10:24:01 [unit_spider] DEBUG: 找到What to expect标签页
2025-04-15 10:24:01 [unit_spider] DEBUG: 找到overview，使用选择器: .//h4[contains(text(), "Overview")]/following-sibling::p[1]//text()
2025-04-15 10:24:01 [unit_spider] DEBUG: 找到learning outcomes，使用选择器: .//h4[contains(text(), "Learning outcomes")]/following-sibling::ul[1]/li//text()
2025-04-15 10:24:01 [unit_spider] DEBUG: 找到learning approaches，使用选择器: .//h4[contains(text(), "Learning approaches")]/following-sibling::p[1]//text()
2025-04-15 10:24:01 [unit_spider] INFO: 成功提取unit outline信息: ['overview', 'learning_outcomes', 'learning_approaches']
2025-04-15 10:24:01 [unit_spider] INFO: 成功提取单元信息: CAB301
2025-04-15 10:24:01 [unit_spider] DEBUG: 提取的字段: ['unit_code', 'unit_name', 'faculty', 'description', 'study_area', 'credit_points', 'offerings', 'fees', 'prerequisites', 'equivalents', 'unit_outline']
2025-04-15 10:24:01 [scrapy.core.scraper] DEBUG: Scraped from <200 https://www.qut.edu.au/study/unit?unitCode=CAB301>
{'unit_code': 'CAB301', 'unit_name': 'Algorithms and Complexity', 'faculty': 'Faculty of Science', 'description': 'This unit teaches you the fundamental principles used to assess the efficiency of software algorithms, allowing you to distinguish solutions that can process large amounts of data or perform complex calculations effectively from those that run unacceptably slowly or not at all. In this unit you will examine a range of different algorithms, review the principles used to predict their efficiency and perform empirical measurements of specific algorithms to confirm the theoretical predictions.', 'study_area': 'Science', 'credit_points': 12, 'offerings': [{'teaching_period': 'Semester 1, 2025', 'dates': '24 February 2025 - 21 June 2025', 'locations': ['Gardens Point', 'Gardens Point (Online)']}], 'fees': {'Commonwealth supported place (CSP) student contribution amount': '2025 : $1,164', 'Domestic fee-paying student fee': '2025 : $4,356', 'International student fee (excluding study abroad students)': '2025 : $5,172'}, 'prerequisites': '( CAB201 or ITD121)', 'equivalents': 'INB371', 'unit_outline': {'overview': 'This unit teaches you the fundamental principles used to assess the efficiency of software algorithms, allowing you to distinguish solutions that can process large amounts of data or perform complex calculations effectively from those that run unacceptably slowly or not at all. In this unit you will examine a range of different algorithms, review the principles used to predict their efficiency and perform empirical measurements of specific algorithms to confirm the theoretical predictions. This unit teaches you the fundamental principles used to assess the efficiency of software algorithms, allowing you to distinguish solutions that can process large amounts of data or perform complex calculations effectively from those that run unacceptably slowly or not at all. In this unit you will examine a range of different algorithms, review the principles used to predict their efficiency and perform empirical measurements of specific algorithms to confirm the theoretical predictions. This unit teaches you the fundamental principles used to assess the efficiency of software algorithms, allowing you to distinguish solutions that can process large amounts of data or perform complex calculations effectively from those that run unacceptably slowly or not at all. In this unit you will examine a range of different algorithms, review the principles used to predict their efficiency and perform empirical measurements of specific algorithms to confirm the theoretical predictions. This unit teaches you the fundamental principles used to assess the efficiency of software algorithms, allowing you to distinguish solutions that can process large amounts of data or perform complex calculations effectively from those that run unacceptably slowly or not at all. In this unit you will examine a range of different algorithms, review the principles used to predict their efficiency and perform empirical measurements of specific algorithms to confirm the theoretical predictions.', 'learning_outcomes': ['Explain the profound importance of efficiency and its effect on the feasibility of a solution', 'Analyse the time efficiently of algorithms using both theoretical and empirical means', 'Integrate a range of well-known classes of data structures and algorithms to solve real world software problems', 'Design novel algorithms for solving complex computational problems.', 'Write a technical report that meets industry standards for a specialist audience.', 'Explain the profound importance of efficiency and its effect on the feasibility of a solution', 'Analyse the time efficiently of algorithms using both theoretical and empirical means', 'Integrate a range of well-known classes of data structures and algorithms to solve real world software problems', 'Design novel algorithms for solving complex computational problems.', 'Write a technical report that meets industry standards for a specialist audience.', 'Explain the profound importance of efficiency and its effect on the feasibility of a solution', 'Analyse the time efficiently of algorithms using both theoretical and empirical means', 'Integrate a range of well-known classes of data structures and algorithms to solve real world software problems', 'Design novel algorithms for solving complex computational problems.', 'Write a technical report that meets industry standards for a specialist audience.', 'Explain the profound importance of efficiency and its effect on the feasibility of a solution', 'Analyse the time efficiently of algorithms using both theoretical and empirical means', 'Integrate a range of well-known classes of data structures and algorithms to solve real world software problems', 'Design novel algorithms for solving complex computational problems.', 'Write a technical report that meets industry standards for a specialist audience.'], 'learning_approaches': 'This unit is available for you to study in either on-campus or online mode. You can expect to spend 10 hours per week involved in preparing for and attending scheduled classes, preparing and completing assessment tasks as well as independent study and consolidation of your learning. This unit is available for you to study in either on-campus or online mode. You can expect to spend 10 hours per week involved in preparing for and attending scheduled classes, preparing and completing assessment tasks as well as independent study and consolidation of your learning. This unit is available for you to study in either on-campus or online mode. You can expect to spend 10 hours per week involved in preparing for and attending scheduled classes, preparing and completing assessment tasks as well as independent study and consolidation of your learning. This unit is available for you to study in either on-campus or online mode. You can expect to spend 10 hours per week involved in preparing for and attending scheduled classes, preparing and completing assessment tasks as well as independent study and consolidation of your learning.'}}
2025-04-15 10:24:04 [scrapy.core.engine] DEBUG: Crawled (200) <GET https://www.qut.edu.au/study/unit?unitCode=CAB302 via http://localhost:8050/execute> (referer: None)
2025-04-15 10:24:04 [unit_spider] INFO: 开始解析页面: https://www.qut.edu.au/study/unit?unitCode=CAB302
2025-04-15 10:24:04 [unit_spider] DEBUG: 页面按钮信息:
2025-04-15 10:24:04 [unit_spider] DEBUG: 标签页信息:
2025-04-15 10:24:04 [unit_spider] DEBUG: 可能的大纲元素:
2025-04-15 10:24:04 [unit_spider] INFO: 正在处理单元: CAB302
2025-04-15 10:24:04 [unit_spider] DEBUG: 开始提取基本信息
2025-04-15 10:24:04 [unit_spider] DEBUG: 成功提取 unit_code: CAB302...
2025-04-15 10:24:04 [unit_spider] DEBUG: 成功提取 unit_name: Software Development...
2025-04-15 10:24:04 [unit_spider] DEBUG: 成功提取 faculty: Faculty of Science...
2025-04-15 10:24:04 [unit_spider] DEBUG: 成功提取 description: This unit teaches you how to work effectively in a team to develop large-scale software systems. It ...
2025-04-15 10:24:04 [unit_spider] DEBUG: 成功提取 study_area: Science...
2025-04-15 10:24:04 [unit_spider] DEBUG: 成功提取 credit_points: 12...
2025-04-15 10:24:04 [unit_spider] DEBUG: 找到标签页，使用选择器: //div[contains(@class, "unit-outline")]
2025-04-15 10:24:04 [unit_spider] DEBUG: 找到What to expect标签页
2025-04-15 10:24:04 [unit_spider] WARNING: 未能提取到unit outline信息: https://www.qut.edu.au/study/unit?unitCode=CAB302
2025-04-15 10:24:04 [unit_spider] INFO: 成功提取单元信息: CAB302
2025-04-15 10:24:04 [unit_spider] DEBUG: 提取的字段: ['unit_code', 'unit_name', 'faculty', 'description', 'study_area', 'credit_points', 'offerings', 'fees', 'prerequisites', 'equivalents']
2025-04-15 10:24:04 [scrapy.core.scraper] DEBUG: Scraped from <200 https://www.qut.edu.au/study/unit?unitCode=CAB302>
{'unit_code': 'CAB302', 'unit_name': 'Software Development', 'faculty': 'Faculty of Science', 'description': 'This unit teaches you how to work effectively in a team to develop large-scale software systems. It includes principles of teamwork, modern software development methodologies and tools that are needed when working in a team on a large project.', 'study_area': 'Science', 'credit_points': 12, 'offerings': [{'teaching_period': 'Semester 1, 2025', 'dates': '24 February 2025 - 21 June 2025', 'locations': ['Gardens Point', 'Gardens Point (Online)']}, {'teaching_period': 'Semester 2, 2025', 'dates': '21 July 2025 - 15 November 2025', 'locations': ['Gardens Point', 'Gardens Point (Online)']}], 'fees': {'Commonwealth supported place (CSP) student contribution amount': '2025 : $1,164', 'Domestic fee-paying student fee': '2025 : $4,356', 'International student fee (excluding study abroad students)': '2025 : $5,172'}, 'prerequisites': 'CAB201 or INB270 or ITD121', 'equivalents': 'INB370'}
2025-04-15 10:24:05 [scrapy.core.engine] DEBUG: Crawled (200) <GET https://www.qut.edu.au/study/unit?unitCode=CAB303 via http://localhost:8050/execute> (referer: None)
2025-04-15 10:24:05 [unit_spider] INFO: 开始解析页面: https://www.qut.edu.au/study/unit?unitCode=CAB303
2025-04-15 10:24:05 [unit_spider] DEBUG: 页面按钮信息:
2025-04-15 10:24:05 [unit_spider] DEBUG: 标签页信息:
2025-04-15 10:24:05 [unit_spider] DEBUG: 可能的大纲元素:
2025-04-15 10:24:05 [unit_spider] INFO: 正在处理单元: None
2025-04-15 10:24:05 [unit_spider] DEBUG: 开始提取基本信息
2025-04-15 10:24:05 [unit_spider] WARNING: 未找到 unit_code
2025-04-15 10:24:05 [unit_spider] WARNING: 未找到 unit_name
2025-04-15 10:24:05 [unit_spider] WARNING: 未找到 faculty
2025-04-15 10:24:05 [unit_spider] WARNING: 未找到 description
2025-04-15 10:24:05 [unit_spider] WARNING: 未找到 study_area
2025-04-15 10:24:05 [unit_spider] WARNING: 未找到 credit_points
2025-04-15 10:24:05 [unit_spider] WARNING: 未能提取到unit outline信息: https://www.qut.edu.au/study/unit?unitCode=CAB303
2025-04-15 10:24:05 [unit_spider] ERROR: 未能提取到任何信息: None
2025-04-15 10:24:05 [scrapy.core.scraper] DEBUG: Scraped from <200 https://www.qut.edu.au/study/unit?unitCode=CAB303>
{}
2025-04-15 10:24:08 [scrapy.core.engine] DEBUG: Crawled (200) <GET https://www.qut.edu.au/study/unit?unitCode=CAB401 via http://localhost:8050/execute> (referer: None)
2025-04-15 10:24:08 [unit_spider] INFO: 开始解析页面: https://www.qut.edu.au/study/unit?unitCode=CAB401
2025-04-15 10:24:08 [unit_spider] DEBUG: 页面按钮信息:
2025-04-15 10:24:08 [unit_spider] DEBUG: 标签页信息:
2025-04-15 10:24:08 [unit_spider] DEBUG: 可能的大纲元素:
2025-04-15 10:24:08 [unit_spider] INFO: 正在处理单元: CAB401
2025-04-15 10:24:08 [unit_spider] DEBUG: 开始提取基本信息
2025-04-15 10:24:08 [unit_spider] DEBUG: 成功提取 unit_code: CAB401...
2025-04-15 10:24:08 [unit_spider] DEBUG: 成功提取 unit_name: High Performance and Parallel Computing...
2025-04-15 10:24:08 [unit_spider] DEBUG: 成功提取 faculty: Faculty of Science...
2025-04-15 10:24:08 [unit_spider] DEBUG: 成功提取 description: Building on your skills in "sequential" programming, this unit teaches you the tools and techniques ...
2025-04-15 10:24:08 [unit_spider] DEBUG: 成功提取 study_area: Science...
2025-04-15 10:24:08 [unit_spider] DEBUG: 成功提取 credit_points: 12...
2025-04-15 10:24:08 [unit_spider] DEBUG: 找到标签页，使用选择器: //div[contains(@class, "unit-outline")]
2025-04-15 10:24:08 [unit_spider] DEBUG: 找到What to expect标签页
2025-04-15 10:24:08 [unit_spider] WARNING: 未能提取到unit outline信息: https://www.qut.edu.au/study/unit?unitCode=CAB401
2025-04-15 10:24:08 [unit_spider] INFO: 成功提取单元信息: CAB401
2025-04-15 10:24:08 [unit_spider] DEBUG: 提取的字段: ['unit_code', 'unit_name', 'faculty', 'description', 'study_area', 'credit_points', 'offerings', 'fees', 'prerequisites', 'equivalents']
2025-04-15 10:24:08 [scrapy.core.scraper] DEBUG: Scraped from <200 https://www.qut.edu.au/study/unit?unitCode=CAB401>
{'unit_code': 'CAB401', 'unit_name': 'High Performance and Parallel Computing', 'faculty': 'Faculty of Science', 'description': 'Building on your skills in "sequential" programming, this unit teaches you the tools and techniques needed to exploit multi-processor computer systems to achieve dramatic performance improvements for computationally intensive problems. This unit gives you both an understanding of why future computer hardware will be increasingly parallel, the challenges this poses for software development as well as a set of practical skills in creating high-performance programs using today\'s best tools and techniques.', 'study_area': 'Science', 'credit_points': 12, 'offerings': [{'teaching_period': 'Semester 2, 2025', 'dates': '21 July 2025 - 15 November 2025', 'locations': ['Gardens Point', 'Gardens Point (Online)']}], 'fees': {'Commonwealth supported place (CSP) student contribution amount': '2025 : $1,164', 'Domestic fee-paying student fee': '2025 : $4,356', 'International student fee (excluding study abroad students)': '2025 : $5,172'}, 'prerequisites': 'IFN584 or (IFN563 and IFN564) or ( IFQ563 and IFQ564 ) or CAB301 or IFN505', 'equivalents': 'INB375'}
2025-04-15 10:24:09 [scrapy.core.engine] DEBUG: Crawled (200) <GET https://www.qut.edu.au/study/unit?unitCode=CAB403 via http://localhost:8050/execute> (referer: None)
2025-04-15 10:24:09 [unit_spider] INFO: 开始解析页面: https://www.qut.edu.au/study/unit?unitCode=CAB403
2025-04-15 10:24:09 [unit_spider] DEBUG: 页面按钮信息:
2025-04-15 10:24:09 [unit_spider] DEBUG: 标签页信息:
2025-04-15 10:24:09 [unit_spider] DEBUG: 可能的大纲元素:
2025-04-15 10:24:09 [unit_spider] INFO: 正在处理单元: CAB403
2025-04-15 10:24:09 [unit_spider] DEBUG: 开始提取基本信息
2025-04-15 10:24:09 [unit_spider] DEBUG: 成功提取 unit_code: CAB403...
2025-04-15 10:24:09 [unit_spider] DEBUG: 成功提取 unit_name: Systems Programming...
2025-04-15 10:24:09 [unit_spider] DEBUG: 成功提取 faculty: Faculty of Science...
2025-04-15 10:24:09 [unit_spider] DEBUG: 成功提取 description: Most of our other Computer Science units focus on high-level applications programming. Applications ...
2025-04-15 10:24:09 [unit_spider] DEBUG: 成功提取 study_area: Science...
2025-04-15 10:24:09 [unit_spider] DEBUG: 成功提取 credit_points: 12...
2025-04-15 10:24:09 [unit_spider] DEBUG: 找到标签页，使用选择器: //div[contains(@class, "unit-outline")]
2025-04-15 10:24:09 [unit_spider] DEBUG: 找到What to expect标签页
2025-04-15 10:24:09 [unit_spider] DEBUG: 找到overview，使用选择器: .//h4[contains(text(), "Overview")]/following-sibling::p[1]//text()
2025-04-15 10:24:09 [unit_spider] DEBUG: 找到learning outcomes，使用选择器: .//h4[contains(text(), "Learning outcomes")]/following-sibling::ul[1]/li//text()
2025-04-15 10:24:09 [unit_spider] DEBUG: 找到learning approaches，使用选择器: .//h4[contains(text(), "Learning approaches")]/following-sibling::p[1]//text()
2025-04-15 10:24:09 [unit_spider] INFO: 成功提取unit outline信息: ['overview', 'learning_outcomes', 'learning_approaches']
2025-04-15 10:24:09 [unit_spider] INFO: 成功提取单元信息: CAB403
2025-04-15 10:24:09 [unit_spider] DEBUG: 提取的字段: ['unit_code', 'unit_name', 'faculty', 'description', 'study_area', 'credit_points', 'offerings', 'fees', 'prerequisites', 'antirequisites', 'equivalents', 'unit_outline']
2025-04-15 10:24:09 [scrapy.core.scraper] DEBUG: Scraped from <200 https://www.qut.edu.au/study/unit?unitCode=CAB403>
{'unit_code': 'CAB403', 'unit_name': 'Systems Programming', 'faculty': 'Faculty of Science', 'description': 'Most of our other Computer Science units focus on high-level applications programming. Applications programmers are insulated from the low- level intricacies of the underlying hardware by making use of services provided by the operating system such as threads, virtual memory, file systems and device drivers. This unit focuses on Systems Programming, where the programmer can’t necessarily rely on high level services provided by the operating system and must interact directly with the underlying hardware. Systems software is either part of the operating system or software that operates at a similar level.&nbsp;This unit aims to give you practical programming skills for developing systems level applications and services.', 'study_area': 'Science', 'credit_points': 12, 'offerings': [{'teaching_period': 'Semester 2, 2025', 'dates': '21 July 2025 - 15 November 2025', 'locations': ['Gardens Point', 'Gardens Point (Online)']}], 'fees': {'Commonwealth supported place (CSP) student contribution amount': '2025 : $1,164', 'Domestic fee-paying student fee': '2025 : $4,356', 'International student fee (excluding study abroad students)': '2025 : $5,172'}, 'prerequisites': '( CAB201 or MZB126 or EGB103 or EGD103 or ITD121) and CAB202', 'antirequisites': 'INN365', 'equivalents': 'INB365, ITB706, ITB745', 'unit_outline': {'overview': 'Most of our other Computer Science units focus on high-level applications programming. Applications programmers are insulated from the low- level intricacies of the underlying hardware by making use of services provided by the operating system such as threads, virtual memory, file systems and device drivers. This unit focuses on Systems Programming, where the programmer can’t necessarily rely on high level services provided by the operating system and must interact directly with the underlying hardware. Systems software is either part of the operating system or software that operates at a similar level.\xa0This unit aims to give you practical programming skills for developing systems level applications and services. Most of our other Computer Science units focus on high-level applications programming. Applications programmers are insulated from the low- level intricacies of the underlying hardware by making use of services provided by the operating system such as threads, virtual memory, file systems and device drivers. This unit focuses on Systems Programming, where the programmer can’t necessarily rely on high level services provided by the operating system and must interact directly with the underlying hardware. Systems software is either part of the operating system or software that operates at a similar level.\xa0This unit aims to give you practical programming skills for developing systems level applications and services. Most of our other Computer Science units focus on high-level applications programming. Applications programmers are insulated from the low- level intricacies of the underlying hardware by making use of services provided by the operating system such as threads, virtual memory, file systems and device drivers. This unit focuses on Systems Programming, where the programmer can’t necessarily rely on high level services provided by the operating system and must interact directly with the underlying hardware. Systems software is either part of the operating system or software that operates at a similar level.\xa0This unit aims to give you practical programming skills for developing systems level applications and services. Most of our other Computer Science units focus on high-level applications programming. Applications programmers are insulated from the low- level intricacies of the underlying hardware by making use of services provided by the operating system such as threads, virtual memory, file systems and device drivers. This unit focuses on Systems Programming, where the programmer can’t necessarily rely on high level services provided by the operating system and must interact directly with the underlying hardware. Systems software is either part of the operating system or software that operates at a similar level.\xa0This unit aims to give you practical programming skills for developing systems level applications and services.', 'learning_outcomes': ['Break down the architecture and components of modern operating systems.', 'Articulate industry standards and critically apply best practice for developing safety-critical systems.', 'Determine the potential societal and safety impact of systems programming failures in given scenarios.', 'Construct low-level systems programs to carry out authentic systems programming tasks.', 'Break down the architecture and components of modern operating systems.', 'Articulate industry standards and critically apply best practice for developing safety-critical systems.', 'Determine the potential societal and safety impact of systems programming failures in given scenarios.', 'Construct low-level systems programs to carry out authentic systems programming tasks.', 'Break down the architecture and components of modern operating systems.', 'Articulate industry standards and critically apply best practice for developing safety-critical systems.', 'Determine the potential societal and safety impact of systems programming failures in given scenarios.', 'Construct low-level systems programs to carry out authentic systems programming tasks.', 'Break down the architecture and components of modern operating systems.', 'Articulate industry standards and critically apply best practice for developing safety-critical systems.', 'Determine the potential societal and safety impact of systems programming failures in given scenarios.', 'Construct low-level systems programs to carry out authentic systems programming tasks.'], 'learning_approaches': 'This unit includes theory reinforced by practical, artefact-driven projects. Weekly contact is via a lecture and a practical session. The Canvas site contains slides for lectures. However, although the slides contain the content of the unit they are insufficient on their own. You are expected to attend lectures or watch the recorded sessions and take notes on anything the lecturer says which is not included in the slides. More detail can be found in the textbook and online materials. In lectures, where appropriate, examples will be worked out and code explained. The practicals contain exercises relevant to the lectures. You should study the lecture material, work through the exercises and check the answers against the solutions, to verify your understanding of the material. To clarify anything, check with any demonstrator or lecturer associated with this unit either by email or during their normal consulting times. This learning process requires your weekly commitment. The theory portion of the unit is assessed through the final exam and addresses learning outcomes 1, 2 and 3. The assignments involve programming tasks, which address learning outcomes 2 and 4. The practical sessions reinforce the code and theory presented in the lecture. Lab classes for these programming tasks are conducted by demonstrators who will facilitate this vital practical experience. You may use the practical class to ask questions about your assignments. This unit includes theory reinforced by practical, artefact-driven projects. Weekly contact is via a lecture and a practical session. The Canvas site contains slides for lectures. However, although the slides contain the content of the unit they are insufficient on their own. You are expected to attend lectures or watch the recorded sessions and take notes on anything the lecturer says which is not included in the slides. More detail can be found in the textbook and online materials. In lectures, where appropriate, examples will be worked out and code explained. The practicals contain exercises relevant to the lectures. You should study the lecture material, work through the exercises and check the answers against the solutions, to verify your understanding of the material. To clarify anything, check with any demonstrator or lecturer associated with this unit either by email or during their normal consulting times. This learning process requires your weekly commitment. The theory portion of the unit is assessed through the final exam and addresses learning outcomes 1, 2 and 3. The assignments involve programming tasks, which address learning outcomes 2 and 4. The practical sessions reinforce the code and theory presented in the lecture. Lab classes for these programming tasks are conducted by demonstrators who will facilitate this vital practical experience. You may use the practical class to ask questions about your assignments. This unit includes theory reinforced by practical, artefact-driven projects. Weekly contact is via a lecture and a practical session. The Canvas site contains slides for lectures. However, although the slides contain the content of the unit they are insufficient on their own. You are expected to attend lectures or watch the recorded sessions and take notes on anything the lecturer says which is not included in the slides. More detail can be found in the textbook and online materials. In lectures, where appropriate, examples will be worked out and code explained. The practicals contain exercises relevant to the lectures. You should study the lecture material, work through the exercises and check the answers against the solutions, to verify your understanding of the material. To clarify anything, check with any demonstrator or lecturer associated with this unit either by email or during their normal consulting times. This learning process requires your weekly commitment. The theory portion of the unit is assessed through the final exam and addresses learning outcomes 1, 2 and 3. The assignments involve programming tasks, which address learning outcomes 2 and 4. The practical sessions reinforce the code and theory presented in the lecture. Lab classes for these programming tasks are conducted by demonstrators who will facilitate this vital practical experience. You may use the practical class to ask questions about your assignments. This unit includes theory reinforced by practical, artefact-driven projects. Weekly contact is via a lecture and a practical session. The Canvas site contains slides for lectures. However, although the slides contain the content of the unit they are insufficient on their own. You are expected to attend lectures or watch the recorded sessions and take notes on anything the lecturer says which is not included in the slides. More detail can be found in the textbook and online materials. In lectures, where appropriate, examples will be worked out and code explained. The practicals contain exercises relevant to the lectures. You should study the lecture material, work through the exercises and check the answers against the solutions, to verify your understanding of the material. To clarify anything, check with any demonstrator or lecturer associated with this unit either by email or during their normal consulting times. This learning process requires your weekly commitment. The theory portion of the unit is assessed through the final exam and addresses learning outcomes 1, 2 and 3. The assignments involve programming tasks, which address learning outcomes 2 and 4. The practical sessions reinforce the code and theory presented in the lecture. Lab classes for these programming tasks are conducted by demonstrators who will facilitate this vital practical experience. You may use the practical class to ask questions about your assignments.'}}
2025-04-15 10:24:11 [scrapy.core.engine] DEBUG: Crawled (200) <GET https://www.qut.edu.au/study/unit?unitCode=IFN711 via http://localhost:8050/execute> (referer: None)
2025-04-15 10:24:11 [unit_spider] INFO: 开始解析页面: https://www.qut.edu.au/study/unit?unitCode=IFN711
2025-04-15 10:24:11 [unit_spider] DEBUG: 页面按钮信息:
2025-04-15 10:24:11 [unit_spider] DEBUG: 标签页信息:
2025-04-15 10:24:11 [unit_spider] DEBUG: 可能的大纲元素:
2025-04-15 10:24:11 [unit_spider] INFO: 正在处理单元: IFN711
2025-04-15 10:24:11 [unit_spider] DEBUG: 开始提取基本信息
2025-04-15 10:24:11 [unit_spider] DEBUG: 成功提取 unit_code: IFN711...
2025-04-15 10:24:11 [unit_spider] DEBUG: 成功提取 unit_name: IT Industry Project...
2025-04-15 10:24:11 [unit_spider] DEBUG: 成功提取 faculty: Faculty of Science...
2025-04-15 10:24:11 [unit_spider] DEBUG: 成功提取 description: The aim of this unit is to help you apply skills previously attained in your degree in an advanced p...
2025-04-15 10:24:11 [unit_spider] DEBUG: 成功提取 study_area: Science...
2025-04-15 10:24:11 [unit_spider] DEBUG: 成功提取 credit_points: 24...
2025-04-15 10:24:11 [unit_spider] DEBUG: 找到标签页，使用选择器: //div[contains(@class, "unit-outline")]
2025-04-15 10:24:11 [unit_spider] DEBUG: 找到What to expect标签页
2025-04-15 10:24:11 [unit_spider] DEBUG: 找到overview，使用选择器: .//h4[contains(text(), "Overview")]/following-sibling::p[1]//text()
2025-04-15 10:24:11 [unit_spider] DEBUG: 找到learning outcomes，使用选择器: .//h4[contains(text(), "Learning outcomes")]/following-sibling::ul[1]/li//text()
2025-04-15 10:24:11 [unit_spider] DEBUG: 找到learning approaches，使用选择器: .//h4[contains(text(), "Learning approaches")]/following-sibling::p[1]//text()
2025-04-15 10:24:11 [unit_spider] INFO: 成功提取unit outline信息: ['overview', 'learning_outcomes', 'learning_approaches']
2025-04-15 10:24:11 [unit_spider] INFO: 成功提取单元信息: IFN711
2025-04-15 10:24:11 [unit_spider] DEBUG: 提取的字段: ['unit_code', 'unit_name', 'faculty', 'description', 'study_area', 'credit_points', 'offerings', 'fees', 'prerequisites', 'antirequisites', 'unit_outline']
2025-04-15 10:24:11 [scrapy.core.scraper] DEBUG: Scraped from <200 https://www.qut.edu.au/study/unit?unitCode=IFN711>
{'unit_code': 'IFN711', 'unit_name': 'IT Industry Project', 'faculty': 'Faculty of Science', 'description': 'The aim of this unit is to help you apply skills previously attained in your degree in an advanced problem domain&nbsp;and to enable you to conduct a well-defined project with specific outcomes. The project addresses an industry&nbsp;problem through the application of IT theories, tools and techniques.&nbsp;You will develop project management skills to lead teams in complex and changing&nbsp;environments. This unit introduces a range of traditional and contemporary project management approaches.&nbsp;', 'study_area': 'Science', 'credit_points': 24, 'offerings': [{'teaching_period': 'Semester 1, 2025', 'dates': '24 February 2025 - 21 June 2025', 'locations': ['Gardens Point']}], 'fees': {'Commonwealth supported place (CSP) student contribution amount': '2025 : $2,328', 'Domestic fee-paying student fee': '2025 : $7,632', 'International student fee (excluding study abroad students)': '2025 : $10,704'}, 'prerequisites': 'Completion of 96cp from (IN20 or IN27) or (Admission to IN23 and Completion of 48cp)', 'antirequisites': 'IFN702', 'unit_outline': {'overview': 'The aim of this unit is to help you apply skills previously attained in your degree in an advanced problem domain\xa0and to enable you to conduct a well-defined project with specific outcomes. The project addresses an industry\xa0problem through the application of IT theories, tools and techniques.\xa0You will develop project management skills to lead teams in complex and changing\xa0environments. This unit introduces a range of traditional and contemporary project management approaches. The aim of this unit is to help you apply skills previously attained in your degree in an advanced problem domain\xa0and to enable you to conduct a well-defined project with specific outcomes. The project addresses an industry\xa0problem through the application of IT theories, tools and techniques.\xa0You will develop project management skills to lead teams in complex and changing\xa0environments. This unit introduces a range of traditional and contemporary project management approaches.', 'learning_outcomes': ['Integrate advanced specialist disciplinary knowledge and skills in the context of an industry project.', 'Critically analyse a client brief and use novel methods, advanced problem solving, analysis and design skills to achieve an outcome for a client.', 'Demonstrate project management skills including project planning, execution, and closing.', 'Communicate effectively and professionally to diverse audiences in oral and written formats.', 'Work collaboratively in a team environment, to deliver a sophisticated IT system/solution.', 'Demonstrate reflective judgement, professional skills and ethical conduct.', 'Integrate advanced specialist disciplinary knowledge and skills in the context of an industry project.', 'Critically analyse a client brief and use novel methods, advanced problem solving, analysis and design skills to achieve an outcome for a client.', 'Demonstrate project management skills including project planning, execution, and closing.', 'Communicate effectively and professionally to diverse audiences in oral and written formats.', 'Work collaboratively in a team environment, to deliver a sophisticated IT system/solution.', 'Demonstrate reflective judgement, professional skills and ethical conduct.'], 'learning_approaches': 'This unit includes pre-recorded lectures, tutorials sessions, project meetings and optional drop-in sessions. You are expected to attend all tutorial and project meetings. The active learning tutorials\xa0sessions are used to embed and apply project management knowledge and skills, interact with your tutor and work with your team members. This unit includes pre-recorded lectures, tutorials sessions, project meetings and optional drop-in sessions. You are expected to attend all tutorial and project meetings. The active learning tutorials\xa0sessions are used to embed and apply project management knowledge and skills, interact with your tutor and work with your team members.'}}
2025-04-15 10:24:11 [scrapy.core.engine] INFO: Closing spider (finished)
2025-04-15 10:24:11 [scrapy.statscollectors] INFO: Dumping Scrapy stats:
{'downloader/request_bytes': 21540,
 'downloader/request_count': 6,
 'downloader/request_method_count/POST': 6,
 'downloader/response_bytes': 7502324,
 'downloader/response_count': 6,
 'downloader/response_status_count/200': 6,
 'elapsed_time_seconds': 17.476645,
 'finish_reason': 'finished',
 'finish_time': datetime.datetime(2025, 4, 15, 0, 24, 11, 738745, tzinfo=datetime.timezone.utc),
 'item_scraped_count': 6,
 'items_per_minute': None,
 'log_count/DEBUG': 101,
 'log_count/ERROR': 1,
 'log_count/INFO': 31,
 'log_count/WARNING': 10,
 'response_received_count': 6,
 'responses_per_minute': None,
 'scheduler/dequeued': 12,
 'scheduler/dequeued/memory': 12,
 'scheduler/enqueued': 12,
 'scheduler/enqueued/memory': 12,
 'splash/execute/request_count': 6,
 'splash/execute/response_count/200': 6,
 'start_time': datetime.datetime(2025, 4, 15, 0, 23, 54, 262100, tzinfo=datetime.timezone.utc)}
2025-04-15 10:24:11 [scrapy.core.engine] INFO: Spider closed (finished)
2025-04-15 10:27:16 [unit_spider] INFO: 爬虫初始化开始
2025-04-15 10:27:16 [unit_spider] INFO: 成功读取单元代码: ['CAB301', 'CAB302', 'CAB303', 'CAB401', 'CAB403', 'IFN711']
2025-04-15 10:27:16 [scrapy.addons] INFO: Enabled addons:
[]
2025-04-15 10:27:16 [asyncio] DEBUG: Using selector: SelectSelector
2025-04-15 10:27:16 [scrapy.utils.log] DEBUG: Using reactor: twisted.internet.asyncioreactor.AsyncioSelectorReactor
2025-04-15 10:27:16 [scrapy.utils.log] DEBUG: Using asyncio event loop: asyncio.windows_events._WindowsSelectorEventLoop
2025-04-15 10:27:16 [scrapy.utils.log] DEBUG: Using reactor: twisted.internet.asyncioreactor.AsyncioSelectorReactor
2025-04-15 10:27:16 [scrapy.utils.log] DEBUG: Using asyncio event loop: asyncio.windows_events._WindowsSelectorEventLoop
2025-04-15 10:27:16 [scrapy.extensions.telnet] INFO: Telnet Password: c946b11d4c456ec4
2025-04-15 10:27:16 [scrapy.middleware] INFO: Enabled extensions:
['scrapy.extensions.corestats.CoreStats',
 'scrapy.extensions.telnet.TelnetConsole',
 'scrapy.extensions.logstats.LogStats']
2025-04-15 10:27:16 [scrapy.crawler] INFO: Overridden settings:
{'BOT_NAME': 'qut_unit_spider',
 'DOWNLOAD_DELAY': 2,
 'DUPEFILTER_CLASS': 'scrapy_splash.SplashAwareDupeFilter',
 'FEED_EXPORT_ENCODING': 'utf-8',
 'LOG_FILE': 'spider_debug.log',
 'NEWSPIDER_MODULE': 'qut_unit_spider.spiders',
 'SPIDER_MODULES': ['qut_unit_spider.spiders'],
 'TWISTED_REACTOR': 'twisted.internet.asyncioreactor.AsyncioSelectorReactor',
 'USER_AGENT': 'Mozilla/5.0 (Windows NT 10.0; Win64; x64) AppleWebKit/537.36 '
               '(KHTML, like Gecko) Chrome/91.0.4472.124 Safari/537.36'}
2025-04-15 10:27:16 [scrapy.middleware] INFO: Enabled downloader middlewares:
['scrapy.downloadermiddlewares.offsite.OffsiteMiddleware',
 'scrapy.downloadermiddlewares.httpauth.HttpAuthMiddleware',
 'scrapy.downloadermiddlewares.downloadtimeout.DownloadTimeoutMiddleware',
 'scrapy.downloadermiddlewares.defaultheaders.DefaultHeadersMiddleware',
 'scrapy.downloadermiddlewares.useragent.UserAgentMiddleware',
 'scrapy.downloadermiddlewares.retry.RetryMiddleware',
 'scrapy.downloadermiddlewares.redirect.MetaRefreshMiddleware',
 'scrapy.downloadermiddlewares.redirect.RedirectMiddleware',
 'scrapy.downloadermiddlewares.cookies.CookiesMiddleware',
 'scrapy_splash.SplashCookiesMiddleware',
 'scrapy_splash.SplashMiddleware',
 'scrapy.downloadermiddlewares.httpproxy.HttpProxyMiddleware',
 'scrapy.downloadermiddlewares.httpcompression.HttpCompressionMiddleware',
 'scrapy.downloadermiddlewares.stats.DownloaderStats']
2025-04-15 10:27:16 [scrapy.middleware] INFO: Enabled spider middlewares:
['scrapy.spidermiddlewares.httperror.HttpErrorMiddleware',
 'scrapy_splash.SplashDeduplicateArgsMiddleware',
 'scrapy.spidermiddlewares.referer.RefererMiddleware',
 'scrapy.spidermiddlewares.urllength.UrlLengthMiddleware',
 'scrapy.spidermiddlewares.depth.DepthMiddleware']
2025-04-15 10:27:16 [scrapy.middleware] INFO: Enabled item pipelines:
[]
2025-04-15 10:27:16 [scrapy.core.engine] INFO: Spider opened
2025-04-15 10:27:16 [scrapy.extensions.logstats] INFO: Crawled 0 pages (at 0 pages/min), scraped 0 items (at 0 items/min)
2025-04-15 10:27:16 [scrapy.extensions.telnet] INFO: Telnet console listening on 127.0.0.1:6023
2025-04-15 10:27:16 [unit_spider] INFO: 开始发送请求
2025-04-15 10:27:16 [unit_spider] DEBUG: 准备请求URL: https://www.qut.edu.au/study/unit?unitCode=CAB301
2025-04-15 10:27:16 [py.warnings] WARNING: C:\Users\43819\AppData\Local\Programs\Python\Python313\Lib\site-packages\scrapy_splash\middleware.py:498: ScrapyDeprecationWarning: Use of this protected method is deprecated. Consider using its corresponding public method get_slot_key() instead.
  return self.crawler.engine.downloader._get_slot_key(

2025-04-15 10:27:16 [unit_spider] DEBUG: 准备请求URL: https://www.qut.edu.au/study/unit?unitCode=CAB302
2025-04-15 10:27:16 [unit_spider] DEBUG: 准备请求URL: https://www.qut.edu.au/study/unit?unitCode=CAB303
2025-04-15 10:27:16 [unit_spider] DEBUG: 准备请求URL: https://www.qut.edu.au/study/unit?unitCode=CAB401
2025-04-15 10:27:16 [unit_spider] DEBUG: 准备请求URL: https://www.qut.edu.au/study/unit?unitCode=CAB403
2025-04-15 10:27:16 [unit_spider] DEBUG: 准备请求URL: https://www.qut.edu.au/study/unit?unitCode=IFN711
2025-04-15 10:27:23 [scrapy.core.engine] DEBUG: Crawled (200) <GET https://www.qut.edu.au/study/unit?unitCode=CAB301 via http://localhost:8050/execute> (referer: None)
2025-04-15 10:27:23 [unit_spider] INFO: 开始解析页面: https://www.qut.edu.au/study/unit?unitCode=CAB301
2025-04-15 10:27:23 [unit_spider] DEBUG: 开始提取基本信息
2025-04-15 10:27:23 [unit_spider] DEBUG: 成功提取 unit_code: CAB301...
2025-04-15 10:27:23 [unit_spider] DEBUG: 成功提取 unit_name: Algorithms and Complexity...
2025-04-15 10:27:23 [unit_spider] DEBUG: 成功提取 faculty: Faculty of Science...
2025-04-15 10:27:23 [unit_spider] DEBUG: 成功提取 description: This unit teaches you the fundamental principles used to assess the efficiency of software algorithm...
2025-04-15 10:27:23 [unit_spider] DEBUG: 成功提取 study_area: Science...
2025-04-15 10:27:23 [unit_spider] DEBUG: 成功提取 credit_points: 12...
2025-04-15 10:27:23 [unit_spider] WARNING: 未能提取到unit outline信息: https://www.qut.edu.au/study/unit?unitCode=CAB301
2025-04-15 10:27:23 [unit_spider] INFO: 成功提取单元信息: CAB301
2025-04-15 10:27:23 [unit_spider] DEBUG: 提取的字段: ['unit_code', 'unit_name', 'faculty', 'description', 'study_area', 'credit_points', 'offerings', 'fees', 'prerequisites', 'equivalents']
2025-04-15 10:27:23 [scrapy.core.scraper] DEBUG: Scraped from <200 https://www.qut.edu.au/study/unit?unitCode=CAB301>
{'unit_code': 'CAB301', 'unit_name': 'Algorithms and Complexity', 'faculty': 'Faculty of Science', 'description': 'This unit teaches you the fundamental principles used to assess the efficiency of software algorithms, allowing you to distinguish solutions that can process large amounts of data or perform complex calculations effectively from those that run unacceptably slowly or not at all. In this unit you will examine a range of different algorithms, review the principles used to predict their efficiency and perform empirical measurements of specific algorithms to confirm the theoretical predictions.', 'study_area': 'Science', 'credit_points': 12, 'offerings': [{'teaching_period': 'Semester 1, 2025', 'dates': '24 February 2025 - 21 June 2025', 'locations': ['Gardens Point', 'Gardens Point (Online)']}], 'fees': {'Commonwealth supported place (CSP) student contribution amount': '2025 : $1,164', 'Domestic fee-paying student fee': '2025 : $4,356', 'International student fee (excluding study abroad students)': '2025 : $5,172'}, 'prerequisites': '( CAB201 or ITD121)', 'equivalents': 'INB371'}
2025-04-15 10:27:26 [scrapy.core.engine] DEBUG: Crawled (200) <GET https://www.qut.edu.au/study/unit?unitCode=CAB302 via http://localhost:8050/execute> (referer: None)
2025-04-15 10:27:26 [unit_spider] INFO: 开始解析页面: https://www.qut.edu.au/study/unit?unitCode=CAB302
2025-04-15 10:27:26 [unit_spider] DEBUG: 开始提取基本信息
2025-04-15 10:27:26 [unit_spider] DEBUG: 成功提取 unit_code: CAB302...
2025-04-15 10:27:26 [unit_spider] DEBUG: 成功提取 unit_name: Software Development...
2025-04-15 10:27:26 [unit_spider] DEBUG: 成功提取 faculty: Faculty of Science...
2025-04-15 10:27:26 [unit_spider] DEBUG: 成功提取 description: This unit teaches you how to work effectively in a team to develop large-scale software systems. It ...
2025-04-15 10:27:26 [unit_spider] DEBUG: 成功提取 study_area: Science...
2025-04-15 10:27:26 [unit_spider] DEBUG: 成功提取 credit_points: 12...
2025-04-15 10:27:26 [unit_spider] WARNING: 未能提取到unit outline信息: https://www.qut.edu.au/study/unit?unitCode=CAB302
2025-04-15 10:27:26 [unit_spider] INFO: 成功提取单元信息: CAB302
2025-04-15 10:27:26 [unit_spider] DEBUG: 提取的字段: ['unit_code', 'unit_name', 'faculty', 'description', 'study_area', 'credit_points', 'offerings', 'fees', 'prerequisites', 'equivalents']
2025-04-15 10:27:26 [scrapy.core.scraper] DEBUG: Scraped from <200 https://www.qut.edu.au/study/unit?unitCode=CAB302>
{'unit_code': 'CAB302', 'unit_name': 'Software Development', 'faculty': 'Faculty of Science', 'description': 'This unit teaches you how to work effectively in a team to develop large-scale software systems. It includes principles of teamwork, modern software development methodologies and tools that are needed when working in a team on a large project.', 'study_area': 'Science', 'credit_points': 12, 'offerings': [{'teaching_period': 'Semester 1, 2025', 'dates': '24 February 2025 - 21 June 2025', 'locations': ['Gardens Point', 'Gardens Point (Online)']}, {'teaching_period': 'Semester 2, 2025', 'dates': '21 July 2025 - 15 November 2025', 'locations': ['Gardens Point', 'Gardens Point (Online)']}], 'fees': {'Commonwealth supported place (CSP) student contribution amount': '2025 : $1,164', 'Domestic fee-paying student fee': '2025 : $4,356', 'International student fee (excluding study abroad students)': '2025 : $5,172'}, 'prerequisites': 'CAB201 or INB270 or ITD121', 'equivalents': 'INB370'}
2025-04-15 10:27:28 [scrapy.core.engine] DEBUG: Crawled (200) <GET https://www.qut.edu.au/study/unit?unitCode=CAB303 via http://localhost:8050/execute> (referer: None)
2025-04-15 10:27:28 [unit_spider] INFO: 开始解析页面: https://www.qut.edu.au/study/unit?unitCode=CAB303
2025-04-15 10:27:28 [unit_spider] DEBUG: 开始提取基本信息
2025-04-15 10:27:28 [unit_spider] WARNING: 未找到 unit_code
2025-04-15 10:27:28 [unit_spider] WARNING: 未找到 unit_name
2025-04-15 10:27:28 [unit_spider] WARNING: 未找到 faculty
2025-04-15 10:27:28 [unit_spider] WARNING: 未找到 description
2025-04-15 10:27:28 [unit_spider] WARNING: 未找到 study_area
2025-04-15 10:27:28 [unit_spider] WARNING: 未找到 credit_points
2025-04-15 10:27:28 [unit_spider] WARNING: 未能提取到unit outline信息: https://www.qut.edu.au/study/unit?unitCode=CAB303
2025-04-15 10:27:28 [unit_spider] ERROR: 未能提取到任何信息: https://www.qut.edu.au/study/unit?unitCode=CAB303
2025-04-15 10:27:28 [scrapy.core.scraper] DEBUG: Scraped from <200 https://www.qut.edu.au/study/unit?unitCode=CAB303>
{}
2025-04-15 10:27:31 [scrapy.core.engine] DEBUG: Crawled (200) <GET https://www.qut.edu.au/study/unit?unitCode=CAB401 via http://localhost:8050/execute> (referer: None)
2025-04-15 10:27:31 [unit_spider] INFO: 开始解析页面: https://www.qut.edu.au/study/unit?unitCode=CAB401
2025-04-15 10:27:31 [unit_spider] DEBUG: 开始提取基本信息
2025-04-15 10:27:31 [unit_spider] DEBUG: 成功提取 unit_code: CAB401...
2025-04-15 10:27:31 [unit_spider] DEBUG: 成功提取 unit_name: High Performance and Parallel Computing...
2025-04-15 10:27:31 [unit_spider] DEBUG: 成功提取 faculty: Faculty of Science...
2025-04-15 10:27:31 [unit_spider] DEBUG: 成功提取 description: Building on your skills in "sequential" programming, this unit teaches you the tools and techniques ...
2025-04-15 10:27:31 [unit_spider] DEBUG: 成功提取 study_area: Science...
2025-04-15 10:27:31 [unit_spider] DEBUG: 成功提取 credit_points: 12...
2025-04-15 10:27:31 [unit_spider] WARNING: 未能提取到unit outline信息: https://www.qut.edu.au/study/unit?unitCode=CAB401
2025-04-15 10:27:31 [unit_spider] INFO: 成功提取单元信息: CAB401
2025-04-15 10:27:31 [unit_spider] DEBUG: 提取的字段: ['unit_code', 'unit_name', 'faculty', 'description', 'study_area', 'credit_points', 'offerings', 'fees', 'prerequisites', 'equivalents']
2025-04-15 10:27:31 [scrapy.core.scraper] DEBUG: Scraped from <200 https://www.qut.edu.au/study/unit?unitCode=CAB401>
{'unit_code': 'CAB401', 'unit_name': 'High Performance and Parallel Computing', 'faculty': 'Faculty of Science', 'description': 'Building on your skills in "sequential" programming, this unit teaches you the tools and techniques needed to exploit multi-processor computer systems to achieve dramatic performance improvements for computationally intensive problems. This unit gives you both an understanding of why future computer hardware will be increasingly parallel, the challenges this poses for software development as well as a set of practical skills in creating high-performance programs using today\'s best tools and techniques.', 'study_area': 'Science', 'credit_points': 12, 'offerings': [{'teaching_period': 'Semester 2, 2025', 'dates': '21 July 2025 - 15 November 2025', 'locations': ['Gardens Point', 'Gardens Point (Online)']}], 'fees': {'Commonwealth supported place (CSP) student contribution amount': '2025 : $1,164', 'Domestic fee-paying student fee': '2025 : $4,356', 'International student fee (excluding study abroad students)': '2025 : $5,172'}, 'prerequisites': 'IFN584 or (IFN563 and IFN564) or ( IFQ563 and IFQ564 ) or CAB301 or IFN505', 'equivalents': 'INB375'}
2025-04-15 10:27:33 [scrapy.core.engine] DEBUG: Crawled (200) <GET https://www.qut.edu.au/study/unit?unitCode=CAB403 via http://localhost:8050/execute> (referer: None)
2025-04-15 10:27:33 [unit_spider] INFO: 开始解析页面: https://www.qut.edu.au/study/unit?unitCode=CAB403
2025-04-15 10:27:33 [unit_spider] DEBUG: 开始提取基本信息
2025-04-15 10:27:33 [unit_spider] DEBUG: 成功提取 unit_code: CAB403...
2025-04-15 10:27:33 [unit_spider] DEBUG: 成功提取 unit_name: Systems Programming...
2025-04-15 10:27:33 [unit_spider] DEBUG: 成功提取 faculty: Faculty of Science...
2025-04-15 10:27:33 [unit_spider] DEBUG: 成功提取 description: Most of our other Computer Science units focus on high-level applications programming. Applications ...
2025-04-15 10:27:33 [unit_spider] DEBUG: 成功提取 study_area: Science...
2025-04-15 10:27:33 [unit_spider] DEBUG: 成功提取 credit_points: 12...
2025-04-15 10:27:33 [unit_spider] WARNING: 未能提取到unit outline信息: https://www.qut.edu.au/study/unit?unitCode=CAB403
2025-04-15 10:27:33 [unit_spider] INFO: 成功提取单元信息: CAB403
2025-04-15 10:27:33 [unit_spider] DEBUG: 提取的字段: ['unit_code', 'unit_name', 'faculty', 'description', 'study_area', 'credit_points', 'offerings', 'fees', 'prerequisites', 'antirequisites', 'equivalents']
2025-04-15 10:27:33 [scrapy.core.scraper] DEBUG: Scraped from <200 https://www.qut.edu.au/study/unit?unitCode=CAB403>
{'unit_code': 'CAB403', 'unit_name': 'Systems Programming', 'faculty': 'Faculty of Science', 'description': 'Most of our other Computer Science units focus on high-level applications programming. Applications programmers are insulated from the low- level intricacies of the underlying hardware by making use of services provided by the operating system such as threads, virtual memory, file systems and device drivers. This unit focuses on Systems Programming, where the programmer can’t necessarily rely on high level services provided by the operating system and must interact directly with the underlying hardware. Systems software is either part of the operating system or software that operates at a similar level.&nbsp;This unit aims to give you practical programming skills for developing systems level applications and services.', 'study_area': 'Science', 'credit_points': 12, 'offerings': [{'teaching_period': 'Semester 2, 2025', 'dates': '21 July 2025 - 15 November 2025', 'locations': ['Gardens Point', 'Gardens Point (Online)']}], 'fees': {'Commonwealth supported place (CSP) student contribution amount': '2025 : $1,164', 'Domestic fee-paying student fee': '2025 : $4,356', 'International student fee (excluding study abroad students)': '2025 : $5,172'}, 'prerequisites': '( CAB201 or MZB126 or EGB103 or EGD103 or ITD121) and CAB202', 'antirequisites': 'INN365', 'equivalents': 'INB365, ITB706, ITB745'}
2025-04-15 10:27:36 [scrapy.core.engine] DEBUG: Crawled (200) <GET https://www.qut.edu.au/study/unit?unitCode=IFN711 via http://localhost:8050/execute> (referer: None)
2025-04-15 10:27:36 [unit_spider] INFO: 开始解析页面: https://www.qut.edu.au/study/unit?unitCode=IFN711
2025-04-15 10:27:36 [unit_spider] DEBUG: 开始提取基本信息
2025-04-15 10:27:36 [unit_spider] DEBUG: 成功提取 unit_code: IFN711...
2025-04-15 10:27:36 [unit_spider] DEBUG: 成功提取 unit_name: IT Industry Project...
2025-04-15 10:27:36 [unit_spider] DEBUG: 成功提取 faculty: Faculty of Science...
2025-04-15 10:27:36 [unit_spider] DEBUG: 成功提取 description: The aim of this unit is to help you apply skills previously attained in your degree in an advanced p...
2025-04-15 10:27:36 [unit_spider] DEBUG: 成功提取 study_area: Science...
2025-04-15 10:27:36 [unit_spider] DEBUG: 成功提取 credit_points: 24...
2025-04-15 10:27:36 [unit_spider] WARNING: 未能提取到unit outline信息: https://www.qut.edu.au/study/unit?unitCode=IFN711
2025-04-15 10:27:36 [unit_spider] INFO: 成功提取单元信息: IFN711
2025-04-15 10:27:36 [unit_spider] DEBUG: 提取的字段: ['unit_code', 'unit_name', 'faculty', 'description', 'study_area', 'credit_points', 'offerings', 'fees', 'prerequisites', 'antirequisites']
2025-04-15 10:27:36 [scrapy.core.scraper] DEBUG: Scraped from <200 https://www.qut.edu.au/study/unit?unitCode=IFN711>
{'unit_code': 'IFN711', 'unit_name': 'IT Industry Project', 'faculty': 'Faculty of Science', 'description': 'The aim of this unit is to help you apply skills previously attained in your degree in an advanced problem domain&nbsp;and to enable you to conduct a well-defined project with specific outcomes. The project addresses an industry&nbsp;problem through the application of IT theories, tools and techniques.&nbsp;You will develop project management skills to lead teams in complex and changing&nbsp;environments. This unit introduces a range of traditional and contemporary project management approaches.&nbsp;', 'study_area': 'Science', 'credit_points': 24, 'offerings': [{'teaching_period': 'Semester 1, 2025', 'dates': '24 February 2025 - 21 June 2025', 'locations': ['Gardens Point']}], 'fees': {'Commonwealth supported place (CSP) student contribution amount': '2025 : $2,328', 'Domestic fee-paying student fee': '2025 : $7,632', 'International student fee (excluding study abroad students)': '2025 : $10,704'}, 'prerequisites': 'Completion of 96cp from (IN20 or IN27) or (Admission to IN23 and Completion of 48cp)', 'antirequisites': 'IFN702'}
2025-04-15 10:27:36 [scrapy.core.engine] INFO: Closing spider (finished)
2025-04-15 10:27:36 [scrapy.statscollectors] INFO: Dumping Scrapy stats:
{'downloader/request_bytes': 21540,
 'downloader/request_count': 6,
 'downloader/request_method_count/POST': 6,
 'downloader/response_bytes': 7515868,
 'downloader/response_count': 6,
 'downloader/response_status_count/200': 6,
 'elapsed_time_seconds': 20.261434,
 'finish_reason': 'finished',
 'finish_time': datetime.datetime(2025, 4, 15, 0, 27, 36, 939932, tzinfo=datetime.timezone.utc),
 'item_scraped_count': 6,
 'items_per_minute': None,
 'log_count/DEBUG': 64,
 'log_count/ERROR': 1,
 'log_count/INFO': 22,
 'log_count/WARNING': 13,
 'response_received_count': 6,
 'responses_per_minute': None,
 'scheduler/dequeued': 12,
 'scheduler/dequeued/memory': 12,
 'scheduler/enqueued': 12,
 'scheduler/enqueued/memory': 12,
 'splash/execute/request_count': 6,
 'splash/execute/response_count/200': 6,
 'start_time': datetime.datetime(2025, 4, 15, 0, 27, 16, 678498, tzinfo=datetime.timezone.utc)}
2025-04-15 10:27:36 [scrapy.core.engine] INFO: Spider closed (finished)
2025-04-15 10:40:09 [unit_spider] INFO: 爬虫初始化开始
2025-04-15 10:40:09 [unit_spider] INFO: 成功读取单元代码: ['CAB301', 'CAB302', 'CAB303', 'CAB401', 'CAB403', 'IFN711']
2025-04-15 10:40:09 [scrapy.addons] INFO: Enabled addons:
[]
2025-04-15 10:40:09 [asyncio] DEBUG: Using selector: SelectSelector
2025-04-15 10:40:09 [scrapy.utils.log] DEBUG: Using reactor: twisted.internet.asyncioreactor.AsyncioSelectorReactor
2025-04-15 10:40:09 [scrapy.utils.log] DEBUG: Using asyncio event loop: asyncio.windows_events._WindowsSelectorEventLoop
2025-04-15 10:40:09 [scrapy.utils.log] DEBUG: Using reactor: twisted.internet.asyncioreactor.AsyncioSelectorReactor
2025-04-15 10:40:09 [scrapy.utils.log] DEBUG: Using asyncio event loop: asyncio.windows_events._WindowsSelectorEventLoop
2025-04-15 10:40:09 [scrapy.extensions.telnet] INFO: Telnet Password: 0defce47c601e65d
2025-04-15 10:40:09 [scrapy.middleware] INFO: Enabled extensions:
['scrapy.extensions.corestats.CoreStats',
 'scrapy.extensions.telnet.TelnetConsole',
 'scrapy.extensions.logstats.LogStats']
2025-04-15 10:40:09 [scrapy.crawler] INFO: Overridden settings:
{'BOT_NAME': 'qut_unit_spider',
 'DOWNLOAD_DELAY': 2,
 'DUPEFILTER_CLASS': 'scrapy_splash.SplashAwareDupeFilter',
 'FEED_EXPORT_ENCODING': 'utf-8',
 'LOG_FILE': 'spider_debug.log',
 'NEWSPIDER_MODULE': 'qut_unit_spider.spiders',
 'SPIDER_MODULES': ['qut_unit_spider.spiders'],
 'TWISTED_REACTOR': 'twisted.internet.asyncioreactor.AsyncioSelectorReactor',
 'USER_AGENT': 'Mozilla/5.0 (Windows NT 10.0; Win64; x64) AppleWebKit/537.36 '
               '(KHTML, like Gecko) Chrome/91.0.4472.124 Safari/537.36'}
2025-04-15 10:40:10 [scrapy.middleware] INFO: Enabled downloader middlewares:
['scrapy.downloadermiddlewares.offsite.OffsiteMiddleware',
 'scrapy.downloadermiddlewares.httpauth.HttpAuthMiddleware',
 'scrapy.downloadermiddlewares.downloadtimeout.DownloadTimeoutMiddleware',
 'scrapy.downloadermiddlewares.defaultheaders.DefaultHeadersMiddleware',
 'scrapy.downloadermiddlewares.useragent.UserAgentMiddleware',
 'scrapy.downloadermiddlewares.retry.RetryMiddleware',
 'scrapy.downloadermiddlewares.redirect.MetaRefreshMiddleware',
 'scrapy.downloadermiddlewares.redirect.RedirectMiddleware',
 'scrapy.downloadermiddlewares.cookies.CookiesMiddleware',
 'scrapy_splash.SplashCookiesMiddleware',
 'scrapy_splash.SplashMiddleware',
 'scrapy.downloadermiddlewares.httpproxy.HttpProxyMiddleware',
 'scrapy.downloadermiddlewares.httpcompression.HttpCompressionMiddleware',
 'scrapy.downloadermiddlewares.stats.DownloaderStats']
2025-04-15 10:40:10 [scrapy.middleware] INFO: Enabled spider middlewares:
['scrapy.spidermiddlewares.httperror.HttpErrorMiddleware',
 'scrapy_splash.SplashDeduplicateArgsMiddleware',
 'scrapy.spidermiddlewares.referer.RefererMiddleware',
 'scrapy.spidermiddlewares.urllength.UrlLengthMiddleware',
 'scrapy.spidermiddlewares.depth.DepthMiddleware']
2025-04-15 10:40:10 [scrapy.middleware] INFO: Enabled item pipelines:
[]
2025-04-15 10:40:10 [scrapy.core.engine] INFO: Spider opened
2025-04-15 10:40:10 [scrapy.extensions.logstats] INFO: Crawled 0 pages (at 0 pages/min), scraped 0 items (at 0 items/min)
2025-04-15 10:40:10 [scrapy.extensions.telnet] INFO: Telnet console listening on 127.0.0.1:6023
2025-04-15 10:40:10 [unit_spider] INFO: 开始发送请求
2025-04-15 10:40:10 [unit_spider] DEBUG: 准备请求URL: https://www.qut.edu.au/study/unit?unitCode=CAB301
2025-04-15 10:40:10 [unit_spider] DEBUG: 准备请求URL: https://www.qut.edu.au/study/unit?unitCode=CAB302
2025-04-15 10:40:10 [unit_spider] DEBUG: 准备请求URL: https://www.qut.edu.au/study/unit?unitCode=CAB303
2025-04-15 10:40:10 [unit_spider] DEBUG: 准备请求URL: https://www.qut.edu.au/study/unit?unitCode=CAB401
2025-04-15 10:40:10 [unit_spider] DEBUG: 准备请求URL: https://www.qut.edu.au/study/unit?unitCode=CAB403
2025-04-15 10:40:10 [unit_spider] DEBUG: 准备请求URL: https://www.qut.edu.au/study/unit?unitCode=IFN711
2025-04-15 10:40:11 [scrapy.core.engine] DEBUG: Crawled (200) <GET https://www.qut.edu.au/study/unit?unitCode=CAB301> (referer: None)
2025-04-15 10:40:11 [unit_spider] INFO: 开始解析页面: https://www.qut.edu.au/study/unit?unitCode=CAB301
2025-04-15 10:40:11 [unit_spider] DEBUG: 开始提取基本信息
2025-04-15 10:40:11 [unit_spider] INFO: 成功提取单元信息: CAB301
2025-04-15 10:40:11 [unit_spider] DEBUG: 提取的字段: ['unit_code', 'unit_name', 'faculty', 'description', 'study_area', 'credit_points', 'prerequisites', 'antirequisites', 'corequisites', 'equivalents', 'assumed_knowledge']
2025-04-15 10:40:11 [scrapy.core.scraper] DEBUG: Scraped from <200 https://www.qut.edu.au/study/unit?unitCode=CAB301>
{'unit_code': 'CAB301', 'unit_name': 'Algorithms and Complexity', 'faculty': 'Faculty of Science', 'description': 'This unit teaches you the fundamental principles used to assess the efficiency of software algorithms, allowing you to distinguish solutions that can process large amounts of data or perform complex calculations effectively from those that run unacceptably slowly or not at all. In this unit you will examine a range of different algorithms, review the principles used to predict their efficiency and perform empirical measurements of specific algorithms to confirm the theoretical predictions.', 'study_area': 'Science', 'credit_points': 12, 'prerequisites': '( CAB201 or ITD121) To enrol in this unit, you must have completed these prerequisite units (or have credit, advanced standing or exemption for them), or be able to demonstrate that you have equivalent background knowledge.', 'antirequisites': 'You can’t enrol in this unit if you have completed any of these anti-requisite units.', 'corequisites': 'To enrol in this unit, you must have already completed these co-requisite units, or you must enrol in them at the same time.', 'equivalents': 'INB371 You can’t enrol in this unit if you have completed any of these equivalent units.', 'assumed_knowledge': 'We assume that you have a minimum level of knowledge in certain areas before you start this unit.'}
2025-04-15 10:40:13 [scrapy.core.engine] DEBUG: Crawled (200) <GET https://www.qut.edu.au/study/unit?unitCode=CAB302> (referer: None)
2025-04-15 10:40:13 [unit_spider] INFO: 开始解析页面: https://www.qut.edu.au/study/unit?unitCode=CAB302
2025-04-15 10:40:13 [unit_spider] DEBUG: 开始提取基本信息
2025-04-15 10:40:13 [unit_spider] INFO: 成功提取单元信息: CAB302
2025-04-15 10:40:13 [unit_spider] DEBUG: 提取的字段: ['unit_code', 'unit_name', 'faculty', 'description', 'study_area', 'credit_points', 'prerequisites', 'antirequisites', 'corequisites', 'equivalents', 'assumed_knowledge']
2025-04-15 10:40:13 [scrapy.core.scraper] DEBUG: Scraped from <200 https://www.qut.edu.au/study/unit?unitCode=CAB302>
{'unit_code': 'CAB302', 'unit_name': 'Software Development', 'faculty': 'Faculty of Science', 'description': 'This unit teaches you how to work effectively in a team to develop large-scale software systems. It includes principles of teamwork, modern software development methodologies and tools that are needed when working in a team on a large project.', 'study_area': 'Science', 'credit_points': 12, 'prerequisites': 'CAB201 or INB270 or ITD121 To enrol in this unit, you must have completed these prerequisite units (or have credit, advanced standing or exemption for them), or be able to demonstrate that you have equivalent background knowledge.', 'antirequisites': 'You can’t enrol in this unit if you have completed any of these anti-requisite units.', 'corequisites': 'To enrol in this unit, you must have already completed these co-requisite units, or you must enrol in them at the same time.', 'equivalents': 'INB370 You can’t enrol in this unit if you have completed any of these equivalent units.', 'assumed_knowledge': 'We assume that you have a minimum level of knowledge in certain areas before you start this unit.'}
2025-04-15 10:40:16 [scrapy.core.engine] DEBUG: Crawled (200) <GET https://www.qut.edu.au/study/unit?unitCode=CAB303> (referer: None)
2025-04-15 10:40:16 [unit_spider] INFO: 开始解析页面: https://www.qut.edu.au/study/unit?unitCode=CAB303
2025-04-15 10:40:16 [unit_spider] DEBUG: 开始提取基本信息
2025-04-15 10:40:16 [unit_spider] ERROR: 未能提取到unit code: https://www.qut.edu.au/study/unit?unitCode=CAB303
2025-04-15 10:40:16 [scrapy.core.scraper] DEBUG: Scraped from <200 https://www.qut.edu.au/study/unit?unitCode=CAB303>
{}
2025-04-15 10:40:18 [scrapy.core.engine] DEBUG: Crawled (200) <GET https://www.qut.edu.au/study/unit?unitCode=CAB401> (referer: None)
2025-04-15 10:40:18 [unit_spider] INFO: 开始解析页面: https://www.qut.edu.au/study/unit?unitCode=CAB401
2025-04-15 10:40:18 [unit_spider] DEBUG: 开始提取基本信息
2025-04-15 10:40:18 [unit_spider] INFO: 成功提取单元信息: CAB401
2025-04-15 10:40:18 [unit_spider] DEBUG: 提取的字段: ['unit_code', 'unit_name', 'faculty', 'description', 'study_area', 'credit_points', 'prerequisites', 'antirequisites', 'corequisites', 'equivalents', 'assumed_knowledge']
2025-04-15 10:40:18 [scrapy.core.scraper] DEBUG: Scraped from <200 https://www.qut.edu.au/study/unit?unitCode=CAB401>
{'unit_code': 'CAB401', 'unit_name': 'High Performance and Parallel Computing', 'faculty': 'Faculty of Science', 'description': 'Building on your skills in "sequential" programming, this unit teaches you the tools and techniques needed to exploit multi-processor computer systems to achieve dramatic performance improvements for computationally intensive problems. This unit gives you both an understanding of why future computer hardware will be increasingly parallel, the challenges this poses for software development as well as a set of practical skills in creating high-performance programs using today\'s best tools and techniques.', 'study_area': 'Science', 'credit_points': 12, 'prerequisites': 'IFN584 or (IFN563 and IFN564) or ( IFQ563 and IFQ564 ) or CAB301 or IFN505 To enrol in this unit, you must have completed these prerequisite units (or have credit, advanced standing or exemption for them), or be able to demonstrate that you have equivalent background knowledge.', 'antirequisites': 'You can’t enrol in this unit if you have completed any of these anti-requisite units.', 'corequisites': 'To enrol in this unit, you must have already completed these co-requisite units, or you must enrol in them at the same time.', 'equivalents': 'INB375 You can’t enrol in this unit if you have completed any of these equivalent units.', 'assumed_knowledge': 'We assume that you have a minimum level of knowledge in certain areas before you start this unit.'}
2025-04-15 10:40:21 [scrapy.core.engine] DEBUG: Crawled (200) <GET https://www.qut.edu.au/study/unit?unitCode=CAB403> (referer: None)
2025-04-15 10:40:21 [unit_spider] INFO: 开始解析页面: https://www.qut.edu.au/study/unit?unitCode=CAB403
2025-04-15 10:40:21 [unit_spider] DEBUG: 开始提取基本信息
2025-04-15 10:40:21 [unit_spider] INFO: 成功提取单元信息: CAB403
2025-04-15 10:40:21 [unit_spider] DEBUG: 提取的字段: ['unit_code', 'unit_name', 'faculty', 'description', 'study_area', 'credit_points', 'prerequisites', 'antirequisites', 'corequisites', 'equivalents', 'assumed_knowledge']
2025-04-15 10:40:21 [scrapy.core.scraper] DEBUG: Scraped from <200 https://www.qut.edu.au/study/unit?unitCode=CAB403>
{'unit_code': 'CAB403', 'unit_name': 'Systems Programming', 'faculty': 'Faculty of Science', 'description': 'Most of our other Computer Science units focus on high-level applications programming. Applications programmers are insulated from the low- level intricacies of the underlying hardware by making use of services provided by the operating system such as threads, virtual memory, file systems and device drivers. This unit focuses on Systems Programming, where the programmer can’t necessarily rely on high level services provided by the operating system and must interact directly with the underlying hardware. Systems software is either part of the operating system or software that operates at a similar level.&nbsp;This unit aims to give you practical programming skills for developing systems level applications and services.', 'study_area': 'Science', 'credit_points': 12, 'prerequisites': '( CAB201 or MZB126 or EGB103 or EGD103 or ITD121) and CAB202 To enrol in this unit, you must have completed these prerequisite units (or have credit, advanced standing or exemption for them), or be able to demonstrate that you have equivalent background knowledge.', 'antirequisites': 'INN365 You can’t enrol in this unit if you have completed any of these anti-requisite units.', 'corequisites': 'To enrol in this unit, you must have already completed these co-requisite units, or you must enrol in them at the same time.', 'equivalents': 'INB365, ITB706, ITB745 You can’t enrol in this unit if you have completed any of these equivalent units.', 'assumed_knowledge': 'We assume that you have a minimum level of knowledge in certain areas before you start this unit.'}
2025-04-15 10:40:24 [scrapy.core.engine] DEBUG: Crawled (200) <GET https://www.qut.edu.au/study/unit?unitCode=IFN711> (referer: None)
2025-04-15 10:40:24 [unit_spider] INFO: 开始解析页面: https://www.qut.edu.au/study/unit?unitCode=IFN711
2025-04-15 10:40:24 [unit_spider] DEBUG: 开始提取基本信息
2025-04-15 10:40:24 [unit_spider] INFO: 成功提取单元信息: IFN711
2025-04-15 10:40:24 [unit_spider] DEBUG: 提取的字段: ['unit_code', 'unit_name', 'faculty', 'description', 'study_area', 'credit_points', 'prerequisites', 'antirequisites', 'corequisites', 'equivalents', 'assumed_knowledge']
2025-04-15 10:40:24 [scrapy.core.scraper] DEBUG: Scraped from <200 https://www.qut.edu.au/study/unit?unitCode=IFN711>
{'unit_code': 'IFN711', 'unit_name': 'IT Industry Project', 'faculty': 'Faculty of Science', 'description': 'The aim of this unit is to help you apply skills previously attained in your degree in an advanced problem domain&nbsp;and to enable you to conduct a well-defined project with specific outcomes. The project addresses an industry&nbsp;problem through the application of IT theories, tools and techniques.&nbsp;You will develop project management skills to lead teams in complex and changing&nbsp;environments. This unit introduces a range of traditional and contemporary project management approaches.&nbsp;', 'study_area': 'Science', 'credit_points': 24, 'prerequisites': 'Completion of 96cp from (IN20 or IN27) or (Admission to IN23 and Completion of 48cp) To enrol in this unit, you must have completed these prerequisite units (or have credit, advanced standing or exemption for them), or be able to demonstrate that you have equivalent background knowledge.', 'antirequisites': 'IFN702 You can’t enrol in this unit if you have completed any of these anti-requisite units.', 'corequisites': 'To enrol in this unit, you must have already completed these co-requisite units, or you must enrol in them at the same time.', 'equivalents': 'You can’t enrol in this unit if you have completed any of these equivalent units.', 'assumed_knowledge': 'We assume that you have a minimum level of knowledge in certain areas before you start this unit.'}
2025-04-15 10:40:24 [scrapy.core.engine] INFO: Closing spider (finished)
2025-04-15 10:40:24 [scrapy.statscollectors] INFO: Dumping Scrapy stats:
{'downloader/request_bytes': 1926,
 'downloader/request_count': 6,
 'downloader/request_method_count/GET': 6,
 'downloader/response_bytes': 158012,
 'downloader/response_count': 6,
 'downloader/response_status_count/200': 6,
 'elapsed_time_seconds': 14.76072,
 'finish_reason': 'finished',
 'finish_time': datetime.datetime(2025, 4, 15, 0, 40, 24, 840870, tzinfo=datetime.timezone.utc),
 'httpcompression/response_bytes': 1039831,
 'httpcompression/response_count': 6,
 'item_scraped_count': 6,
 'items_per_minute': None,
 'log_count/DEBUG': 34,
 'log_count/ERROR': 1,
 'log_count/INFO': 22,
 'response_received_count': 6,
 'responses_per_minute': None,
 'scheduler/dequeued': 6,
 'scheduler/dequeued/memory': 6,
 'scheduler/enqueued': 6,
 'scheduler/enqueued/memory': 6,
 'start_time': datetime.datetime(2025, 4, 15, 0, 40, 10, 80150, tzinfo=datetime.timezone.utc)}
2025-04-15 10:40:24 [scrapy.core.engine] INFO: Spider closed (finished)
2025-04-15 10:42:48 [unit_spider] INFO: 爬虫初始化开始
2025-04-15 10:42:48 [unit_spider] INFO: 成功读取单元代码: ['CAB301', 'CAB302', 'CAB303', 'CAB401', 'CAB403', 'IFN711']
2025-04-15 10:42:48 [scrapy.addons] INFO: Enabled addons:
[]
2025-04-15 10:42:48 [asyncio] DEBUG: Using selector: SelectSelector
2025-04-15 10:42:48 [scrapy.utils.log] DEBUG: Using reactor: twisted.internet.asyncioreactor.AsyncioSelectorReactor
2025-04-15 10:42:48 [scrapy.utils.log] DEBUG: Using asyncio event loop: asyncio.windows_events._WindowsSelectorEventLoop
2025-04-15 10:42:48 [scrapy.utils.log] DEBUG: Using reactor: twisted.internet.asyncioreactor.AsyncioSelectorReactor
2025-04-15 10:42:48 [scrapy.utils.log] DEBUG: Using asyncio event loop: asyncio.windows_events._WindowsSelectorEventLoop
2025-04-15 10:42:48 [scrapy.extensions.telnet] INFO: Telnet Password: 85b8e1872879e57e
2025-04-15 10:42:48 [scrapy.middleware] INFO: Enabled extensions:
['scrapy.extensions.corestats.CoreStats',
 'scrapy.extensions.telnet.TelnetConsole',
 'scrapy.extensions.logstats.LogStats']
2025-04-15 10:42:48 [scrapy.crawler] INFO: Overridden settings:
{'BOT_NAME': 'qut_unit_spider',
 'DOWNLOAD_DELAY': 2,
 'DUPEFILTER_CLASS': 'scrapy_splash.SplashAwareDupeFilter',
 'FEED_EXPORT_ENCODING': 'utf-8',
 'LOG_FILE': 'spider_debug.log',
 'NEWSPIDER_MODULE': 'qut_unit_spider.spiders',
 'SPIDER_MODULES': ['qut_unit_spider.spiders'],
 'TWISTED_REACTOR': 'twisted.internet.asyncioreactor.AsyncioSelectorReactor',
 'USER_AGENT': 'Mozilla/5.0 (Windows NT 10.0; Win64; x64) AppleWebKit/537.36 '
               '(KHTML, like Gecko) Chrome/91.0.4472.124 Safari/537.36'}
2025-04-15 10:42:48 [scrapy.middleware] INFO: Enabled downloader middlewares:
['scrapy.downloadermiddlewares.offsite.OffsiteMiddleware',
 'scrapy.downloadermiddlewares.httpauth.HttpAuthMiddleware',
 'scrapy.downloadermiddlewares.downloadtimeout.DownloadTimeoutMiddleware',
 'scrapy.downloadermiddlewares.defaultheaders.DefaultHeadersMiddleware',
 'scrapy.downloadermiddlewares.useragent.UserAgentMiddleware',
 'scrapy.downloadermiddlewares.retry.RetryMiddleware',
 'scrapy.downloadermiddlewares.redirect.MetaRefreshMiddleware',
 'scrapy.downloadermiddlewares.redirect.RedirectMiddleware',
 'scrapy.downloadermiddlewares.cookies.CookiesMiddleware',
 'scrapy_splash.SplashCookiesMiddleware',
 'scrapy_splash.SplashMiddleware',
 'scrapy.downloadermiddlewares.httpproxy.HttpProxyMiddleware',
 'scrapy.downloadermiddlewares.httpcompression.HttpCompressionMiddleware',
 'scrapy.downloadermiddlewares.stats.DownloaderStats']
2025-04-15 10:42:48 [scrapy.middleware] INFO: Enabled spider middlewares:
['scrapy.spidermiddlewares.httperror.HttpErrorMiddleware',
 'scrapy_splash.SplashDeduplicateArgsMiddleware',
 'scrapy.spidermiddlewares.referer.RefererMiddleware',
 'scrapy.spidermiddlewares.urllength.UrlLengthMiddleware',
 'scrapy.spidermiddlewares.depth.DepthMiddleware']
2025-04-15 10:42:48 [scrapy.middleware] INFO: Enabled item pipelines:
[]
2025-04-15 10:42:48 [scrapy.core.engine] INFO: Spider opened
2025-04-15 10:42:48 [scrapy.extensions.logstats] INFO: Crawled 0 pages (at 0 pages/min), scraped 0 items (at 0 items/min)
2025-04-15 10:42:48 [scrapy.extensions.telnet] INFO: Telnet console listening on 127.0.0.1:6023
2025-04-15 10:42:48 [unit_spider] INFO: 开始发送请求
2025-04-15 10:42:48 [unit_spider] DEBUG: 准备请求URL: https://www.qut.edu.au/study/unit?unitCode=CAB301
2025-04-15 10:42:48 [unit_spider] DEBUG: 准备请求URL: https://www.qut.edu.au/study/unit?unitCode=CAB302
2025-04-15 10:42:48 [unit_spider] DEBUG: 准备请求URL: https://www.qut.edu.au/study/unit?unitCode=CAB303
2025-04-15 10:42:48 [unit_spider] DEBUG: 准备请求URL: https://www.qut.edu.au/study/unit?unitCode=CAB401
2025-04-15 10:42:48 [unit_spider] DEBUG: 准备请求URL: https://www.qut.edu.au/study/unit?unitCode=CAB403
2025-04-15 10:42:48 [unit_spider] DEBUG: 准备请求URL: https://www.qut.edu.au/study/unit?unitCode=IFN711
2025-04-15 10:42:49 [scrapy.core.engine] DEBUG: Crawled (200) <GET https://www.qut.edu.au/study/unit?unitCode=CAB301> (referer: None)
2025-04-15 10:42:50 [unit_spider] INFO: 开始解析页面: https://www.qut.edu.au/study/unit?unitCode=CAB301
2025-04-15 10:42:50 [unit_spider] DEBUG: 开始提取基本信息
2025-04-15 10:42:50 [unit_spider] INFO: 成功提取单元信息: CAB301
2025-04-15 10:42:50 [unit_spider] DEBUG: 提取的字段: ['unit_code', 'unit_name', 'faculty', 'description', 'study_area', 'credit_points', 'prerequisites', 'antirequisites', 'corequisites', 'equivalents', 'assumed_knowledge']
2025-04-15 10:42:50 [scrapy.core.scraper] DEBUG: Scraped from <200 https://www.qut.edu.au/study/unit?unitCode=CAB301>
{'unit_code': 'CAB301', 'unit_name': 'Algorithms and Complexity', 'faculty': 'Faculty of Science', 'description': 'This unit teaches you the fundamental principles used to assess the efficiency of software algorithms, allowing you to distinguish solutions that can process large amounts of data or perform complex calculations effectively from those that run unacceptably slowly or not at all. In this unit you will examine a range of different algorithms, review the principles used to predict their efficiency and perform empirical measurements of specific algorithms to confirm the theoretical predictions.', 'study_area': 'Science', 'credit_points': 12, 'prerequisites': 'CAB201 or ITD121', 'antirequisites': 'You can’t enrol in this unit if you have completed any of these anti-requisite units.', 'corequisites': 'To enrol in this unit, you must have already completed these co-requisite units, or you must enrol in them at the same time.', 'equivalents': 'INB371', 'assumed_knowledge': 'We assume that you have a minimum level of knowledge in certain areas before you start this unit.'}
2025-04-15 10:42:51 [scrapy.core.engine] DEBUG: Crawled (200) <GET https://www.qut.edu.au/study/unit?unitCode=CAB302> (referer: None)
2025-04-15 10:42:51 [unit_spider] INFO: 开始解析页面: https://www.qut.edu.au/study/unit?unitCode=CAB302
2025-04-15 10:42:51 [unit_spider] DEBUG: 开始提取基本信息
2025-04-15 10:42:51 [unit_spider] INFO: 成功提取单元信息: CAB302
2025-04-15 10:42:51 [unit_spider] DEBUG: 提取的字段: ['unit_code', 'unit_name', 'faculty', 'description', 'study_area', 'credit_points', 'prerequisites', 'antirequisites', 'corequisites', 'equivalents', 'assumed_knowledge']
2025-04-15 10:42:51 [scrapy.core.scraper] DEBUG: Scraped from <200 https://www.qut.edu.au/study/unit?unitCode=CAB302>
{'unit_code': 'CAB302', 'unit_name': 'Software Development', 'faculty': 'Faculty of Science', 'description': 'This unit teaches you how to work effectively in a team to develop large-scale software systems. It includes principles of teamwork, modern software development methodologies and tools that are needed when working in a team on a large project.', 'study_area': 'Science', 'credit_points': 12, 'prerequisites': 'or have credit, advanced standing or exemption for them', 'antirequisites': 'You can’t enrol in this unit if you have completed any of these anti-requisite units.', 'corequisites': 'To enrol in this unit, you must have already completed these co-requisite units, or you must enrol in them at the same time.', 'equivalents': 'INB370', 'assumed_knowledge': 'We assume that you have a minimum level of knowledge in certain areas before you start this unit.'}
2025-04-15 10:42:53 [scrapy.core.engine] DEBUG: Crawled (200) <GET https://www.qut.edu.au/study/unit?unitCode=CAB303> (referer: None)
2025-04-15 10:42:53 [unit_spider] INFO: 开始解析页面: https://www.qut.edu.au/study/unit?unitCode=CAB303
2025-04-15 10:42:53 [unit_spider] DEBUG: 开始提取基本信息
2025-04-15 10:42:53 [unit_spider] ERROR: 未能提取到unit code: https://www.qut.edu.au/study/unit?unitCode=CAB303
2025-04-15 10:42:53 [scrapy.core.scraper] DEBUG: Scraped from <200 https://www.qut.edu.au/study/unit?unitCode=CAB303>
{}
2025-04-15 10:42:56 [scrapy.core.engine] DEBUG: Crawled (200) <GET https://www.qut.edu.au/study/unit?unitCode=CAB401> (referer: None)
2025-04-15 10:42:56 [unit_spider] INFO: 开始解析页面: https://www.qut.edu.au/study/unit?unitCode=CAB401
2025-04-15 10:42:56 [unit_spider] DEBUG: 开始提取基本信息
2025-04-15 10:42:56 [unit_spider] INFO: 成功提取单元信息: CAB401
2025-04-15 10:42:56 [unit_spider] DEBUG: 提取的字段: ['unit_code', 'unit_name', 'faculty', 'description', 'study_area', 'credit_points', 'prerequisites', 'antirequisites', 'corequisites', 'equivalents', 'assumed_knowledge']
2025-04-15 10:42:56 [scrapy.core.scraper] DEBUG: Scraped from <200 https://www.qut.edu.au/study/unit?unitCode=CAB401>
{'unit_code': 'CAB401', 'unit_name': 'High Performance and Parallel Computing', 'faculty': 'Faculty of Science', 'description': 'Building on your skills in "sequential" programming, this unit teaches you the tools and techniques needed to exploit multi-processor computer systems to achieve dramatic performance improvements for computationally intensive problems. This unit gives you both an understanding of why future computer hardware will be increasingly parallel, the challenges this poses for software development as well as a set of practical skills in creating high-performance programs using today\'s best tools and techniques.', 'study_area': 'Science', 'credit_points': 12, 'prerequisites': 'IFN563 and IFN564', 'antirequisites': 'You can’t enrol in this unit if you have completed any of these anti-requisite units.', 'corequisites': 'To enrol in this unit, you must have already completed these co-requisite units, or you must enrol in them at the same time.', 'equivalents': 'INB375', 'assumed_knowledge': 'We assume that you have a minimum level of knowledge in certain areas before you start this unit.'}
2025-04-15 10:42:58 [scrapy.core.engine] DEBUG: Crawled (200) <GET https://www.qut.edu.au/study/unit?unitCode=CAB403> (referer: None)
2025-04-15 10:42:59 [unit_spider] INFO: 开始解析页面: https://www.qut.edu.au/study/unit?unitCode=CAB403
2025-04-15 10:42:59 [unit_spider] DEBUG: 开始提取基本信息
2025-04-15 10:42:59 [unit_spider] INFO: 成功提取单元信息: CAB403
2025-04-15 10:42:59 [unit_spider] DEBUG: 提取的字段: ['unit_code', 'unit_name', 'faculty', 'description', 'study_area', 'credit_points', 'prerequisites', 'antirequisites', 'corequisites', 'equivalents', 'assumed_knowledge']
2025-04-15 10:42:59 [scrapy.core.scraper] DEBUG: Scraped from <200 https://www.qut.edu.au/study/unit?unitCode=CAB403>
{'unit_code': 'CAB403', 'unit_name': 'Systems Programming', 'faculty': 'Faculty of Science', 'description': 'Most of our other Computer Science units focus on high-level applications programming. Applications programmers are insulated from the low- level intricacies of the underlying hardware by making use of services provided by the operating system such as threads, virtual memory, file systems and device drivers. This unit focuses on Systems Programming, where the programmer can’t necessarily rely on high level services provided by the operating system and must interact directly with the underlying hardware. Systems software is either part of the operating system or software that operates at a similar level.&nbsp;This unit aims to give you practical programming skills for developing systems level applications and services.', 'study_area': 'Science', 'credit_points': 12, 'prerequisites': 'CAB201 or MZB126 or EGB103 or EGD103 or ITD121', 'antirequisites': 'INN365 You can’t enrol in this unit if you have completed any of these anti-requisite units.', 'corequisites': 'To enrol in this unit, you must have already completed these co-requisite units, or you must enrol in them at the same time.', 'equivalents': 'INB365', 'assumed_knowledge': 'We assume that you have a minimum level of knowledge in certain areas before you start this unit.'}
2025-04-15 10:43:01 [scrapy.core.engine] DEBUG: Crawled (200) <GET https://www.qut.edu.au/study/unit?unitCode=IFN711> (referer: None)
2025-04-15 10:43:01 [unit_spider] INFO: 开始解析页面: https://www.qut.edu.au/study/unit?unitCode=IFN711
2025-04-15 10:43:01 [unit_spider] DEBUG: 开始提取基本信息
2025-04-15 10:43:01 [unit_spider] INFO: 成功提取单元信息: IFN711
2025-04-15 10:43:01 [unit_spider] DEBUG: 提取的字段: ['unit_code', 'unit_name', 'faculty', 'description', 'study_area', 'credit_points', 'prerequisites', 'antirequisites', 'corequisites', 'equivalents', 'assumed_knowledge']
2025-04-15 10:43:01 [scrapy.core.scraper] DEBUG: Scraped from <200 https://www.qut.edu.au/study/unit?unitCode=IFN711>
{'unit_code': 'IFN711', 'unit_name': 'IT Industry Project', 'faculty': 'Faculty of Science', 'description': 'The aim of this unit is to help you apply skills previously attained in your degree in an advanced problem domain&nbsp;and to enable you to conduct a well-defined project with specific outcomes. The project addresses an industry&nbsp;problem through the application of IT theories, tools and techniques.&nbsp;You will develop project management skills to lead teams in complex and changing&nbsp;environments. This unit introduces a range of traditional and contemporary project management approaches.&nbsp;', 'study_area': 'Science', 'credit_points': 24, 'prerequisites': 'IN20 or IN27', 'antirequisites': 'IFN702 You can’t enrol in this unit if you have completed any of these anti-requisite units.', 'corequisites': 'To enrol in this unit, you must have already completed these co-requisite units, or you must enrol in them at the same time.', 'equivalents': 'You can’t enrol in this unit if you have completed any of these equivalent units.', 'assumed_knowledge': 'We assume that you have a minimum level of knowledge in certain areas before you start this unit.'}
2025-04-15 10:43:01 [scrapy.core.engine] INFO: Closing spider (finished)
2025-04-15 10:43:01 [scrapy.statscollectors] INFO: Dumping Scrapy stats:
{'downloader/request_bytes': 1926,
 'downloader/request_count': 6,
 'downloader/request_method_count/GET': 6,
 'downloader/response_bytes': 157895,
 'downloader/response_count': 6,
 'downloader/response_status_count/200': 6,
 'elapsed_time_seconds': 12.889908,
 'finish_reason': 'finished',
 'finish_time': datetime.datetime(2025, 4, 15, 0, 43, 1, 673414, tzinfo=datetime.timezone.utc),
 'httpcompression/response_bytes': 1039831,
 'httpcompression/response_count': 6,
 'item_scraped_count': 6,
 'items_per_minute': None,
 'log_count/DEBUG': 34,
 'log_count/ERROR': 1,
 'log_count/INFO': 22,
 'response_received_count': 6,
 'responses_per_minute': None,
 'scheduler/dequeued': 6,
 'scheduler/dequeued/memory': 6,
 'scheduler/enqueued': 6,
 'scheduler/enqueued/memory': 6,
 'start_time': datetime.datetime(2025, 4, 15, 0, 42, 48, 783506, tzinfo=datetime.timezone.utc)}
2025-04-15 10:43:01 [scrapy.core.engine] INFO: Spider closed (finished)
2025-04-15 10:45:55 [unit_spider] INFO: 爬虫初始化开始
2025-04-15 10:45:55 [unit_spider] INFO: 成功读取单元代码: ['CAB301', 'CAB302', 'CAB303', 'CAB401', 'CAB403', 'IFN711']
2025-04-15 10:45:55 [scrapy.addons] INFO: Enabled addons:
[]
2025-04-15 10:45:55 [asyncio] DEBUG: Using selector: SelectSelector
2025-04-15 10:45:55 [scrapy.utils.log] DEBUG: Using reactor: twisted.internet.asyncioreactor.AsyncioSelectorReactor
2025-04-15 10:45:55 [scrapy.utils.log] DEBUG: Using asyncio event loop: asyncio.windows_events._WindowsSelectorEventLoop
2025-04-15 10:45:55 [scrapy.utils.log] DEBUG: Using reactor: twisted.internet.asyncioreactor.AsyncioSelectorReactor
2025-04-15 10:45:55 [scrapy.utils.log] DEBUG: Using asyncio event loop: asyncio.windows_events._WindowsSelectorEventLoop
2025-04-15 10:45:55 [scrapy.extensions.telnet] INFO: Telnet Password: d8442a4768d46501
2025-04-15 10:45:55 [scrapy.middleware] INFO: Enabled extensions:
['scrapy.extensions.corestats.CoreStats',
 'scrapy.extensions.telnet.TelnetConsole',
 'scrapy.extensions.logstats.LogStats']
2025-04-15 10:45:55 [scrapy.crawler] INFO: Overridden settings:
{'BOT_NAME': 'qut_unit_spider',
 'DOWNLOAD_DELAY': 2,
 'DUPEFILTER_CLASS': 'scrapy_splash.SplashAwareDupeFilter',
 'FEED_EXPORT_ENCODING': 'utf-8',
 'LOG_FILE': 'spider_debug.log',
 'NEWSPIDER_MODULE': 'qut_unit_spider.spiders',
 'SPIDER_MODULES': ['qut_unit_spider.spiders'],
 'TWISTED_REACTOR': 'twisted.internet.asyncioreactor.AsyncioSelectorReactor',
 'USER_AGENT': 'Mozilla/5.0 (Windows NT 10.0; Win64; x64) AppleWebKit/537.36 '
               '(KHTML, like Gecko) Chrome/91.0.4472.124 Safari/537.36'}
2025-04-15 10:45:56 [scrapy.middleware] INFO: Enabled downloader middlewares:
['scrapy.downloadermiddlewares.offsite.OffsiteMiddleware',
 'scrapy.downloadermiddlewares.httpauth.HttpAuthMiddleware',
 'scrapy.downloadermiddlewares.downloadtimeout.DownloadTimeoutMiddleware',
 'scrapy.downloadermiddlewares.defaultheaders.DefaultHeadersMiddleware',
 'scrapy.downloadermiddlewares.useragent.UserAgentMiddleware',
 'scrapy.downloadermiddlewares.retry.RetryMiddleware',
 'scrapy.downloadermiddlewares.redirect.MetaRefreshMiddleware',
 'scrapy.downloadermiddlewares.redirect.RedirectMiddleware',
 'scrapy.downloadermiddlewares.cookies.CookiesMiddleware',
 'scrapy_splash.SplashCookiesMiddleware',
 'scrapy_splash.SplashMiddleware',
 'scrapy.downloadermiddlewares.httpproxy.HttpProxyMiddleware',
 'scrapy.downloadermiddlewares.httpcompression.HttpCompressionMiddleware',
 'scrapy.downloadermiddlewares.stats.DownloaderStats']
2025-04-15 10:45:56 [scrapy.middleware] INFO: Enabled spider middlewares:
['scrapy.spidermiddlewares.httperror.HttpErrorMiddleware',
 'scrapy_splash.SplashDeduplicateArgsMiddleware',
 'scrapy.spidermiddlewares.referer.RefererMiddleware',
 'scrapy.spidermiddlewares.urllength.UrlLengthMiddleware',
 'scrapy.spidermiddlewares.depth.DepthMiddleware']
2025-04-15 10:45:56 [scrapy.middleware] INFO: Enabled item pipelines:
[]
2025-04-15 10:45:56 [scrapy.core.engine] INFO: Spider opened
2025-04-15 10:45:56 [scrapy.extensions.logstats] INFO: Crawled 0 pages (at 0 pages/min), scraped 0 items (at 0 items/min)
2025-04-15 10:45:56 [scrapy.extensions.telnet] INFO: Telnet console listening on 127.0.0.1:6023
2025-04-15 10:45:56 [unit_spider] INFO: 开始发送请求
2025-04-15 10:45:56 [unit_spider] DEBUG: 准备请求URL: https://www.qut.edu.au/study/unit?unitCode=CAB301
2025-04-15 10:45:56 [unit_spider] DEBUG: 准备请求URL: https://www.qut.edu.au/study/unit?unitCode=CAB302
2025-04-15 10:45:56 [unit_spider] DEBUG: 准备请求URL: https://www.qut.edu.au/study/unit?unitCode=CAB303
2025-04-15 10:45:56 [unit_spider] DEBUG: 准备请求URL: https://www.qut.edu.au/study/unit?unitCode=CAB401
2025-04-15 10:45:56 [unit_spider] DEBUG: 准备请求URL: https://www.qut.edu.au/study/unit?unitCode=CAB403
2025-04-15 10:45:56 [unit_spider] DEBUG: 准备请求URL: https://www.qut.edu.au/study/unit?unitCode=IFN711
2025-04-15 10:45:58 [scrapy.core.engine] DEBUG: Crawled (200) <GET https://www.qut.edu.au/study/unit?unitCode=CAB301> (referer: None)
2025-04-15 10:45:58 [unit_spider] INFO: 开始解析页面: https://www.qut.edu.au/study/unit?unitCode=CAB301
2025-04-15 10:45:58 [unit_spider] DEBUG: 开始提取基本信息
2025-04-15 10:45:58 [unit_spider] INFO: 成功提取单元信息: CAB301
2025-04-15 10:45:58 [unit_spider] DEBUG: 提取的字段: ['unit_code', 'unit_name', 'faculty', 'description', 'study_area', 'credit_points']
2025-04-15 10:45:58 [scrapy.core.scraper] DEBUG: Scraped from <200 https://www.qut.edu.au/study/unit?unitCode=CAB301>
{'unit_code': 'CAB301', 'unit_name': 'Algorithms and Complexity', 'faculty': 'Faculty of Science', 'description': 'This unit teaches you the fundamental principles used to assess the efficiency of software algorithms, allowing you to distinguish solutions that can process large amounts of data or perform complex calculations effectively from those that run unacceptably slowly or not at all. In this unit you will examine a range of different algorithms, review the principles used to predict their efficiency and perform empirical measurements of specific algorithms to confirm the theoretical predictions.', 'study_area': 'Science', 'credit_points': 12}
2025-04-15 10:46:00 [scrapy.core.engine] DEBUG: Crawled (200) <GET https://www.qut.edu.au/study/unit?unitCode=CAB302> (referer: None)
2025-04-15 10:46:00 [unit_spider] INFO: 开始解析页面: https://www.qut.edu.au/study/unit?unitCode=CAB302
2025-04-15 10:46:00 [unit_spider] DEBUG: 开始提取基本信息
2025-04-15 10:46:00 [unit_spider] INFO: 成功提取单元信息: CAB302
2025-04-15 10:46:00 [unit_spider] DEBUG: 提取的字段: ['unit_code', 'unit_name', 'faculty', 'description', 'study_area', 'credit_points']
2025-04-15 10:46:00 [scrapy.core.scraper] DEBUG: Scraped from <200 https://www.qut.edu.au/study/unit?unitCode=CAB302>
{'unit_code': 'CAB302', 'unit_name': 'Software Development', 'faculty': 'Faculty of Science', 'description': 'This unit teaches you how to work effectively in a team to develop large-scale software systems. It includes principles of teamwork, modern software development methodologies and tools that are needed when working in a team on a large project.', 'study_area': 'Science', 'credit_points': 12}
2025-04-15 10:46:03 [scrapy.core.engine] DEBUG: Crawled (200) <GET https://www.qut.edu.au/study/unit?unitCode=CAB303> (referer: None)
2025-04-15 10:46:03 [unit_spider] INFO: 开始解析页面: https://www.qut.edu.au/study/unit?unitCode=CAB303
2025-04-15 10:46:03 [unit_spider] DEBUG: 开始提取基本信息
2025-04-15 10:46:03 [unit_spider] ERROR: 未能提取到unit code: https://www.qut.edu.au/study/unit?unitCode=CAB303
2025-04-15 10:46:03 [scrapy.core.scraper] DEBUG: Scraped from <200 https://www.qut.edu.au/study/unit?unitCode=CAB303>
{}
2025-04-15 10:46:05 [scrapy.core.engine] DEBUG: Crawled (200) <GET https://www.qut.edu.au/study/unit?unitCode=CAB401> (referer: None)
2025-04-15 10:46:05 [unit_spider] INFO: 开始解析页面: https://www.qut.edu.au/study/unit?unitCode=CAB401
2025-04-15 10:46:05 [unit_spider] DEBUG: 开始提取基本信息
2025-04-15 10:46:05 [unit_spider] INFO: 成功提取单元信息: CAB401
2025-04-15 10:46:05 [unit_spider] DEBUG: 提取的字段: ['unit_code', 'unit_name', 'faculty', 'description', 'study_area', 'credit_points']
2025-04-15 10:46:05 [scrapy.core.scraper] DEBUG: Scraped from <200 https://www.qut.edu.au/study/unit?unitCode=CAB401>
{'unit_code': 'CAB401', 'unit_name': 'High Performance and Parallel Computing', 'faculty': 'Faculty of Science', 'description': 'Building on your skills in "sequential" programming, this unit teaches you the tools and techniques needed to exploit multi-processor computer systems to achieve dramatic performance improvements for computationally intensive problems. This unit gives you both an understanding of why future computer hardware will be increasingly parallel, the challenges this poses for software development as well as a set of practical skills in creating high-performance programs using today\'s best tools and techniques.', 'study_area': 'Science', 'credit_points': 12}
2025-04-15 10:46:07 [scrapy.core.engine] DEBUG: Crawled (200) <GET https://www.qut.edu.au/study/unit?unitCode=CAB403> (referer: None)
2025-04-15 10:46:07 [unit_spider] INFO: 开始解析页面: https://www.qut.edu.au/study/unit?unitCode=CAB403
2025-04-15 10:46:07 [unit_spider] DEBUG: 开始提取基本信息
2025-04-15 10:46:07 [unit_spider] INFO: 成功提取单元信息: CAB403
2025-04-15 10:46:07 [unit_spider] DEBUG: 提取的字段: ['unit_code', 'unit_name', 'faculty', 'description', 'study_area', 'credit_points']
2025-04-15 10:46:07 [scrapy.core.scraper] DEBUG: Scraped from <200 https://www.qut.edu.au/study/unit?unitCode=CAB403>
{'unit_code': 'CAB403', 'unit_name': 'Systems Programming', 'faculty': 'Faculty of Science', 'description': 'Most of our other Computer Science units focus on high-level applications programming. Applications programmers are insulated from the low- level intricacies of the underlying hardware by making use of services provided by the operating system such as threads, virtual memory, file systems and device drivers. This unit focuses on Systems Programming, where the programmer can’t necessarily rely on high level services provided by the operating system and must interact directly with the underlying hardware. Systems software is either part of the operating system or software that operates at a similar level.&nbsp;This unit aims to give you practical programming skills for developing systems level applications and services.', 'study_area': 'Science', 'credit_points': 12}
2025-04-15 10:46:09 [scrapy.core.engine] DEBUG: Crawled (200) <GET https://www.qut.edu.au/study/unit?unitCode=IFN711> (referer: None)
2025-04-15 10:46:09 [unit_spider] INFO: 开始解析页面: https://www.qut.edu.au/study/unit?unitCode=IFN711
2025-04-15 10:46:09 [unit_spider] DEBUG: 开始提取基本信息
2025-04-15 10:46:09 [unit_spider] INFO: 成功提取单元信息: IFN711
2025-04-15 10:46:09 [unit_spider] DEBUG: 提取的字段: ['unit_code', 'unit_name', 'faculty', 'description', 'study_area', 'credit_points']
2025-04-15 10:46:09 [scrapy.core.scraper] DEBUG: Scraped from <200 https://www.qut.edu.au/study/unit?unitCode=IFN711>
{'unit_code': 'IFN711', 'unit_name': 'IT Industry Project', 'faculty': 'Faculty of Science', 'description': 'The aim of this unit is to help you apply skills previously attained in your degree in an advanced problem domain&nbsp;and to enable you to conduct a well-defined project with specific outcomes. The project addresses an industry&nbsp;problem through the application of IT theories, tools and techniques.&nbsp;You will develop project management skills to lead teams in complex and changing&nbsp;environments. This unit introduces a range of traditional and contemporary project management approaches.&nbsp;', 'study_area': 'Science', 'credit_points': 24}
2025-04-15 10:46:09 [scrapy.core.engine] INFO: Closing spider (finished)
2025-04-15 10:46:09 [scrapy.statscollectors] INFO: Dumping Scrapy stats:
{'downloader/request_bytes': 1926,
 'downloader/request_count': 6,
 'downloader/request_method_count/GET': 6,
 'downloader/response_bytes': 157947,
 'downloader/response_count': 6,
 'downloader/response_status_count/200': 6,
 'elapsed_time_seconds': 13.446807,
 'finish_reason': 'finished',
 'finish_time': datetime.datetime(2025, 4, 15, 0, 46, 9, 696454, tzinfo=datetime.timezone.utc),
 'httpcompression/response_bytes': 1039831,
 'httpcompression/response_count': 6,
 'item_scraped_count': 6,
 'items_per_minute': None,
 'log_count/DEBUG': 34,
 'log_count/ERROR': 1,
 'log_count/INFO': 22,
 'response_received_count': 6,
 'responses_per_minute': None,
 'scheduler/dequeued': 6,
 'scheduler/dequeued/memory': 6,
 'scheduler/enqueued': 6,
 'scheduler/enqueued/memory': 6,
 'start_time': datetime.datetime(2025, 4, 15, 0, 45, 56, 249647, tzinfo=datetime.timezone.utc)}
2025-04-15 10:46:09 [scrapy.core.engine] INFO: Spider closed (finished)
2025-04-15 11:08:35 [unit_spider] INFO: 爬虫初始化开始
2025-04-15 11:08:35 [unit_spider] INFO: 成功读取单元代码: ['CAB301', 'CAB302', 'CAB303', 'CAB401', 'CAB403', 'IFN711']
2025-04-15 11:08:35 [scrapy.addons] INFO: Enabled addons:
[]
2025-04-15 11:08:35 [asyncio] DEBUG: Using selector: SelectSelector
2025-04-15 11:08:35 [scrapy.utils.log] DEBUG: Using reactor: twisted.internet.asyncioreactor.AsyncioSelectorReactor
2025-04-15 11:08:35 [scrapy.utils.log] DEBUG: Using asyncio event loop: asyncio.windows_events._WindowsSelectorEventLoop
2025-04-15 11:08:35 [scrapy.utils.log] DEBUG: Using reactor: twisted.internet.asyncioreactor.AsyncioSelectorReactor
2025-04-15 11:08:35 [scrapy.utils.log] DEBUG: Using asyncio event loop: asyncio.windows_events._WindowsSelectorEventLoop
2025-04-15 11:08:35 [scrapy.extensions.telnet] INFO: Telnet Password: 5446599791f2c8e3
2025-04-15 11:08:35 [scrapy.middleware] INFO: Enabled extensions:
['scrapy.extensions.corestats.CoreStats',
 'scrapy.extensions.telnet.TelnetConsole',
 'scrapy.extensions.logstats.LogStats']
2025-04-15 11:08:35 [scrapy.crawler] INFO: Overridden settings:
{'BOT_NAME': 'qut_unit_spider',
 'DOWNLOAD_DELAY': 2,
 'DUPEFILTER_CLASS': 'scrapy_splash.SplashAwareDupeFilter',
 'FEED_EXPORT_ENCODING': 'utf-8',
 'LOG_FILE': 'spider_debug.log',
 'NEWSPIDER_MODULE': 'qut_unit_spider.spiders',
 'SPIDER_MODULES': ['qut_unit_spider.spiders'],
 'TWISTED_REACTOR': 'twisted.internet.asyncioreactor.AsyncioSelectorReactor',
 'USER_AGENT': 'Mozilla/5.0 (Windows NT 10.0; Win64; x64) AppleWebKit/537.36 '
               '(KHTML, like Gecko) Chrome/91.0.4472.124 Safari/537.36'}
2025-04-15 11:08:35 [scrapy.middleware] INFO: Enabled downloader middlewares:
['scrapy.downloadermiddlewares.offsite.OffsiteMiddleware',
 'scrapy.downloadermiddlewares.httpauth.HttpAuthMiddleware',
 'scrapy.downloadermiddlewares.downloadtimeout.DownloadTimeoutMiddleware',
 'scrapy.downloadermiddlewares.defaultheaders.DefaultHeadersMiddleware',
 'scrapy.downloadermiddlewares.useragent.UserAgentMiddleware',
 'scrapy.downloadermiddlewares.retry.RetryMiddleware',
 'scrapy.downloadermiddlewares.redirect.MetaRefreshMiddleware',
 'scrapy.downloadermiddlewares.redirect.RedirectMiddleware',
 'scrapy.downloadermiddlewares.cookies.CookiesMiddleware',
 'scrapy_splash.SplashCookiesMiddleware',
 'scrapy_splash.SplashMiddleware',
 'scrapy.downloadermiddlewares.httpproxy.HttpProxyMiddleware',
 'scrapy.downloadermiddlewares.httpcompression.HttpCompressionMiddleware',
 'scrapy.downloadermiddlewares.stats.DownloaderStats']
2025-04-15 11:08:35 [scrapy.middleware] INFO: Enabled spider middlewares:
['scrapy.spidermiddlewares.httperror.HttpErrorMiddleware',
 'scrapy_splash.SplashDeduplicateArgsMiddleware',
 'scrapy.spidermiddlewares.referer.RefererMiddleware',
 'scrapy.spidermiddlewares.urllength.UrlLengthMiddleware',
 'scrapy.spidermiddlewares.depth.DepthMiddleware']
2025-04-15 11:08:35 [scrapy.middleware] INFO: Enabled item pipelines:
[]
2025-04-15 11:08:35 [scrapy.core.engine] INFO: Spider opened
2025-04-15 11:08:35 [scrapy.extensions.logstats] INFO: Crawled 0 pages (at 0 pages/min), scraped 0 items (at 0 items/min)
2025-04-15 11:08:35 [scrapy.extensions.telnet] INFO: Telnet console listening on 127.0.0.1:6023
2025-04-15 11:08:35 [unit_spider] INFO: 开始发送请求
2025-04-15 11:08:35 [unit_spider] DEBUG: 准备请求URL: https://www.qut.edu.au/study/unit?unitCode=CAB301
2025-04-15 11:08:35 [py.warnings] WARNING: C:\Users\43819\AppData\Local\Programs\Python\Python313\Lib\site-packages\scrapy_splash\middleware.py:498: ScrapyDeprecationWarning: Use of this protected method is deprecated. Consider using its corresponding public method get_slot_key() instead.
  return self.crawler.engine.downloader._get_slot_key(

2025-04-15 11:08:35 [unit_spider] DEBUG: 准备请求URL: https://www.qut.edu.au/study/unit?unitCode=CAB302
2025-04-15 11:08:35 [unit_spider] DEBUG: 准备请求URL: https://www.qut.edu.au/study/unit?unitCode=CAB303
2025-04-15 11:08:35 [unit_spider] DEBUG: 准备请求URL: https://www.qut.edu.au/study/unit?unitCode=CAB401
2025-04-15 11:08:35 [unit_spider] DEBUG: 准备请求URL: https://www.qut.edu.au/study/unit?unitCode=CAB403
2025-04-15 11:08:35 [unit_spider] DEBUG: 准备请求URL: https://www.qut.edu.au/study/unit?unitCode=IFN711
2025-04-15 11:08:43 [scrapy.core.engine] DEBUG: Crawled (200) <GET https://www.qut.edu.au/study/unit?unitCode=CAB301 via http://localhost:8050/execute> (referer: None)
2025-04-15 11:08:43 [unit_spider] INFO: 开始解析页面: https://www.qut.edu.au/study/unit?unitCode=CAB301
2025-04-15 11:08:43 [unit_spider] DEBUG: 开始提取基本信息
2025-04-15 11:08:43 [unit_spider] INFO: 成功提取单元信息: CAB301
2025-04-15 11:08:43 [unit_spider] DEBUG: 提取的字段: ['unit_code', 'unit_name', 'faculty', 'description', 'study_area', 'credit_points', 'prerequisites', 'antirequisites', 'corequisites', 'equivalents', 'assumed_knowledge']
2025-04-15 11:08:43 [scrapy.core.scraper] DEBUG: Scraped from <200 https://www.qut.edu.au/study/unit?unitCode=CAB301>
{'unit_code': 'CAB301', 'unit_name': 'Algorithms and Complexity', 'faculty': 'Faculty of Science', 'description': 'This unit teaches you the fundamental principles used to assess the efficiency of software algorithms, allowing you to distinguish solutions that can process large amounts of data or perform complex calculations effectively from those that run unacceptably slowly or not at all. In this unit you will examine a range of different algorithms, review the principles used to predict their efficiency and perform empirical measurements of specific algorithms to confirm the theoretical predictions.', 'study_area': 'Science', 'credit_points': 12, 'prerequisites': '( CAB201 or ITD121) To enrol in this unit, you must have completed these prerequisite units (or have credit, advanced standing or exemption for them), or be able to demonstrate that you have equivalent background knowledge.', 'antirequisites': 'You can’t enrol in this unit if you have completed any of these anti-requisite units.', 'corequisites': 'To enrol in this unit, you must have already completed these co-requisite units, or you must enrol in them at the same time.', 'equivalents': 'INB371 You can’t enrol in this unit if you have completed any of these equivalent units.', 'assumed_knowledge': 'We assume that you have a minimum level of knowledge in certain areas before you start this unit.'}
2025-04-15 11:08:45 [scrapy.core.engine] DEBUG: Crawled (200) <GET https://www.qut.edu.au/study/unit?unitCode=CAB302 via http://localhost:8050/execute> (referer: None)
2025-04-15 11:08:45 [unit_spider] INFO: 开始解析页面: https://www.qut.edu.au/study/unit?unitCode=CAB302
2025-04-15 11:08:45 [unit_spider] DEBUG: 开始提取基本信息
2025-04-15 11:08:45 [unit_spider] INFO: 成功提取单元信息: CAB302
2025-04-15 11:08:45 [unit_spider] DEBUG: 提取的字段: ['unit_code', 'unit_name', 'faculty', 'description', 'study_area', 'credit_points', 'prerequisites', 'antirequisites', 'corequisites', 'equivalents', 'assumed_knowledge']
2025-04-15 11:08:45 [scrapy.core.scraper] DEBUG: Scraped from <200 https://www.qut.edu.au/study/unit?unitCode=CAB302>
{'unit_code': 'CAB302', 'unit_name': 'Software Development', 'faculty': 'Faculty of Science', 'description': 'This unit teaches you how to work effectively in a team to develop large-scale software systems. It includes principles of teamwork, modern software development methodologies and tools that are needed when working in a team on a large project.', 'study_area': 'Science', 'credit_points': 12, 'prerequisites': 'CAB201 or INB270 or ITD121 To enrol in this unit, you must have completed these prerequisite units (or have credit, advanced standing or exemption for them), or be able to demonstrate that you have equivalent background knowledge.', 'antirequisites': 'You can’t enrol in this unit if you have completed any of these anti-requisite units.', 'corequisites': 'To enrol in this unit, you must have already completed these co-requisite units, or you must enrol in them at the same time.', 'equivalents': 'INB370 You can’t enrol in this unit if you have completed any of these equivalent units.', 'assumed_knowledge': 'We assume that you have a minimum level of knowledge in certain areas before you start this unit.'}
2025-04-15 11:08:48 [scrapy.core.engine] DEBUG: Crawled (200) <GET https://www.qut.edu.au/study/unit?unitCode=CAB303 via http://localhost:8050/execute> (referer: None)
2025-04-15 11:08:48 [unit_spider] INFO: 开始解析页面: https://www.qut.edu.au/study/unit?unitCode=CAB303
2025-04-15 11:08:48 [unit_spider] DEBUG: 开始提取基本信息
2025-04-15 11:08:48 [unit_spider] ERROR: 未能提取到unit code: https://www.qut.edu.au/study/unit?unitCode=CAB303
2025-04-15 11:08:48 [scrapy.core.scraper] DEBUG: Scraped from <200 https://www.qut.edu.au/study/unit?unitCode=CAB303>
{}
2025-04-15 11:08:50 [scrapy.core.engine] DEBUG: Crawled (200) <GET https://www.qut.edu.au/study/unit?unitCode=CAB401 via http://localhost:8050/execute> (referer: None)
2025-04-15 11:08:50 [unit_spider] INFO: 开始解析页面: https://www.qut.edu.au/study/unit?unitCode=CAB401
2025-04-15 11:08:50 [unit_spider] DEBUG: 开始提取基本信息
2025-04-15 11:08:50 [unit_spider] INFO: 成功提取单元信息: CAB401
2025-04-15 11:08:50 [unit_spider] DEBUG: 提取的字段: ['unit_code', 'unit_name', 'faculty', 'description', 'study_area', 'credit_points', 'prerequisites', 'antirequisites', 'corequisites', 'equivalents', 'assumed_knowledge']
2025-04-15 11:08:50 [scrapy.core.scraper] DEBUG: Scraped from <200 https://www.qut.edu.au/study/unit?unitCode=CAB401>
{'unit_code': 'CAB401', 'unit_name': 'High Performance and Parallel Computing', 'faculty': 'Faculty of Science', 'description': 'Building on your skills in "sequential" programming, this unit teaches you the tools and techniques needed to exploit multi-processor computer systems to achieve dramatic performance improvements for computationally intensive problems. This unit gives you both an understanding of why future computer hardware will be increasingly parallel, the challenges this poses for software development as well as a set of practical skills in creating high-performance programs using today\'s best tools and techniques.', 'study_area': 'Science', 'credit_points': 12, 'prerequisites': 'IFN584 or (IFN563 and IFN564) or ( IFQ563 and IFQ564 ) or CAB301 or IFN505 To enrol in this unit, you must have completed these prerequisite units (or have credit, advanced standing or exemption for them), or be able to demonstrate that you have equivalent background knowledge.', 'antirequisites': 'You can’t enrol in this unit if you have completed any of these anti-requisite units.', 'corequisites': 'To enrol in this unit, you must have already completed these co-requisite units, or you must enrol in them at the same time.', 'equivalents': 'INB375 You can’t enrol in this unit if you have completed any of these equivalent units.', 'assumed_knowledge': 'We assume that you have a minimum level of knowledge in certain areas before you start this unit.'}
2025-04-15 11:08:52 [scrapy.core.engine] DEBUG: Crawled (200) <GET https://www.qut.edu.au/study/unit?unitCode=CAB403 via http://localhost:8050/execute> (referer: None)
2025-04-15 11:08:52 [unit_spider] INFO: 开始解析页面: https://www.qut.edu.au/study/unit?unitCode=CAB403
2025-04-15 11:08:52 [unit_spider] DEBUG: 开始提取基本信息
2025-04-15 11:08:52 [unit_spider] INFO: 成功提取单元信息: CAB403
2025-04-15 11:08:52 [unit_spider] DEBUG: 提取的字段: ['unit_code', 'unit_name', 'faculty', 'description', 'study_area', 'credit_points', 'prerequisites', 'antirequisites', 'corequisites', 'equivalents', 'assumed_knowledge']
2025-04-15 11:08:52 [scrapy.core.scraper] DEBUG: Scraped from <200 https://www.qut.edu.au/study/unit?unitCode=CAB403>
{'unit_code': 'CAB403', 'unit_name': 'Systems Programming', 'faculty': 'Faculty of Science', 'description': 'Most of our other Computer Science units focus on high-level applications programming. Applications programmers are insulated from the low- level intricacies of the underlying hardware by making use of services provided by the operating system such as threads, virtual memory, file systems and device drivers. This unit focuses on Systems Programming, where the programmer can’t necessarily rely on high level services provided by the operating system and must interact directly with the underlying hardware. Systems software is either part of the operating system or software that operates at a similar level.&nbsp;This unit aims to give you practical programming skills for developing systems level applications and services.', 'study_area': 'Science', 'credit_points': 12, 'prerequisites': '( CAB201 or MZB126 or EGB103 or EGD103 or ITD121) and CAB202 To enrol in this unit, you must have completed these prerequisite units (or have credit, advanced standing or exemption for them), or be able to demonstrate that you have equivalent background knowledge.', 'antirequisites': 'INN365 You can’t enrol in this unit if you have completed any of these anti-requisite units.', 'corequisites': 'To enrol in this unit, you must have already completed these co-requisite units, or you must enrol in them at the same time.', 'equivalents': 'INB365, ITB706, ITB745 You can’t enrol in this unit if you have completed any of these equivalent units.', 'assumed_knowledge': 'We assume that you have a minimum level of knowledge in certain areas before you start this unit.'}
2025-04-15 11:08:55 [scrapy.core.engine] DEBUG: Crawled (200) <GET https://www.qut.edu.au/study/unit?unitCode=IFN711 via http://localhost:8050/execute> (referer: None)
2025-04-15 11:08:55 [unit_spider] INFO: 开始解析页面: https://www.qut.edu.au/study/unit?unitCode=IFN711
2025-04-15 11:08:55 [unit_spider] DEBUG: 开始提取基本信息
2025-04-15 11:08:55 [unit_spider] INFO: 成功提取单元信息: IFN711
2025-04-15 11:08:55 [unit_spider] DEBUG: 提取的字段: ['unit_code', 'unit_name', 'faculty', 'description', 'study_area', 'credit_points', 'prerequisites', 'antirequisites', 'corequisites', 'equivalents', 'assumed_knowledge']
2025-04-15 11:08:55 [scrapy.core.scraper] DEBUG: Scraped from <200 https://www.qut.edu.au/study/unit?unitCode=IFN711>
{'unit_code': 'IFN711', 'unit_name': 'IT Industry Project', 'faculty': 'Faculty of Science', 'description': 'The aim of this unit is to help you apply skills previously attained in your degree in an advanced problem domain&nbsp;and to enable you to conduct a well-defined project with specific outcomes. The project addresses an industry&nbsp;problem through the application of IT theories, tools and techniques.&nbsp;You will develop project management skills to lead teams in complex and changing&nbsp;environments. This unit introduces a range of traditional and contemporary project management approaches.&nbsp;', 'study_area': 'Science', 'credit_points': 24, 'prerequisites': 'Completion of 96cp from (IN20 or IN27) or (Admission to IN23 and Completion of 48cp) To enrol in this unit, you must have completed these prerequisite units (or have credit, advanced standing or exemption for them), or be able to demonstrate that you have equivalent background knowledge.', 'antirequisites': 'IFN702 You can’t enrol in this unit if you have completed any of these anti-requisite units.', 'corequisites': 'To enrol in this unit, you must have already completed these co-requisite units, or you must enrol in them at the same time.', 'equivalents': 'You can’t enrol in this unit if you have completed any of these equivalent units.', 'assumed_knowledge': 'We assume that you have a minimum level of knowledge in certain areas before you start this unit.'}
2025-04-15 11:08:55 [scrapy.core.engine] INFO: Closing spider (finished)
2025-04-15 11:08:55 [scrapy.statscollectors] INFO: Dumping Scrapy stats:
{'downloader/request_bytes': 21540,
 'downloader/request_count': 6,
 'downloader/request_method_count/POST': 6,
 'downloader/response_bytes': 7523108,
 'downloader/response_count': 6,
 'downloader/response_status_count/200': 6,
 'elapsed_time_seconds': 20.362151,
 'finish_reason': 'finished',
 'finish_time': datetime.datetime(2025, 4, 15, 1, 8, 55, 752946, tzinfo=datetime.timezone.utc),
 'item_scraped_count': 6,
 'items_per_minute': None,
 'log_count/DEBUG': 34,
 'log_count/ERROR': 1,
 'log_count/INFO': 22,
 'log_count/WARNING': 1,
 'response_received_count': 6,
 'responses_per_minute': None,
 'scheduler/dequeued': 12,
 'scheduler/dequeued/memory': 12,
 'scheduler/enqueued': 12,
 'scheduler/enqueued/memory': 12,
 'splash/execute/request_count': 6,
 'splash/execute/response_count/200': 6,
 'start_time': datetime.datetime(2025, 4, 15, 1, 8, 35, 390795, tzinfo=datetime.timezone.utc)}
2025-04-15 11:08:55 [scrapy.core.engine] INFO: Spider closed (finished)
2025-04-15 11:13:51 [unit_spider] INFO: 爬虫初始化开始
2025-04-15 11:13:51 [unit_spider] INFO: 成功读取单元代码: ['CAB301', 'CAB302', 'CAB303', 'CAB401', 'CAB403', 'IFN711']
2025-04-15 11:13:51 [scrapy.addons] INFO: Enabled addons:
[]
2025-04-15 11:13:51 [asyncio] DEBUG: Using selector: SelectSelector
2025-04-15 11:13:51 [scrapy.utils.log] DEBUG: Using reactor: twisted.internet.asyncioreactor.AsyncioSelectorReactor
2025-04-15 11:13:51 [scrapy.utils.log] DEBUG: Using asyncio event loop: asyncio.windows_events._WindowsSelectorEventLoop
2025-04-15 11:13:51 [scrapy.utils.log] DEBUG: Using reactor: twisted.internet.asyncioreactor.AsyncioSelectorReactor
2025-04-15 11:13:51 [scrapy.utils.log] DEBUG: Using asyncio event loop: asyncio.windows_events._WindowsSelectorEventLoop
2025-04-15 11:13:51 [scrapy.extensions.telnet] INFO: Telnet Password: 954f16bf270e9254
2025-04-15 11:13:51 [scrapy.middleware] INFO: Enabled extensions:
['scrapy.extensions.corestats.CoreStats',
 'scrapy.extensions.telnet.TelnetConsole',
 'scrapy.extensions.logstats.LogStats']
2025-04-15 11:13:51 [scrapy.crawler] INFO: Overridden settings:
{'BOT_NAME': 'qut_unit_spider',
 'DOWNLOAD_DELAY': 2,
 'DUPEFILTER_CLASS': 'scrapy_splash.SplashAwareDupeFilter',
 'FEED_EXPORT_ENCODING': 'utf-8',
 'LOG_FILE': 'spider_debug.log',
 'NEWSPIDER_MODULE': 'qut_unit_spider.spiders',
 'SPIDER_MODULES': ['qut_unit_spider.spiders'],
 'TWISTED_REACTOR': 'twisted.internet.asyncioreactor.AsyncioSelectorReactor',
 'USER_AGENT': 'Mozilla/5.0 (Windows NT 10.0; Win64; x64) AppleWebKit/537.36 '
               '(KHTML, like Gecko) Chrome/91.0.4472.124 Safari/537.36'}
2025-04-15 11:13:51 [scrapy.middleware] INFO: Enabled downloader middlewares:
['scrapy.downloadermiddlewares.offsite.OffsiteMiddleware',
 'scrapy.downloadermiddlewares.httpauth.HttpAuthMiddleware',
 'scrapy.downloadermiddlewares.downloadtimeout.DownloadTimeoutMiddleware',
 'scrapy.downloadermiddlewares.defaultheaders.DefaultHeadersMiddleware',
 'scrapy.downloadermiddlewares.useragent.UserAgentMiddleware',
 'scrapy.downloadermiddlewares.retry.RetryMiddleware',
 'scrapy.downloadermiddlewares.redirect.MetaRefreshMiddleware',
 'scrapy.downloadermiddlewares.redirect.RedirectMiddleware',
 'scrapy.downloadermiddlewares.cookies.CookiesMiddleware',
 'scrapy_splash.SplashCookiesMiddleware',
 'scrapy_splash.SplashMiddleware',
 'scrapy.downloadermiddlewares.httpproxy.HttpProxyMiddleware',
 'scrapy.downloadermiddlewares.httpcompression.HttpCompressionMiddleware',
 'scrapy.downloadermiddlewares.stats.DownloaderStats']
2025-04-15 11:13:51 [scrapy.middleware] INFO: Enabled spider middlewares:
['scrapy.spidermiddlewares.httperror.HttpErrorMiddleware',
 'scrapy_splash.SplashDeduplicateArgsMiddleware',
 'scrapy.spidermiddlewares.referer.RefererMiddleware',
 'scrapy.spidermiddlewares.urllength.UrlLengthMiddleware',
 'scrapy.spidermiddlewares.depth.DepthMiddleware']
2025-04-15 11:13:51 [scrapy.middleware] INFO: Enabled item pipelines:
[]
2025-04-15 11:13:51 [scrapy.core.engine] INFO: Spider opened
2025-04-15 11:13:51 [scrapy.extensions.logstats] INFO: Crawled 0 pages (at 0 pages/min), scraped 0 items (at 0 items/min)
2025-04-15 11:13:51 [scrapy.extensions.telnet] INFO: Telnet console listening on 127.0.0.1:6023
2025-04-15 11:13:51 [unit_spider] INFO: 开始发送请求
2025-04-15 11:13:51 [unit_spider] DEBUG: 准备请求URL: https://www.qut.edu.au/study/unit?unitCode=CAB301
2025-04-15 11:13:51 [py.warnings] WARNING: C:\Users\43819\AppData\Local\Programs\Python\Python313\Lib\site-packages\scrapy_splash\middleware.py:498: ScrapyDeprecationWarning: Use of this protected method is deprecated. Consider using its corresponding public method get_slot_key() instead.
  return self.crawler.engine.downloader._get_slot_key(

2025-04-15 11:13:51 [unit_spider] DEBUG: 准备请求URL: https://www.qut.edu.au/study/unit?unitCode=CAB302
2025-04-15 11:13:51 [unit_spider] DEBUG: 准备请求URL: https://www.qut.edu.au/study/unit?unitCode=CAB303
2025-04-15 11:13:51 [unit_spider] DEBUG: 准备请求URL: https://www.qut.edu.au/study/unit?unitCode=CAB401
2025-04-15 11:13:51 [unit_spider] DEBUG: 准备请求URL: https://www.qut.edu.au/study/unit?unitCode=CAB403
2025-04-15 11:13:51 [unit_spider] DEBUG: 准备请求URL: https://www.qut.edu.au/study/unit?unitCode=IFN711
2025-04-15 11:13:58 [scrapy.core.engine] DEBUG: Crawled (200) <GET https://www.qut.edu.au/study/unit?unitCode=CAB301 via http://localhost:8050/execute> (referer: None)
2025-04-15 11:13:58 [unit_spider] INFO: 开始解析页面: https://www.qut.edu.au/study/unit?unitCode=CAB301
2025-04-15 11:13:58 [unit_spider] DEBUG: 开始提取基本信息
2025-04-15 11:13:58 [unit_spider] INFO: 成功提取单元信息: CAB301
2025-04-15 11:13:58 [unit_spider] DEBUG: 提取的字段: ['unit_code', 'faculty', 'school', 'study_area', 'credit_points', 'prerequisites', 'equivalents']
2025-04-15 11:13:58 [scrapy.core.scraper] DEBUG: Scraped from <200 https://www.qut.edu.au/study/unit?unitCode=CAB301>
{'unit_code': 'CAB301', 'faculty': 'Faculty of Science', 'school': 'School of Computer Science', 'study_area': 'Science', 'credit_points': 12, 'prerequisites': '( CAB201 or ITD121) To enrol in this unit, you must have completed these prerequisite units (or have credit, advanced standing or exemption for them), or be able to demonstrate that you have equivalent background knowledge.', 'equivalents': 'INB371 You can’t enrol in this unit if you have completed any of these equivalent units.'}
2025-04-15 11:14:01 [scrapy.core.engine] DEBUG: Crawled (200) <GET https://www.qut.edu.au/study/unit?unitCode=CAB302 via http://localhost:8050/execute> (referer: None)
2025-04-15 11:14:01 [unit_spider] INFO: 开始解析页面: https://www.qut.edu.au/study/unit?unitCode=CAB302
2025-04-15 11:14:01 [unit_spider] DEBUG: 开始提取基本信息
2025-04-15 11:14:01 [unit_spider] INFO: 成功提取单元信息: CAB302
2025-04-15 11:14:01 [unit_spider] DEBUG: 提取的字段: ['unit_code', 'faculty', 'school', 'study_area', 'credit_points', 'prerequisites', 'equivalents']
2025-04-15 11:14:01 [scrapy.core.scraper] DEBUG: Scraped from <200 https://www.qut.edu.au/study/unit?unitCode=CAB302>
{'unit_code': 'CAB302', 'faculty': 'Faculty of Science', 'school': 'School of Computer Science', 'study_area': 'Science', 'credit_points': 12, 'prerequisites': 'CAB201 or INB270 or ITD121 To enrol in this unit, you must have completed these prerequisite units (or have credit, advanced standing or exemption for them), or be able to demonstrate that you have equivalent background knowledge.', 'equivalents': 'INB370 You can’t enrol in this unit if you have completed any of these equivalent units.'}
2025-04-15 11:14:03 [scrapy.core.engine] DEBUG: Crawled (200) <GET https://www.qut.edu.au/study/unit?unitCode=CAB303 via http://localhost:8050/execute> (referer: None)
2025-04-15 11:14:03 [unit_spider] INFO: 开始解析页面: https://www.qut.edu.au/study/unit?unitCode=CAB303
2025-04-15 11:14:03 [unit_spider] DEBUG: 开始提取基本信息
2025-04-15 11:14:03 [unit_spider] ERROR: 未能提取到unit code: https://www.qut.edu.au/study/unit?unitCode=CAB303
2025-04-15 11:14:03 [scrapy.core.scraper] DEBUG: Scraped from <200 https://www.qut.edu.au/study/unit?unitCode=CAB303>
{}
2025-04-15 11:14:06 [scrapy.core.engine] DEBUG: Crawled (200) <GET https://www.qut.edu.au/study/unit?unitCode=CAB401 via http://localhost:8050/execute> (referer: None)
2025-04-15 11:14:06 [unit_spider] INFO: 开始解析页面: https://www.qut.edu.au/study/unit?unitCode=CAB401
2025-04-15 11:14:06 [unit_spider] DEBUG: 开始提取基本信息
2025-04-15 11:14:06 [unit_spider] INFO: 成功提取单元信息: CAB401
2025-04-15 11:14:06 [unit_spider] DEBUG: 提取的字段: ['unit_code', 'faculty', 'school', 'study_area', 'credit_points', 'prerequisites', 'equivalents']
2025-04-15 11:14:06 [scrapy.core.scraper] DEBUG: Scraped from <200 https://www.qut.edu.au/study/unit?unitCode=CAB401>
{'unit_code': 'CAB401', 'faculty': 'Faculty of Science', 'school': 'School of Computer Science', 'study_area': 'Science', 'credit_points': 12, 'prerequisites': 'IFN584 or (IFN563 and IFN564) or ( IFQ563 and IFQ564 ) or CAB301 or IFN505 To enrol in this unit, you must have completed these prerequisite units (or have credit, advanced standing or exemption for them), or be able to demonstrate that you have equivalent background knowledge.', 'equivalents': 'INB375 You can’t enrol in this unit if you have completed any of these equivalent units.'}
2025-04-15 11:14:08 [scrapy.core.engine] DEBUG: Crawled (200) <GET https://www.qut.edu.au/study/unit?unitCode=CAB403 via http://localhost:8050/execute> (referer: None)
2025-04-15 11:14:08 [unit_spider] INFO: 开始解析页面: https://www.qut.edu.au/study/unit?unitCode=CAB403
2025-04-15 11:14:08 [unit_spider] DEBUG: 开始提取基本信息
2025-04-15 11:14:08 [unit_spider] INFO: 成功提取单元信息: CAB403
2025-04-15 11:14:08 [unit_spider] DEBUG: 提取的字段: ['unit_code', 'faculty', 'school', 'study_area', 'credit_points', 'prerequisites', 'equivalents']
2025-04-15 11:14:08 [scrapy.core.scraper] DEBUG: Scraped from <200 https://www.qut.edu.au/study/unit?unitCode=CAB403>
{'unit_code': 'CAB403', 'faculty': 'Faculty of Science', 'school': 'School of Computer Science', 'study_area': 'Science', 'credit_points': 12, 'prerequisites': '( CAB201 or MZB126 or EGB103 or EGD103 or ITD121) and CAB202 To enrol in this unit, you must have completed these prerequisite units (or have credit, advanced standing or exemption for them), or be able to demonstrate that you have equivalent background knowledge.', 'equivalents': 'INB365, ITB706, ITB745 You can’t enrol in this unit if you have completed any of these equivalent units.'}
2025-04-15 11:14:10 [scrapy.core.engine] DEBUG: Crawled (200) <GET https://www.qut.edu.au/study/unit?unitCode=IFN711 via http://localhost:8050/execute> (referer: None)
2025-04-15 11:14:10 [unit_spider] INFO: 开始解析页面: https://www.qut.edu.au/study/unit?unitCode=IFN711
2025-04-15 11:14:10 [unit_spider] DEBUG: 开始提取基本信息
2025-04-15 11:14:10 [unit_spider] INFO: 成功提取单元信息: IFN711
2025-04-15 11:14:10 [unit_spider] DEBUG: 提取的字段: ['unit_code', 'faculty', 'school', 'study_area', 'credit_points', 'prerequisites', 'equivalents']
2025-04-15 11:14:10 [scrapy.core.scraper] DEBUG: Scraped from <200 https://www.qut.edu.au/study/unit?unitCode=IFN711>
{'unit_code': 'IFN711', 'faculty': 'Faculty of Science', 'school': 'School of Information Systems', 'study_area': 'Science', 'credit_points': 24, 'prerequisites': 'Completion of 96cp from (IN20 or IN27) or (Admission to IN23 and Completion of 48cp) To enrol in this unit, you must have completed these prerequisite units (or have credit, advanced standing or exemption for them), or be able to demonstrate that you have equivalent background knowledge.', 'equivalents': 'You can’t enrol in this unit if you have completed any of these equivalent units.'}
2025-04-15 11:14:10 [scrapy.core.engine] INFO: Closing spider (finished)
2025-04-15 11:14:10 [scrapy.statscollectors] INFO: Dumping Scrapy stats:
{'downloader/request_bytes': 21540,
 'downloader/request_count': 6,
 'downloader/request_method_count/POST': 6,
 'downloader/response_bytes': 7514007,
 'downloader/response_count': 6,
 'downloader/response_status_count/200': 6,
 'elapsed_time_seconds': 19.291427,
 'finish_reason': 'finished',
 'finish_time': datetime.datetime(2025, 4, 15, 1, 14, 10, 749502, tzinfo=datetime.timezone.utc),
 'item_scraped_count': 6,
 'items_per_minute': None,
 'log_count/DEBUG': 34,
 'log_count/ERROR': 1,
 'log_count/INFO': 22,
 'log_count/WARNING': 1,
 'response_received_count': 6,
 'responses_per_minute': None,
 'scheduler/dequeued': 12,
 'scheduler/dequeued/memory': 12,
 'scheduler/enqueued': 12,
 'scheduler/enqueued/memory': 12,
 'splash/execute/request_count': 6,
 'splash/execute/response_count/200': 6,
 'start_time': datetime.datetime(2025, 4, 15, 1, 13, 51, 458075, tzinfo=datetime.timezone.utc)}
2025-04-15 11:14:10 [scrapy.core.engine] INFO: Spider closed (finished)
2025-04-15 11:19:06 [unit_spider] INFO: 爬虫初始化开始
2025-04-15 11:19:06 [unit_spider] INFO: 成功读取单元代码: ['CAB301', 'CAB302', 'CAB303', 'CAB401', 'CAB403', 'IFN711']
2025-04-15 11:19:06 [scrapy.addons] INFO: Enabled addons:
[]
2025-04-15 11:19:06 [asyncio] DEBUG: Using selector: SelectSelector
2025-04-15 11:19:06 [scrapy.utils.log] DEBUG: Using reactor: twisted.internet.asyncioreactor.AsyncioSelectorReactor
2025-04-15 11:19:06 [scrapy.utils.log] DEBUG: Using asyncio event loop: asyncio.windows_events._WindowsSelectorEventLoop
2025-04-15 11:19:06 [scrapy.utils.log] DEBUG: Using reactor: twisted.internet.asyncioreactor.AsyncioSelectorReactor
2025-04-15 11:19:06 [scrapy.utils.log] DEBUG: Using asyncio event loop: asyncio.windows_events._WindowsSelectorEventLoop
2025-04-15 11:19:06 [scrapy.extensions.telnet] INFO: Telnet Password: 1c19f2ec58d540c5
2025-04-15 11:19:06 [scrapy.middleware] INFO: Enabled extensions:
['scrapy.extensions.corestats.CoreStats',
 'scrapy.extensions.telnet.TelnetConsole',
 'scrapy.extensions.logstats.LogStats']
2025-04-15 11:19:06 [scrapy.crawler] INFO: Overridden settings:
{'BOT_NAME': 'qut_unit_spider',
 'DOWNLOAD_DELAY': 2,
 'DUPEFILTER_CLASS': 'scrapy_splash.SplashAwareDupeFilter',
 'FEED_EXPORT_ENCODING': 'utf-8',
 'LOG_FILE': 'spider_debug.log',
 'NEWSPIDER_MODULE': 'qut_unit_spider.spiders',
 'SPIDER_MODULES': ['qut_unit_spider.spiders'],
 'TWISTED_REACTOR': 'twisted.internet.asyncioreactor.AsyncioSelectorReactor',
 'USER_AGENT': 'Mozilla/5.0 (Windows NT 10.0; Win64; x64) AppleWebKit/537.36 '
               '(KHTML, like Gecko) Chrome/91.0.4472.124 Safari/537.36'}
2025-04-15 11:19:06 [scrapy.middleware] INFO: Enabled downloader middlewares:
['scrapy.downloadermiddlewares.offsite.OffsiteMiddleware',
 'scrapy.downloadermiddlewares.httpauth.HttpAuthMiddleware',
 'scrapy.downloadermiddlewares.downloadtimeout.DownloadTimeoutMiddleware',
 'scrapy.downloadermiddlewares.defaultheaders.DefaultHeadersMiddleware',
 'scrapy.downloadermiddlewares.useragent.UserAgentMiddleware',
 'scrapy.downloadermiddlewares.retry.RetryMiddleware',
 'scrapy.downloadermiddlewares.redirect.MetaRefreshMiddleware',
 'scrapy.downloadermiddlewares.redirect.RedirectMiddleware',
 'scrapy.downloadermiddlewares.cookies.CookiesMiddleware',
 'scrapy_splash.SplashCookiesMiddleware',
 'scrapy_splash.SplashMiddleware',
 'scrapy.downloadermiddlewares.httpproxy.HttpProxyMiddleware',
 'scrapy.downloadermiddlewares.httpcompression.HttpCompressionMiddleware',
 'scrapy.downloadermiddlewares.stats.DownloaderStats']
2025-04-15 11:19:06 [scrapy.middleware] INFO: Enabled spider middlewares:
['scrapy.spidermiddlewares.httperror.HttpErrorMiddleware',
 'scrapy_splash.SplashDeduplicateArgsMiddleware',
 'scrapy.spidermiddlewares.referer.RefererMiddleware',
 'scrapy.spidermiddlewares.urllength.UrlLengthMiddleware',
 'scrapy.spidermiddlewares.depth.DepthMiddleware']
2025-04-15 11:19:06 [scrapy.middleware] INFO: Enabled item pipelines:
[]
2025-04-15 11:19:06 [scrapy.core.engine] INFO: Spider opened
2025-04-15 11:19:06 [scrapy.extensions.logstats] INFO: Crawled 0 pages (at 0 pages/min), scraped 0 items (at 0 items/min)
2025-04-15 11:19:06 [scrapy.extensions.telnet] INFO: Telnet console listening on 127.0.0.1:6023
2025-04-15 11:19:06 [unit_spider] INFO: 开始发送请求
2025-04-15 11:19:06 [unit_spider] DEBUG: 准备请求URL: https://www.qut.edu.au/study/unit?unitCode=CAB301
2025-04-15 11:19:06 [unit_spider] DEBUG: 准备请求URL: https://www.qut.edu.au/study/unit?unitCode=CAB302
2025-04-15 11:19:06 [unit_spider] DEBUG: 准备请求URL: https://www.qut.edu.au/study/unit?unitCode=CAB303
2025-04-15 11:19:06 [unit_spider] DEBUG: 准备请求URL: https://www.qut.edu.au/study/unit?unitCode=CAB401
2025-04-15 11:19:06 [unit_spider] DEBUG: 准备请求URL: https://www.qut.edu.au/study/unit?unitCode=CAB403
2025-04-15 11:19:06 [unit_spider] DEBUG: 准备请求URL: https://www.qut.edu.au/study/unit?unitCode=IFN711
2025-04-15 11:19:07 [scrapy.core.engine] DEBUG: Crawled (200) <GET https://www.qut.edu.au/study/unit?unitCode=CAB301> (referer: None)
2025-04-15 11:19:07 [unit_spider] INFO: 开始解析页面: https://www.qut.edu.au/study/unit?unitCode=CAB301
2025-04-15 11:19:07 [unit_spider] INFO: 成功提取单元信息: CAB301
2025-04-15 11:19:07 [unit_spider] DEBUG: 提取的字段: ['unit_code', 'faculty', 'school', 'study_area', 'credit_points', 'prerequisites', 'equivalents']
2025-04-15 11:19:07 [scrapy.core.scraper] DEBUG: Scraped from <200 https://www.qut.edu.au/study/unit?unitCode=CAB301>
{'unit_code': 'CAB301', 'faculty': 'Faculty of Science', 'school': 'School of Computer Science', 'study_area': 'Science', 'credit_points': 12, 'prerequisites': '( CAB201 or ITD121) To enrol in this unit, you must have completed these prerequisite units (or have credit, advanced standing or exemption for them), or be able to demonstrate that you have equivalent background knowledge.', 'equivalents': 'INB371 You can’t enrol in this unit if you have completed any of these equivalent units.'}
2025-04-15 11:19:10 [scrapy.core.engine] DEBUG: Crawled (200) <GET https://www.qut.edu.au/study/unit?unitCode=CAB302> (referer: None)
2025-04-15 11:19:10 [unit_spider] INFO: 开始解析页面: https://www.qut.edu.au/study/unit?unitCode=CAB302
2025-04-15 11:19:10 [unit_spider] INFO: 成功提取单元信息: CAB302
2025-04-15 11:19:10 [unit_spider] DEBUG: 提取的字段: ['unit_code', 'faculty', 'school', 'study_area', 'credit_points', 'prerequisites', 'equivalents']
2025-04-15 11:19:10 [scrapy.core.scraper] DEBUG: Scraped from <200 https://www.qut.edu.au/study/unit?unitCode=CAB302>
{'unit_code': 'CAB302', 'faculty': 'Faculty of Science', 'school': 'School of Computer Science', 'study_area': 'Science', 'credit_points': 12, 'prerequisites': 'CAB201 or INB270 or ITD121 To enrol in this unit, you must have completed these prerequisite units (or have credit, advanced standing or exemption for them), or be able to demonstrate that you have equivalent background knowledge.', 'equivalents': 'INB370 You can’t enrol in this unit if you have completed any of these equivalent units.'}
2025-04-15 11:19:12 [scrapy.core.engine] DEBUG: Crawled (200) <GET https://www.qut.edu.au/study/unit?unitCode=CAB303> (referer: None)
2025-04-15 11:19:12 [unit_spider] INFO: 开始解析页面: https://www.qut.edu.au/study/unit?unitCode=CAB303
2025-04-15 11:19:12 [unit_spider] ERROR: 未能提取到unit code: https://www.qut.edu.au/study/unit?unitCode=CAB303
2025-04-15 11:19:12 [scrapy.core.scraper] DEBUG: Scraped from <200 https://www.qut.edu.au/study/unit?unitCode=CAB303>
{}
2025-04-15 11:19:15 [scrapy.core.engine] DEBUG: Crawled (200) <GET https://www.qut.edu.au/study/unit?unitCode=CAB401> (referer: None)
2025-04-15 11:19:15 [unit_spider] INFO: 开始解析页面: https://www.qut.edu.au/study/unit?unitCode=CAB401
2025-04-15 11:19:15 [unit_spider] INFO: 成功提取单元信息: CAB401
2025-04-15 11:19:15 [unit_spider] DEBUG: 提取的字段: ['unit_code', 'faculty', 'school', 'study_area', 'credit_points', 'prerequisites', 'equivalents']
2025-04-15 11:19:15 [scrapy.core.scraper] DEBUG: Scraped from <200 https://www.qut.edu.au/study/unit?unitCode=CAB401>
{'unit_code': 'CAB401', 'faculty': 'Faculty of Science', 'school': 'School of Computer Science', 'study_area': 'Science', 'credit_points': 12, 'prerequisites': 'IFN584 or (IFN563 and IFN564) or ( IFQ563 and IFQ564 ) or CAB301 or IFN505 To enrol in this unit, you must have completed these prerequisite units (or have credit, advanced standing or exemption for them), or be able to demonstrate that you have equivalent background knowledge.', 'equivalents': 'INB375 You can’t enrol in this unit if you have completed any of these equivalent units.'}
2025-04-15 11:19:15 [scrapy.core.engine] DEBUG: Crawled (200) <GET https://www.qut.edu.au/study/unit?unitCode=CAB403> (referer: None)
2025-04-15 11:19:16 [unit_spider] INFO: 开始解析页面: https://www.qut.edu.au/study/unit?unitCode=CAB403
2025-04-15 11:19:16 [unit_spider] INFO: 成功提取单元信息: CAB403
2025-04-15 11:19:16 [unit_spider] DEBUG: 提取的字段: ['unit_code', 'faculty', 'school', 'study_area', 'credit_points', 'prerequisites', 'equivalents']
2025-04-15 11:19:16 [scrapy.core.scraper] DEBUG: Scraped from <200 https://www.qut.edu.au/study/unit?unitCode=CAB403>
{'unit_code': 'CAB403', 'faculty': 'Faculty of Science', 'school': 'School of Computer Science', 'study_area': 'Science', 'credit_points': 12, 'prerequisites': '( CAB201 or MZB126 or EGB103 or EGD103 or ITD121) and CAB202 To enrol in this unit, you must have completed these prerequisite units (or have credit, advanced standing or exemption for them), or be able to demonstrate that you have equivalent background knowledge.', 'equivalents': 'INB365, ITB706, ITB745 You can’t enrol in this unit if you have completed any of these equivalent units.'}
2025-04-15 11:19:17 [scrapy.core.engine] DEBUG: Crawled (200) <GET https://www.qut.edu.au/study/unit?unitCode=IFN711> (referer: None)
2025-04-15 11:19:18 [unit_spider] INFO: 开始解析页面: https://www.qut.edu.au/study/unit?unitCode=IFN711
2025-04-15 11:19:18 [unit_spider] INFO: 成功提取单元信息: IFN711
2025-04-15 11:19:18 [unit_spider] DEBUG: 提取的字段: ['unit_code', 'faculty', 'school', 'study_area', 'credit_points', 'prerequisites', 'equivalents']
2025-04-15 11:19:18 [scrapy.core.scraper] DEBUG: Scraped from <200 https://www.qut.edu.au/study/unit?unitCode=IFN711>
{'unit_code': 'IFN711', 'faculty': 'Faculty of Science', 'school': 'School of Information Systems', 'study_area': 'Science', 'credit_points': 24, 'prerequisites': 'Completion of 96cp from (IN20 or IN27) or (Admission to IN23 and Completion of 48cp) To enrol in this unit, you must have completed these prerequisite units (or have credit, advanced standing or exemption for them), or be able to demonstrate that you have equivalent background knowledge.', 'equivalents': 'You can’t enrol in this unit if you have completed any of these equivalent units.'}
2025-04-15 11:19:18 [scrapy.core.engine] INFO: Closing spider (finished)
2025-04-15 11:19:18 [scrapy.statscollectors] INFO: Dumping Scrapy stats:
{'downloader/request_bytes': 1926,
 'downloader/request_count': 6,
 'downloader/request_method_count/GET': 6,
 'downloader/response_bytes': 157910,
 'downloader/response_count': 6,
 'downloader/response_status_count/200': 6,
 'elapsed_time_seconds': 11.507947,
 'finish_reason': 'finished',
 'finish_time': datetime.datetime(2025, 4, 15, 1, 19, 18, 72219, tzinfo=datetime.timezone.utc),
 'httpcompression/response_bytes': 1039831,
 'httpcompression/response_count': 6,
 'item_scraped_count': 6,
 'items_per_minute': None,
 'log_count/DEBUG': 28,
 'log_count/ERROR': 1,
 'log_count/INFO': 22,
 'response_received_count': 6,
 'responses_per_minute': None,
 'scheduler/dequeued': 6,
 'scheduler/dequeued/memory': 6,
 'scheduler/enqueued': 6,
 'scheduler/enqueued/memory': 6,
 'start_time': datetime.datetime(2025, 4, 15, 1, 19, 6, 564272, tzinfo=datetime.timezone.utc)}
2025-04-15 11:19:18 [scrapy.core.engine] INFO: Spider closed (finished)
2025-04-15 11:43:04 [unit_spider] INFO: 爬虫初始化开始
2025-04-15 11:43:04 [unit_spider] INFO: 成功读取单元代码: ['CAB301', 'CAB302', 'CAB303', 'CAB401', 'CAB403', 'IFN711']
2025-04-15 11:43:04 [scrapy.addons] INFO: Enabled addons:
[]
2025-04-15 11:43:04 [asyncio] DEBUG: Using selector: SelectSelector
2025-04-15 11:43:04 [scrapy.utils.log] DEBUG: Using reactor: twisted.internet.asyncioreactor.AsyncioSelectorReactor
2025-04-15 11:43:04 [scrapy.utils.log] DEBUG: Using asyncio event loop: asyncio.windows_events._WindowsSelectorEventLoop
2025-04-15 11:43:04 [scrapy.utils.log] DEBUG: Using reactor: twisted.internet.asyncioreactor.AsyncioSelectorReactor
2025-04-15 11:43:04 [scrapy.utils.log] DEBUG: Using asyncio event loop: asyncio.windows_events._WindowsSelectorEventLoop
2025-04-15 11:43:04 [scrapy.extensions.telnet] INFO: Telnet Password: fa6ba96b551862f2
2025-04-15 11:43:04 [scrapy.middleware] INFO: Enabled extensions:
['scrapy.extensions.corestats.CoreStats',
 'scrapy.extensions.telnet.TelnetConsole',
 'scrapy.extensions.logstats.LogStats']
2025-04-15 11:43:04 [scrapy.crawler] INFO: Overridden settings:
{'BOT_NAME': 'qut_unit_spider',
 'DOWNLOAD_DELAY': 2,
 'DUPEFILTER_CLASS': 'scrapy_splash.SplashAwareDupeFilter',
 'FEED_EXPORT_ENCODING': 'utf-8',
 'LOG_FILE': 'spider_debug.log',
 'NEWSPIDER_MODULE': 'qut_unit_spider.spiders',
 'SPIDER_MODULES': ['qut_unit_spider.spiders'],
 'TWISTED_REACTOR': 'twisted.internet.asyncioreactor.AsyncioSelectorReactor',
 'USER_AGENT': 'Mozilla/5.0 (Windows NT 10.0; Win64; x64) AppleWebKit/537.36 '
               '(KHTML, like Gecko) Chrome/91.0.4472.124 Safari/537.36'}
2025-04-15 11:43:04 [scrapy.middleware] INFO: Enabled downloader middlewares:
['scrapy.downloadermiddlewares.offsite.OffsiteMiddleware',
 'scrapy.downloadermiddlewares.httpauth.HttpAuthMiddleware',
 'scrapy.downloadermiddlewares.downloadtimeout.DownloadTimeoutMiddleware',
 'scrapy.downloadermiddlewares.defaultheaders.DefaultHeadersMiddleware',
 'scrapy.downloadermiddlewares.useragent.UserAgentMiddleware',
 'scrapy.downloadermiddlewares.retry.RetryMiddleware',
 'scrapy.downloadermiddlewares.redirect.MetaRefreshMiddleware',
 'scrapy.downloadermiddlewares.redirect.RedirectMiddleware',
 'scrapy.downloadermiddlewares.cookies.CookiesMiddleware',
 'scrapy_splash.SplashCookiesMiddleware',
 'scrapy_splash.SplashMiddleware',
 'scrapy.downloadermiddlewares.httpproxy.HttpProxyMiddleware',
 'scrapy.downloadermiddlewares.httpcompression.HttpCompressionMiddleware',
 'scrapy.downloadermiddlewares.stats.DownloaderStats']
2025-04-15 11:43:04 [scrapy.middleware] INFO: Enabled spider middlewares:
['scrapy.spidermiddlewares.httperror.HttpErrorMiddleware',
 'scrapy_splash.SplashDeduplicateArgsMiddleware',
 'scrapy.spidermiddlewares.referer.RefererMiddleware',
 'scrapy.spidermiddlewares.urllength.UrlLengthMiddleware',
 'scrapy.spidermiddlewares.depth.DepthMiddleware']
2025-04-15 11:43:04 [scrapy.middleware] INFO: Enabled item pipelines:
[]
2025-04-15 11:43:04 [scrapy.core.engine] INFO: Spider opened
2025-04-15 11:43:04 [scrapy.extensions.logstats] INFO: Crawled 0 pages (at 0 pages/min), scraped 0 items (at 0 items/min)
2025-04-15 11:43:04 [scrapy.extensions.telnet] INFO: Telnet console listening on 127.0.0.1:6023
2025-04-15 11:43:04 [unit_spider] INFO: 开始发送请求
2025-04-15 11:43:04 [unit_spider] DEBUG: 准备请求URL: https://www.qut.edu.au/study/unit?unitCode=CAB301
2025-04-15 11:43:04 [unit_spider] DEBUG: 准备请求URL: https://www.qut.edu.au/study/unit?unitCode=CAB302
2025-04-15 11:43:04 [unit_spider] DEBUG: 准备请求URL: https://www.qut.edu.au/study/unit?unitCode=CAB303
2025-04-15 11:43:04 [unit_spider] DEBUG: 准备请求URL: https://www.qut.edu.au/study/unit?unitCode=CAB401
2025-04-15 11:43:04 [unit_spider] DEBUG: 准备请求URL: https://www.qut.edu.au/study/unit?unitCode=CAB403
2025-04-15 11:43:04 [unit_spider] DEBUG: 准备请求URL: https://www.qut.edu.au/study/unit?unitCode=IFN711
2025-04-15 11:43:06 [scrapy.core.engine] DEBUG: Crawled (200) <GET https://www.qut.edu.au/study/unit?unitCode=CAB301> (referer: None)
2025-04-15 11:43:06 [unit_spider] INFO: 开始解析页面: https://www.qut.edu.au/study/unit?unitCode=CAB301
2025-04-15 11:43:06 [unit_spider] ERROR: 处理页面时出错: 'NoneType' object has no attribute 'strip'
2025-04-15 11:43:06 [unit_spider] ERROR: Traceback (most recent call last):
  File "C:\Users\43819\Desktop\711_project\qut-courses\qut_unit_spider\qut_unit_spider\spiders\unit_spider.py", line 54, in parse
    unit_info["unit_name"] = response.xpath('//h1/text()').get().strip()
                             ^^^^^^^^^^^^^^^^^^^^^^^^^^^^^^^^^^^^^^^^^
AttributeError: 'NoneType' object has no attribute 'strip'

2025-04-15 11:43:06 [scrapy.core.scraper] DEBUG: Scraped from <200 https://www.qut.edu.au/study/unit?unitCode=CAB301>
{}
2025-04-15 11:43:08 [scrapy.core.engine] DEBUG: Crawled (200) <GET https://www.qut.edu.au/study/unit?unitCode=CAB302> (referer: None)
2025-04-15 11:43:09 [unit_spider] INFO: 开始解析页面: https://www.qut.edu.au/study/unit?unitCode=CAB302
2025-04-15 11:43:09 [unit_spider] ERROR: 处理页面时出错: 'NoneType' object has no attribute 'strip'
2025-04-15 11:43:09 [unit_spider] ERROR: Traceback (most recent call last):
  File "C:\Users\43819\Desktop\711_project\qut-courses\qut_unit_spider\qut_unit_spider\spiders\unit_spider.py", line 54, in parse
    unit_info["unit_name"] = response.xpath('//h1/text()').get().strip()
                             ^^^^^^^^^^^^^^^^^^^^^^^^^^^^^^^^^^^^^^^^^
AttributeError: 'NoneType' object has no attribute 'strip'

2025-04-15 11:43:09 [scrapy.core.scraper] DEBUG: Scraped from <200 https://www.qut.edu.au/study/unit?unitCode=CAB302>
{}
2025-04-15 11:43:11 [scrapy.core.engine] DEBUG: Crawled (200) <GET https://www.qut.edu.au/study/unit?unitCode=CAB303> (referer: None)
2025-04-15 11:43:12 [unit_spider] INFO: 开始解析页面: https://www.qut.edu.au/study/unit?unitCode=CAB303
2025-04-15 11:43:12 [unit_spider] ERROR: 处理页面时出错: 'NoneType' object has no attribute 'strip'
2025-04-15 11:43:12 [unit_spider] ERROR: Traceback (most recent call last):
  File "C:\Users\43819\Desktop\711_project\qut-courses\qut_unit_spider\qut_unit_spider\spiders\unit_spider.py", line 53, in parse
    unit_info["unit_code"] = response.xpath('//dt[contains(text(), "Unit code")]/following-sibling::dd[1]/text()').get().strip()
                             ^^^^^^^^^^^^^^^^^^^^^^^^^^^^^^^^^^^^^^^^^^^^^^^^^^^^^^^^^^^^^^^^^^^^^^^^^^^^^^^^^^^^^^^^^^^^^^^^^
AttributeError: 'NoneType' object has no attribute 'strip'

2025-04-15 11:43:12 [scrapy.core.scraper] DEBUG: Scraped from <200 https://www.qut.edu.au/study/unit?unitCode=CAB303>
{}
2025-04-15 11:43:14 [scrapy.core.engine] DEBUG: Crawled (200) <GET https://www.qut.edu.au/study/unit?unitCode=CAB401> (referer: None)
2025-04-15 11:43:14 [unit_spider] INFO: 开始解析页面: https://www.qut.edu.au/study/unit?unitCode=CAB401
2025-04-15 11:43:14 [unit_spider] ERROR: 处理页面时出错: 'NoneType' object has no attribute 'strip'
2025-04-15 11:43:14 [unit_spider] ERROR: Traceback (most recent call last):
  File "C:\Users\43819\Desktop\711_project\qut-courses\qut_unit_spider\qut_unit_spider\spiders\unit_spider.py", line 54, in parse
    unit_info["unit_name"] = response.xpath('//h1/text()').get().strip()
                             ^^^^^^^^^^^^^^^^^^^^^^^^^^^^^^^^^^^^^^^^^
AttributeError: 'NoneType' object has no attribute 'strip'

2025-04-15 11:43:14 [scrapy.core.scraper] DEBUG: Scraped from <200 https://www.qut.edu.au/study/unit?unitCode=CAB401>
{}
2025-04-15 11:43:16 [scrapy.core.engine] DEBUG: Crawled (200) <GET https://www.qut.edu.au/study/unit?unitCode=CAB403> (referer: None)
2025-04-15 11:43:16 [unit_spider] INFO: 开始解析页面: https://www.qut.edu.au/study/unit?unitCode=CAB403
2025-04-15 11:43:16 [unit_spider] ERROR: 处理页面时出错: 'NoneType' object has no attribute 'strip'
2025-04-15 11:43:16 [unit_spider] ERROR: Traceback (most recent call last):
  File "C:\Users\43819\Desktop\711_project\qut-courses\qut_unit_spider\qut_unit_spider\spiders\unit_spider.py", line 54, in parse
    unit_info["unit_name"] = response.xpath('//h1/text()').get().strip()
                             ^^^^^^^^^^^^^^^^^^^^^^^^^^^^^^^^^^^^^^^^^
AttributeError: 'NoneType' object has no attribute 'strip'

2025-04-15 11:43:16 [scrapy.core.scraper] DEBUG: Scraped from <200 https://www.qut.edu.au/study/unit?unitCode=CAB403>
{}
2025-04-15 11:43:18 [scrapy.core.engine] DEBUG: Crawled (200) <GET https://www.qut.edu.au/study/unit?unitCode=IFN711> (referer: None)
2025-04-15 11:43:18 [unit_spider] INFO: 开始解析页面: https://www.qut.edu.au/study/unit?unitCode=IFN711
2025-04-15 11:43:18 [unit_spider] ERROR: 处理页面时出错: 'NoneType' object has no attribute 'strip'
2025-04-15 11:43:18 [unit_spider] ERROR: Traceback (most recent call last):
  File "C:\Users\43819\Desktop\711_project\qut-courses\qut_unit_spider\qut_unit_spider\spiders\unit_spider.py", line 54, in parse
    unit_info["unit_name"] = response.xpath('//h1/text()').get().strip()
                             ^^^^^^^^^^^^^^^^^^^^^^^^^^^^^^^^^^^^^^^^^
AttributeError: 'NoneType' object has no attribute 'strip'

2025-04-15 11:43:18 [scrapy.core.scraper] DEBUG: Scraped from <200 https://www.qut.edu.au/study/unit?unitCode=IFN711>
{}
2025-04-15 11:43:18 [scrapy.core.engine] INFO: Closing spider (finished)
2025-04-15 11:43:18 [scrapy.statscollectors] INFO: Dumping Scrapy stats:
{'downloader/request_bytes': 1926,
 'downloader/request_count': 6,
 'downloader/request_method_count/GET': 6,
 'downloader/response_bytes': 158001,
 'downloader/response_count': 6,
 'downloader/response_status_count/200': 6,
 'elapsed_time_seconds': 14.089315,
 'finish_reason': 'finished',
 'finish_time': datetime.datetime(2025, 4, 15, 1, 43, 18, 960530, tzinfo=datetime.timezone.utc),
 'httpcompression/response_bytes': 1039831,
 'httpcompression/response_count': 6,
 'item_scraped_count': 6,
 'items_per_minute': None,
 'log_count/DEBUG': 23,
 'log_count/ERROR': 12,
 'log_count/INFO': 17,
 'response_received_count': 6,
 'responses_per_minute': None,
 'scheduler/dequeued': 6,
 'scheduler/dequeued/memory': 6,
 'scheduler/enqueued': 6,
 'scheduler/enqueued/memory': 6,
 'start_time': datetime.datetime(2025, 4, 15, 1, 43, 4, 871215, tzinfo=datetime.timezone.utc)}
2025-04-15 11:43:18 [scrapy.core.engine] INFO: Spider closed (finished)
2025-04-15 11:47:46 [unit_spider] INFO: 爬虫初始化开始
2025-04-15 11:47:46 [unit_spider] INFO: 成功读取单元代码: ['CAB301', 'CAB302', 'CAB303', 'CAB401', 'CAB403', 'IFN711']
2025-04-15 11:47:46 [scrapy.addons] INFO: Enabled addons:
[]
2025-04-15 11:47:46 [asyncio] DEBUG: Using selector: SelectSelector
2025-04-15 11:47:46 [scrapy.utils.log] DEBUG: Using reactor: twisted.internet.asyncioreactor.AsyncioSelectorReactor
2025-04-15 11:47:46 [scrapy.utils.log] DEBUG: Using asyncio event loop: asyncio.windows_events._WindowsSelectorEventLoop
2025-04-15 11:47:46 [scrapy.utils.log] DEBUG: Using reactor: twisted.internet.asyncioreactor.AsyncioSelectorReactor
2025-04-15 11:47:46 [scrapy.utils.log] DEBUG: Using asyncio event loop: asyncio.windows_events._WindowsSelectorEventLoop
2025-04-15 11:47:46 [scrapy.extensions.telnet] INFO: Telnet Password: 8695ae294aacf3bb
2025-04-15 11:47:46 [scrapy.middleware] INFO: Enabled extensions:
['scrapy.extensions.corestats.CoreStats',
 'scrapy.extensions.telnet.TelnetConsole',
 'scrapy.extensions.logstats.LogStats']
2025-04-15 11:47:46 [scrapy.crawler] INFO: Overridden settings:
{'BOT_NAME': 'qut_unit_spider',
 'DOWNLOAD_DELAY': 2,
 'DUPEFILTER_CLASS': 'scrapy_splash.SplashAwareDupeFilter',
 'FEED_EXPORT_ENCODING': 'utf-8',
 'LOG_FILE': 'spider_debug.log',
 'NEWSPIDER_MODULE': 'qut_unit_spider.spiders',
 'SPIDER_MODULES': ['qut_unit_spider.spiders'],
 'TWISTED_REACTOR': 'twisted.internet.asyncioreactor.AsyncioSelectorReactor',
 'USER_AGENT': 'Mozilla/5.0 (Windows NT 10.0; Win64; x64) AppleWebKit/537.36 '
               '(KHTML, like Gecko) Chrome/91.0.4472.124 Safari/537.36'}
2025-04-15 11:47:46 [scrapy.middleware] INFO: Enabled downloader middlewares:
['scrapy.downloadermiddlewares.offsite.OffsiteMiddleware',
 'scrapy.downloadermiddlewares.httpauth.HttpAuthMiddleware',
 'scrapy.downloadermiddlewares.downloadtimeout.DownloadTimeoutMiddleware',
 'scrapy.downloadermiddlewares.defaultheaders.DefaultHeadersMiddleware',
 'scrapy.downloadermiddlewares.useragent.UserAgentMiddleware',
 'scrapy.downloadermiddlewares.retry.RetryMiddleware',
 'scrapy.downloadermiddlewares.redirect.MetaRefreshMiddleware',
 'scrapy.downloadermiddlewares.redirect.RedirectMiddleware',
 'scrapy.downloadermiddlewares.cookies.CookiesMiddleware',
 'scrapy_splash.SplashCookiesMiddleware',
 'scrapy_splash.SplashMiddleware',
 'scrapy.downloadermiddlewares.httpproxy.HttpProxyMiddleware',
 'scrapy.downloadermiddlewares.httpcompression.HttpCompressionMiddleware',
 'scrapy.downloadermiddlewares.stats.DownloaderStats']
2025-04-15 11:47:46 [scrapy.middleware] INFO: Enabled spider middlewares:
['scrapy.spidermiddlewares.httperror.HttpErrorMiddleware',
 'scrapy_splash.SplashDeduplicateArgsMiddleware',
 'scrapy.spidermiddlewares.referer.RefererMiddleware',
 'scrapy.spidermiddlewares.urllength.UrlLengthMiddleware',
 'scrapy.spidermiddlewares.depth.DepthMiddleware']
2025-04-15 11:47:46 [scrapy.middleware] INFO: Enabled item pipelines:
[]
2025-04-15 11:47:46 [scrapy.core.engine] INFO: Spider opened
2025-04-15 11:47:46 [scrapy.extensions.logstats] INFO: Crawled 0 pages (at 0 pages/min), scraped 0 items (at 0 items/min)
2025-04-15 11:47:46 [scrapy.extensions.telnet] INFO: Telnet console listening on 127.0.0.1:6023
2025-04-15 11:47:46 [unit_spider] INFO: 开始发送请求
2025-04-15 11:47:46 [unit_spider] DEBUG: 准备请求URL: https://www.qut.edu.au/study/unit?unitCode=CAB301
2025-04-15 11:47:46 [py.warnings] WARNING: C:\Users\43819\AppData\Local\Programs\Python\Python313\Lib\site-packages\scrapy_splash\middleware.py:498: ScrapyDeprecationWarning: Use of this protected method is deprecated. Consider using its corresponding public method get_slot_key() instead.
  return self.crawler.engine.downloader._get_slot_key(

2025-04-15 11:47:46 [unit_spider] DEBUG: 准备请求URL: https://www.qut.edu.au/study/unit?unitCode=CAB302
2025-04-15 11:47:46 [unit_spider] DEBUG: 准备请求URL: https://www.qut.edu.au/study/unit?unitCode=CAB303
2025-04-15 11:47:46 [unit_spider] DEBUG: 准备请求URL: https://www.qut.edu.au/study/unit?unitCode=CAB401
2025-04-15 11:47:46 [unit_spider] DEBUG: 准备请求URL: https://www.qut.edu.au/study/unit?unitCode=CAB403
2025-04-15 11:47:46 [unit_spider] DEBUG: 准备请求URL: https://www.qut.edu.au/study/unit?unitCode=IFN711
2025-04-15 11:47:51 [scrapy.core.engine] DEBUG: Crawled (200) <GET https://www.qut.edu.au/study/unit?unitCode=CAB301 via http://localhost:8050/execute> (referer: None)
2025-04-15 11:47:51 [py.warnings] WARNING: C:\Users\43819\AppData\Local\Programs\Python\Python313\Lib\site-packages\scrapy_splash\middleware.py:498: ScrapyDeprecationWarning: Use of this protected method is deprecated. Consider using its corresponding public method get_slot_key() instead.
  return self.crawler.engine.downloader._get_slot_key(

2025-04-15 11:47:53 [scrapy.core.engine] DEBUG: Crawled (200) <GET https://www.qut.edu.au/study/unit?unitCode=CAB302 via http://localhost:8050/execute> (referer: None)
2025-04-15 11:47:53 [py.warnings] WARNING: C:\Users\43819\AppData\Local\Programs\Python\Python313\Lib\site-packages\scrapy_splash\middleware.py:498: ScrapyDeprecationWarning: Use of this protected method is deprecated. Consider using its corresponding public method get_slot_key() instead.
  return self.crawler.engine.downloader._get_slot_key(

2025-04-15 11:47:55 [scrapy.core.engine] DEBUG: Crawled (200) <GET https://www.qut.edu.au/study/unit?unitCode=CAB303 via http://localhost:8050/execute> (referer: None)
2025-04-15 11:47:55 [py.warnings] WARNING: C:\Users\43819\AppData\Local\Programs\Python\Python313\Lib\site-packages\scrapy_splash\middleware.py:498: ScrapyDeprecationWarning: Use of this protected method is deprecated. Consider using its corresponding public method get_slot_key() instead.
  return self.crawler.engine.downloader._get_slot_key(

2025-04-15 11:47:58 [scrapy.core.engine] DEBUG: Crawled (200) <GET https://www.qut.edu.au/study/unit?unitCode=CAB401 via http://localhost:8050/execute> (referer: None)
2025-04-15 11:47:58 [py.warnings] WARNING: C:\Users\43819\AppData\Local\Programs\Python\Python313\Lib\site-packages\scrapy_splash\middleware.py:498: ScrapyDeprecationWarning: Use of this protected method is deprecated. Consider using its corresponding public method get_slot_key() instead.
  return self.crawler.engine.downloader._get_slot_key(

2025-04-15 11:48:00 [scrapy.core.engine] DEBUG: Crawled (200) <GET https://www.qut.edu.au/study/unit?unitCode=CAB403 via http://localhost:8050/execute> (referer: None)
2025-04-15 11:48:01 [py.warnings] WARNING: C:\Users\43819\AppData\Local\Programs\Python\Python313\Lib\site-packages\scrapy_splash\middleware.py:498: ScrapyDeprecationWarning: Use of this protected method is deprecated. Consider using its corresponding public method get_slot_key() instead.
  return self.crawler.engine.downloader._get_slot_key(

2025-04-15 11:48:03 [scrapy.core.engine] DEBUG: Crawled (200) <GET https://www.qut.edu.au/study/unit?unitCode=IFN711 via http://localhost:8050/execute> (referer: None)
2025-04-15 11:48:03 [py.warnings] WARNING: C:\Users\43819\AppData\Local\Programs\Python\Python313\Lib\site-packages\scrapy_splash\middleware.py:498: ScrapyDeprecationWarning: Use of this protected method is deprecated. Consider using its corresponding public method get_slot_key() instead.
  return self.crawler.engine.downloader._get_slot_key(

2025-04-15 11:48:03 [scrapy.core.engine] DEBUG: Crawled (200) <GET https://www.qut.edu.au/study/unit/unit-outline/CAB301 via http://localhost:8050/render.html> (referer: None)
2025-04-15 11:48:04 [scrapy.core.scraper] DEBUG: Scraped from <200 https://www.qut.edu.au/study/unit/unit-outline/CAB301>
{'unit_code': 'CAB301', 'faculty': 'Faculty of Science', 'school': 'School of Computer Science', 'study_area': 'Science', 'credit_points': '12', 'teaching_periods': [], 'prerequisites': '(\nCAB201 or ITD121)To enrol in this unit, you must have completed these prerequisite units (or have credit, advanced standing or exemption for them), or be able to demonstrate that you have equivalent background knowledge.'}
2025-04-15 11:48:06 [scrapy.core.engine] DEBUG: Crawled (200) <GET https://www.qut.edu.au/study/unit/unit-outline/CAB302 via http://localhost:8050/render.html> (referer: None)
2025-04-15 11:48:06 [scrapy.core.scraper] DEBUG: Scraped from <200 https://www.qut.edu.au/study/unit/unit-outline/CAB302>
{'unit_code': 'CAB302', 'faculty': 'Faculty of Science', 'school': 'School of Computer Science', 'study_area': 'Science', 'credit_points': '12', 'teaching_periods': [], 'prerequisites': 'CAB201 or INB270 or ITD121To enrol in this unit, you must have completed these prerequisite units (or have credit, advanced standing or exemption for them), or be able to demonstrate that you have equivalent background knowledge.'}
2025-04-15 11:48:09 [scrapy.core.engine] DEBUG: Crawled (200) <GET https://www.qut.edu.au/study/unit/unit-outline/CAB303 via http://localhost:8050/render.html> (referer: None)
2025-04-15 11:48:09 [scrapy.core.scraper] DEBUG: Scraped from <200 https://www.qut.edu.au/study/unit/unit-outline/CAB303>
{'unit_name': 'The unit CAB303 cannot be found.', 'teaching_periods': []}
2025-04-15 11:48:12 [scrapy.core.engine] DEBUG: Crawled (200) <GET https://www.qut.edu.au/study/unit/unit-outline/CAB401 via http://localhost:8050/render.html> (referer: None)
2025-04-15 11:48:12 [scrapy.core.scraper] DEBUG: Scraped from <200 https://www.qut.edu.au/study/unit/unit-outline/CAB401>
{'unit_code': 'CAB401', 'faculty': 'Faculty of Science', 'school': 'School of Computer Science', 'study_area': 'Science', 'credit_points': '12', 'teaching_periods': [], 'prerequisites': 'IFN584 or (IFN563 and IFN564) or (\nIFQ563 and \nIFQ564) or \nCAB301 or IFN505To enrol in this unit, you must have completed these prerequisite units (or have credit, advanced standing or exemption for them), or be able to demonstrate that you have equivalent background knowledge.'}
2025-04-15 11:48:14 [scrapy.core.engine] DEBUG: Crawled (200) <GET https://www.qut.edu.au/study/unit/unit-outline/CAB403 via http://localhost:8050/render.html> (referer: None)
2025-04-15 11:48:15 [scrapy.core.scraper] DEBUG: Scraped from <200 https://www.qut.edu.au/study/unit/unit-outline/CAB403>
{'unit_code': 'CAB403', 'faculty': 'Faculty of Science', 'school': 'School of Computer Science', 'study_area': 'Science', 'credit_points': '12', 'teaching_periods': [], 'prerequisites': '(\nCAB201 or MZB126 or \nEGB103 or \nEGD103 or ITD121) and \nCAB202To enrol in this unit, you must have completed these prerequisite units (or have credit, advanced standing or exemption for them), or be able to demonstrate that you have equivalent background knowledge.'}
2025-04-15 11:48:17 [scrapy.core.engine] DEBUG: Crawled (200) <GET https://www.qut.edu.au/study/unit/unit-outline/IFN711 via http://localhost:8050/render.html> (referer: None)
2025-04-15 11:48:17 [scrapy.core.scraper] DEBUG: Scraped from <200 https://www.qut.edu.au/study/unit/unit-outline/IFN711>
{'unit_code': 'IFN711', 'faculty': 'Faculty of Science', 'school': 'School of Information Systems', 'study_area': 'Science', 'credit_points': '24', 'teaching_periods': [], 'prerequisites': 'Completion of 96cp from (IN20 or IN27) or (Admission to IN23 and Completion of 48cp)To enrol in this unit, you must have completed these prerequisite units (or have credit, advanced standing or exemption for them), or be able to demonstrate that you have equivalent background knowledge.'}
2025-04-15 11:48:17 [scrapy.core.engine] INFO: Closing spider (finished)
2025-04-15 11:48:17 [unit_spider] WARNING: 没有有效的课程数据需要保存
2025-04-15 11:48:17 [scrapy.statscollectors] INFO: Dumping Scrapy stats:
{'downloader/request_bytes': 11376,
 'downloader/request_count': 12,
 'downloader/request_method_count/POST': 12,
 'downloader/response_bytes': 8570926,
 'downloader/response_count': 12,
 'downloader/response_status_count/200': 12,
 'elapsed_time_seconds': 30.957442,
 'finish_reason': 'finished',
 'finish_time': datetime.datetime(2025, 4, 15, 1, 48, 17, 750675, tzinfo=datetime.timezone.utc),
 'item_scraped_count': 6,
 'items_per_minute': None,
 'log_count/DEBUG': 29,
 'log_count/INFO': 11,
 'log_count/WARNING': 8,
 'request_depth_max': 1,
 'response_received_count': 12,
 'responses_per_minute': None,
 'scheduler/dequeued': 24,
 'scheduler/dequeued/memory': 24,
 'scheduler/enqueued': 24,
 'scheduler/enqueued/memory': 24,
 'splash/execute/request_count': 6,
 'splash/execute/response_count/200': 6,
 'splash/render.html/request_count': 6,
 'splash/render.html/response_count/200': 6,
 'start_time': datetime.datetime(2025, 4, 15, 1, 47, 46, 793233, tzinfo=datetime.timezone.utc)}
2025-04-15 11:48:17 [scrapy.core.engine] INFO: Spider closed (finished)
2025-04-15 11:49:12 [unit_spider] INFO: 爬虫初始化开始
2025-04-15 11:49:12 [unit_spider] INFO: 成功读取单元代码: ['CAB301', 'CAB302', 'CAB303', 'CAB401', 'CAB403', 'IFN711']
2025-04-15 11:49:12 [scrapy.addons] INFO: Enabled addons:
[]
2025-04-15 11:49:12 [asyncio] DEBUG: Using selector: SelectSelector
2025-04-15 11:49:12 [scrapy.utils.log] DEBUG: Using reactor: twisted.internet.asyncioreactor.AsyncioSelectorReactor
2025-04-15 11:49:12 [scrapy.utils.log] DEBUG: Using asyncio event loop: asyncio.windows_events._WindowsSelectorEventLoop
2025-04-15 11:49:12 [scrapy.utils.log] DEBUG: Using reactor: twisted.internet.asyncioreactor.AsyncioSelectorReactor
2025-04-15 11:49:12 [scrapy.utils.log] DEBUG: Using asyncio event loop: asyncio.windows_events._WindowsSelectorEventLoop
2025-04-15 11:49:12 [scrapy.extensions.telnet] INFO: Telnet Password: 73da6ab25e20fbde
2025-04-15 11:49:12 [scrapy.middleware] INFO: Enabled extensions:
['scrapy.extensions.corestats.CoreStats',
 'scrapy.extensions.telnet.TelnetConsole',
 'scrapy.extensions.logstats.LogStats']
2025-04-15 11:49:12 [scrapy.crawler] INFO: Overridden settings:
{'BOT_NAME': 'qut_unit_spider',
 'DOWNLOAD_DELAY': 2,
 'DUPEFILTER_CLASS': 'scrapy_splash.SplashAwareDupeFilter',
 'FEED_EXPORT_ENCODING': 'utf-8',
 'LOG_FILE': 'spider_debug.log',
 'NEWSPIDER_MODULE': 'qut_unit_spider.spiders',
 'SPIDER_MODULES': ['qut_unit_spider.spiders'],
 'TWISTED_REACTOR': 'twisted.internet.asyncioreactor.AsyncioSelectorReactor',
 'USER_AGENT': 'Mozilla/5.0 (Windows NT 10.0; Win64; x64) AppleWebKit/537.36 '
               '(KHTML, like Gecko) Chrome/91.0.4472.124 Safari/537.36'}
2025-04-15 11:49:12 [scrapy.middleware] INFO: Enabled downloader middlewares:
['scrapy.downloadermiddlewares.offsite.OffsiteMiddleware',
 'scrapy.downloadermiddlewares.httpauth.HttpAuthMiddleware',
 'scrapy.downloadermiddlewares.downloadtimeout.DownloadTimeoutMiddleware',
 'scrapy.downloadermiddlewares.defaultheaders.DefaultHeadersMiddleware',
 'scrapy.downloadermiddlewares.useragent.UserAgentMiddleware',
 'scrapy.downloadermiddlewares.retry.RetryMiddleware',
 'scrapy.downloadermiddlewares.redirect.MetaRefreshMiddleware',
 'scrapy.downloadermiddlewares.redirect.RedirectMiddleware',
 'scrapy.downloadermiddlewares.cookies.CookiesMiddleware',
 'scrapy_splash.SplashCookiesMiddleware',
 'scrapy_splash.SplashMiddleware',
 'scrapy.downloadermiddlewares.httpproxy.HttpProxyMiddleware',
 'scrapy.downloadermiddlewares.httpcompression.HttpCompressionMiddleware',
 'scrapy.downloadermiddlewares.stats.DownloaderStats']
2025-04-15 11:49:12 [scrapy.middleware] INFO: Enabled spider middlewares:
['scrapy.spidermiddlewares.httperror.HttpErrorMiddleware',
 'scrapy_splash.SplashDeduplicateArgsMiddleware',
 'scrapy.spidermiddlewares.referer.RefererMiddleware',
 'scrapy.spidermiddlewares.urllength.UrlLengthMiddleware',
 'scrapy.spidermiddlewares.depth.DepthMiddleware']
2025-04-15 11:49:12 [scrapy.middleware] INFO: Enabled item pipelines:
[]
2025-04-15 11:49:12 [scrapy.core.engine] INFO: Spider opened
2025-04-15 11:49:12 [scrapy.extensions.logstats] INFO: Crawled 0 pages (at 0 pages/min), scraped 0 items (at 0 items/min)
2025-04-15 11:49:12 [scrapy.extensions.telnet] INFO: Telnet console listening on 127.0.0.1:6023
2025-04-15 11:49:12 [unit_spider] INFO: 开始发送请求
2025-04-15 11:49:12 [unit_spider] DEBUG: 准备请求URL: https://www.qut.edu.au/study/unit?unitCode=CAB301
2025-04-15 11:49:12 [py.warnings] WARNING: C:\Users\43819\AppData\Local\Programs\Python\Python313\Lib\site-packages\scrapy_splash\middleware.py:498: ScrapyDeprecationWarning: Use of this protected method is deprecated. Consider using its corresponding public method get_slot_key() instead.
  return self.crawler.engine.downloader._get_slot_key(

2025-04-15 11:49:12 [unit_spider] DEBUG: 准备请求URL: https://www.qut.edu.au/study/unit?unitCode=CAB302
2025-04-15 11:49:12 [unit_spider] DEBUG: 准备请求URL: https://www.qut.edu.au/study/unit?unitCode=CAB303
2025-04-15 11:49:12 [unit_spider] DEBUG: 准备请求URL: https://www.qut.edu.au/study/unit?unitCode=CAB401
2025-04-15 11:49:12 [unit_spider] DEBUG: 准备请求URL: https://www.qut.edu.au/study/unit?unitCode=CAB403
2025-04-15 11:49:12 [unit_spider] DEBUG: 准备请求URL: https://www.qut.edu.au/study/unit?unitCode=IFN711
2025-04-15 11:49:16 [scrapy.core.engine] DEBUG: Crawled (200) <GET https://www.qut.edu.au/study/unit?unitCode=CAB301 via http://localhost:8050/execute> (referer: None)
2025-04-15 11:49:16 [py.warnings] WARNING: C:\Users\43819\AppData\Local\Programs\Python\Python313\Lib\site-packages\scrapy_splash\middleware.py:498: ScrapyDeprecationWarning: Use of this protected method is deprecated. Consider using its corresponding public method get_slot_key() instead.
  return self.crawler.engine.downloader._get_slot_key(

2025-04-15 11:49:19 [scrapy.core.engine] DEBUG: Crawled (200) <GET https://www.qut.edu.au/study/unit?unitCode=CAB302 via http://localhost:8050/execute> (referer: None)
2025-04-15 11:49:19 [py.warnings] WARNING: C:\Users\43819\AppData\Local\Programs\Python\Python313\Lib\site-packages\scrapy_splash\middleware.py:498: ScrapyDeprecationWarning: Use of this protected method is deprecated. Consider using its corresponding public method get_slot_key() instead.
  return self.crawler.engine.downloader._get_slot_key(

2025-04-15 11:49:21 [scrapy.core.engine] DEBUG: Crawled (200) <GET https://www.qut.edu.au/study/unit?unitCode=CAB303 via http://localhost:8050/execute> (referer: None)
2025-04-15 11:49:21 [py.warnings] WARNING: C:\Users\43819\AppData\Local\Programs\Python\Python313\Lib\site-packages\scrapy_splash\middleware.py:498: ScrapyDeprecationWarning: Use of this protected method is deprecated. Consider using its corresponding public method get_slot_key() instead.
  return self.crawler.engine.downloader._get_slot_key(

2025-04-15 11:49:23 [scrapy.core.engine] DEBUG: Crawled (200) <GET https://www.qut.edu.au/study/unit?unitCode=CAB401 via http://localhost:8050/execute> (referer: None)
2025-04-15 11:49:23 [py.warnings] WARNING: C:\Users\43819\AppData\Local\Programs\Python\Python313\Lib\site-packages\scrapy_splash\middleware.py:498: ScrapyDeprecationWarning: Use of this protected method is deprecated. Consider using its corresponding public method get_slot_key() instead.
  return self.crawler.engine.downloader._get_slot_key(

2025-04-15 11:49:26 [scrapy.core.engine] DEBUG: Crawled (200) <GET https://www.qut.edu.au/study/unit?unitCode=CAB403 via http://localhost:8050/execute> (referer: None)
2025-04-15 11:49:26 [py.warnings] WARNING: C:\Users\43819\AppData\Local\Programs\Python\Python313\Lib\site-packages\scrapy_splash\middleware.py:498: ScrapyDeprecationWarning: Use of this protected method is deprecated. Consider using its corresponding public method get_slot_key() instead.
  return self.crawler.engine.downloader._get_slot_key(

2025-04-15 11:49:28 [scrapy.core.engine] DEBUG: Crawled (200) <GET https://www.qut.edu.au/study/unit?unitCode=IFN711 via http://localhost:8050/execute> (referer: None)
2025-04-15 11:49:28 [py.warnings] WARNING: C:\Users\43819\AppData\Local\Programs\Python\Python313\Lib\site-packages\scrapy_splash\middleware.py:498: ScrapyDeprecationWarning: Use of this protected method is deprecated. Consider using its corresponding public method get_slot_key() instead.
  return self.crawler.engine.downloader._get_slot_key(

2025-04-15 11:49:30 [scrapy.core.engine] DEBUG: Crawled (200) <GET https://www.qut.edu.au/study/unit/unit-outline/CAB301 via http://localhost:8050/render.html> (referer: None)
2025-04-15 11:49:30 [scrapy.core.scraper] DEBUG: Scraped from <200 https://www.qut.edu.au/study/unit/unit-outline/CAB301>
{'unit_code': 'CAB301', 'faculty': 'Faculty of Science', 'school': 'School of Computer Science', 'study_area': 'Science', 'credit_points': '12', 'teaching_periods': [], 'prerequisites': '(\nCAB201 or ITD121)To enrol in this unit, you must have completed these prerequisite units (or have credit, advanced standing or exemption for them), or be able to demonstrate that you have equivalent background knowledge.'}
2025-04-15 11:49:33 [scrapy.core.engine] DEBUG: Crawled (200) <GET https://www.qut.edu.au/study/unit/unit-outline/CAB302 via http://localhost:8050/render.html> (referer: None)
2025-04-15 11:49:33 [scrapy.core.scraper] DEBUG: Scraped from <200 https://www.qut.edu.au/study/unit/unit-outline/CAB302>
{'unit_code': 'CAB302', 'faculty': 'Faculty of Science', 'school': 'School of Computer Science', 'study_area': 'Science', 'credit_points': '12', 'teaching_periods': [], 'prerequisites': 'CAB201 or INB270 or ITD121To enrol in this unit, you must have completed these prerequisite units (or have credit, advanced standing or exemption for them), or be able to demonstrate that you have equivalent background knowledge.'}
2025-04-15 11:49:36 [scrapy.core.engine] DEBUG: Crawled (200) <GET https://www.qut.edu.au/study/unit/unit-outline/CAB303 via http://localhost:8050/render.html> (referer: None)
2025-04-15 11:49:36 [scrapy.core.scraper] DEBUG: Scraped from <200 https://www.qut.edu.au/study/unit/unit-outline/CAB303>
{'unit_name': 'The unit CAB303 cannot be found.', 'teaching_periods': []}
2025-04-15 11:49:38 [scrapy.core.engine] DEBUG: Crawled (200) <GET https://www.qut.edu.au/study/unit/unit-outline/CAB401 via http://localhost:8050/render.html> (referer: None)
2025-04-15 11:49:38 [scrapy.core.scraper] DEBUG: Scraped from <200 https://www.qut.edu.au/study/unit/unit-outline/CAB401>
{'unit_code': 'CAB401', 'faculty': 'Faculty of Science', 'school': 'School of Computer Science', 'study_area': 'Science', 'credit_points': '12', 'teaching_periods': [], 'prerequisites': 'IFN584 or (IFN563 and IFN564) or (\nIFQ563 and \nIFQ564) or \nCAB301 or IFN505To enrol in this unit, you must have completed these prerequisite units (or have credit, advanced standing or exemption for them), or be able to demonstrate that you have equivalent background knowledge.'}
2025-04-15 11:49:40 [scrapy.core.engine] DEBUG: Crawled (200) <GET https://www.qut.edu.au/study/unit/unit-outline/CAB403 via http://localhost:8050/render.html> (referer: None)
2025-04-15 11:49:40 [scrapy.core.scraper] DEBUG: Scraped from <200 https://www.qut.edu.au/study/unit/unit-outline/CAB403>
{'unit_code': 'CAB403', 'faculty': 'Faculty of Science', 'school': 'School of Computer Science', 'study_area': 'Science', 'credit_points': '12', 'teaching_periods': [], 'prerequisites': '(\nCAB201 or MZB126 or \nEGB103 or \nEGD103 or ITD121) and \nCAB202To enrol in this unit, you must have completed these prerequisite units (or have credit, advanced standing or exemption for them), or be able to demonstrate that you have equivalent background knowledge.'}
2025-04-15 11:49:43 [scrapy.core.engine] DEBUG: Crawled (200) <GET https://www.qut.edu.au/study/unit/unit-outline/IFN711 via http://localhost:8050/render.html> (referer: None)
2025-04-15 11:49:43 [scrapy.core.scraper] DEBUG: Scraped from <200 https://www.qut.edu.au/study/unit/unit-outline/IFN711>
{'unit_code': 'IFN711', 'faculty': 'Faculty of Science', 'school': 'School of Information Systems', 'study_area': 'Science', 'credit_points': '24', 'teaching_periods': [], 'prerequisites': 'Completion of 96cp from (IN20 or IN27) or (Admission to IN23 and Completion of 48cp)To enrol in this unit, you must have completed these prerequisite units (or have credit, advanced standing or exemption for them), or be able to demonstrate that you have equivalent background knowledge.'}
2025-04-15 11:49:43 [scrapy.core.engine] INFO: Closing spider (finished)
2025-04-15 11:49:43 [unit_spider] INFO: 成功保存数据到文件: C:\Users\43819\Desktop\711_project\qut-courses\units.json
2025-04-15 11:49:43 [scrapy.statscollectors] INFO: Dumping Scrapy stats:
{'downloader/request_bytes': 11376,
 'downloader/request_count': 12,
 'downloader/request_method_count/POST': 12,
 'downloader/response_bytes': 8624159,
 'downloader/response_count': 12,
 'downloader/response_status_count/200': 12,
 'elapsed_time_seconds': 31.154169,
 'finish_reason': 'finished',
 'finish_time': datetime.datetime(2025, 4, 15, 1, 49, 43, 588408, tzinfo=datetime.timezone.utc),
 'item_scraped_count': 6,
 'items_per_minute': None,
 'log_count/DEBUG': 29,
 'log_count/INFO': 12,
 'log_count/WARNING': 7,
 'request_depth_max': 1,
 'response_received_count': 12,
 'responses_per_minute': None,
 'scheduler/dequeued': 24,
 'scheduler/dequeued/memory': 24,
 'scheduler/enqueued': 24,
 'scheduler/enqueued/memory': 24,
 'splash/execute/request_count': 6,
 'splash/execute/response_count/200': 6,
 'splash/render.html/request_count': 6,
 'splash/render.html/response_count/200': 6,
 'start_time': datetime.datetime(2025, 4, 15, 1, 49, 12, 434239, tzinfo=datetime.timezone.utc)}
2025-04-15 11:49:43 [scrapy.core.engine] INFO: Spider closed (finished)
2025-04-15 12:01:50 [unit_spider] INFO: 爬虫初始化开始
2025-04-15 12:01:50 [unit_spider] INFO: 成功读取单元代码: ['CAB301', 'CAB302', 'CAB303', 'CAB401', 'CAB403', 'IFN711']
2025-04-15 12:01:50 [scrapy.addons] INFO: Enabled addons:
[]
2025-04-15 12:01:50 [asyncio] DEBUG: Using selector: SelectSelector
2025-04-15 12:01:50 [scrapy.utils.log] DEBUG: Using reactor: twisted.internet.asyncioreactor.AsyncioSelectorReactor
2025-04-15 12:01:50 [scrapy.utils.log] DEBUG: Using asyncio event loop: asyncio.windows_events._WindowsSelectorEventLoop
2025-04-15 12:01:50 [scrapy.utils.log] DEBUG: Using reactor: twisted.internet.asyncioreactor.AsyncioSelectorReactor
2025-04-15 12:01:50 [scrapy.utils.log] DEBUG: Using asyncio event loop: asyncio.windows_events._WindowsSelectorEventLoop
2025-04-15 12:01:50 [scrapy.extensions.telnet] INFO: Telnet Password: e4fd3f4e50a8f45d
2025-04-15 12:01:50 [scrapy.middleware] INFO: Enabled extensions:
['scrapy.extensions.corestats.CoreStats',
 'scrapy.extensions.telnet.TelnetConsole',
 'scrapy.extensions.logstats.LogStats']
2025-04-15 12:01:50 [scrapy.crawler] INFO: Overridden settings:
{'BOT_NAME': 'qut_unit_spider',
 'DOWNLOAD_DELAY': 2,
 'DUPEFILTER_CLASS': 'scrapy_splash.SplashAwareDupeFilter',
 'FEED_EXPORT_ENCODING': 'utf-8',
 'LOG_FILE': 'spider_debug.log',
 'NEWSPIDER_MODULE': 'qut_unit_spider.spiders',
 'SPIDER_MODULES': ['qut_unit_spider.spiders'],
 'TWISTED_REACTOR': 'twisted.internet.asyncioreactor.AsyncioSelectorReactor',
 'USER_AGENT': 'Mozilla/5.0 (Windows NT 10.0; Win64; x64) AppleWebKit/537.36 '
               '(KHTML, like Gecko) Chrome/91.0.4472.124 Safari/537.36'}
2025-04-15 12:01:50 [scrapy.middleware] INFO: Enabled downloader middlewares:
['scrapy.downloadermiddlewares.offsite.OffsiteMiddleware',
 'scrapy.downloadermiddlewares.httpauth.HttpAuthMiddleware',
 'scrapy.downloadermiddlewares.downloadtimeout.DownloadTimeoutMiddleware',
 'scrapy.downloadermiddlewares.defaultheaders.DefaultHeadersMiddleware',
 'scrapy.downloadermiddlewares.useragent.UserAgentMiddleware',
 'scrapy.downloadermiddlewares.retry.RetryMiddleware',
 'scrapy.downloadermiddlewares.redirect.MetaRefreshMiddleware',
 'scrapy.downloadermiddlewares.redirect.RedirectMiddleware',
 'scrapy.downloadermiddlewares.cookies.CookiesMiddleware',
 'scrapy_splash.SplashCookiesMiddleware',
 'scrapy_splash.SplashMiddleware',
 'scrapy.downloadermiddlewares.httpproxy.HttpProxyMiddleware',
 'scrapy.downloadermiddlewares.httpcompression.HttpCompressionMiddleware',
 'scrapy.downloadermiddlewares.stats.DownloaderStats']
2025-04-15 12:01:50 [scrapy.middleware] INFO: Enabled spider middlewares:
['scrapy.spidermiddlewares.httperror.HttpErrorMiddleware',
 'scrapy_splash.SplashDeduplicateArgsMiddleware',
 'scrapy.spidermiddlewares.referer.RefererMiddleware',
 'scrapy.spidermiddlewares.urllength.UrlLengthMiddleware',
 'scrapy.spidermiddlewares.depth.DepthMiddleware']
2025-04-15 12:01:50 [scrapy.middleware] INFO: Enabled item pipelines:
[]
2025-04-15 12:01:50 [scrapy.core.engine] INFO: Spider opened
2025-04-15 12:01:50 [scrapy.extensions.logstats] INFO: Crawled 0 pages (at 0 pages/min), scraped 0 items (at 0 items/min)
2025-04-15 12:01:50 [scrapy.extensions.telnet] INFO: Telnet console listening on 127.0.0.1:6023
2025-04-15 12:01:50 [unit_spider] INFO: 开始发送请求
2025-04-15 12:01:50 [unit_spider] DEBUG: 准备请求URL: https://www.qut.edu.au/study/unit?unitCode=CAB301
2025-04-15 12:01:50 [py.warnings] WARNING: C:\Users\43819\AppData\Local\Programs\Python\Python313\Lib\site-packages\scrapy_splash\middleware.py:498: ScrapyDeprecationWarning: Use of this protected method is deprecated. Consider using its corresponding public method get_slot_key() instead.
  return self.crawler.engine.downloader._get_slot_key(

2025-04-15 12:01:50 [unit_spider] DEBUG: 准备请求URL: https://www.qut.edu.au/study/unit?unitCode=CAB302
2025-04-15 12:01:50 [unit_spider] DEBUG: 准备请求URL: https://www.qut.edu.au/study/unit?unitCode=CAB303
2025-04-15 12:01:50 [unit_spider] DEBUG: 准备请求URL: https://www.qut.edu.au/study/unit?unitCode=CAB401
2025-04-15 12:01:50 [unit_spider] DEBUG: 准备请求URL: https://www.qut.edu.au/study/unit?unitCode=CAB403
2025-04-15 12:01:50 [unit_spider] DEBUG: 准备请求URL: https://www.qut.edu.au/study/unit?unitCode=IFN711
2025-04-15 12:01:55 [scrapy.core.engine] DEBUG: Crawled (200) <GET https://www.qut.edu.au/study/unit?unitCode=CAB301 via http://localhost:8050/execute> (referer: None)
2025-04-15 12:01:55 [unit_spider] INFO: 正在处理单元: CAB301
2025-04-15 12:01:55 [unit_spider] DEBUG: 开始提取基本信息
2025-04-15 12:01:55 [unit_spider] DEBUG: 成功提取 description: 
 This unit teaches you the fundamental principles...
2025-04-15 12:01:55 [unit_spider] DEBUG: 成功提取 credit_points: 12
2025-04-15 12:01:55 [unit_spider] DEBUG: 成功提取 offerings: 1 个教学时间
2025-04-15 12:01:55 [unit_spider] DEBUG: 成功提取 prerequisites: (
CAB201 or ITD121)
2025-04-15 12:01:55 [unit_spider] DEBUG: 成功提取 equivalents: INB371
2025-04-15 12:01:55 [unit_spider] INFO: 成功提取单元信息: CAB301
2025-04-15 12:01:55 [unit_spider] DEBUG: 提取的字段: ['unit_code', 'faculty', 'description', 'study_area', 'credit_points', 'offerings', 'prerequisites', 'equivalents']
2025-04-15 12:01:55 [scrapy.core.scraper] DEBUG: Scraped from <200 https://www.qut.edu.au/study/unit?unitCode=CAB301>
{'unit_code': 'CAB301', 'faculty': 'Faculty of Science', 'description': 'This unit teaches you the fundamental principles used to assess the efficiency of software algorithms, allowing you to distinguish solutions that can process large amounts of data or perform complex calculations effectively from those that run unacceptably slowly or not at all. In this unit you will examine a range of different algorithms, review the principles used to predict their efficiency and perform empirical measurements of specific algorithms to confirm the theoretical predictions.', 'study_area': 'Science', 'credit_points': 12, 'offerings': [{'teaching_period': 'Semester 1, 2025', 'dates': '24 February 2025 - 21 June 2025', 'locations': ['Gardens Point', 'Gardens Point (Online)']}], 'prerequisites': '(\nCAB201 or ITD121)', 'equivalents': 'INB371'}
2025-04-15 12:01:58 [scrapy.core.engine] DEBUG: Crawled (200) <GET https://www.qut.edu.au/study/unit?unitCode=CAB302 via http://localhost:8050/execute> (referer: None)
2025-04-15 12:01:58 [unit_spider] INFO: 正在处理单元: CAB302
2025-04-15 12:01:58 [unit_spider] DEBUG: 开始提取基本信息
2025-04-15 12:01:58 [unit_spider] DEBUG: 成功提取 description: 
 This unit teaches you how to work effectively in...
2025-04-15 12:01:58 [unit_spider] DEBUG: 成功提取 credit_points: 12
2025-04-15 12:01:58 [unit_spider] DEBUG: 成功提取 offerings: 2 个教学时间
2025-04-15 12:01:58 [unit_spider] DEBUG: 成功提取 prerequisites: CAB201 or INB270 or ITD121
2025-04-15 12:01:58 [unit_spider] DEBUG: 成功提取 equivalents: INB370
2025-04-15 12:01:58 [unit_spider] INFO: 成功提取单元信息: CAB302
2025-04-15 12:01:58 [unit_spider] DEBUG: 提取的字段: ['unit_code', 'faculty', 'description', 'study_area', 'credit_points', 'offerings', 'prerequisites', 'equivalents']
2025-04-15 12:01:58 [scrapy.core.scraper] DEBUG: Scraped from <200 https://www.qut.edu.au/study/unit?unitCode=CAB302>
{'unit_code': 'CAB302', 'faculty': 'Faculty of Science', 'description': 'This unit teaches you how to work effectively in a team to develop large-scale software systems. It includes principles of teamwork, modern software development methodologies and tools that are needed when working in a team on a large project.', 'study_area': 'Science', 'credit_points': 12, 'offerings': [{'teaching_period': 'Semester 1, 2025', 'dates': '24 February 2025 - 21 June 2025', 'locations': ['Gardens Point', 'Gardens Point (Online)']}, {'teaching_period': 'Semester 2, 2025', 'dates': '21 July 2025 - 15 November 2025', 'locations': ['Gardens Point', 'Gardens Point (Online)']}], 'prerequisites': 'CAB201 or INB270 or ITD121', 'equivalents': 'INB370'}
2025-04-15 12:02:00 [scrapy.core.engine] DEBUG: Crawled (200) <GET https://www.qut.edu.au/study/unit?unitCode=CAB303 via http://localhost:8050/execute> (referer: None)
2025-04-15 12:02:00 [unit_spider] INFO: 正在处理单元: CAB303
2025-04-15 12:02:00 [unit_spider] DEBUG: 开始提取基本信息
2025-04-15 12:02:00 [unit_spider] INFO: 成功提取单元信息: CAB303
2025-04-15 12:02:00 [unit_spider] DEBUG: 提取的字段: ['unit_name']
2025-04-15 12:02:00 [scrapy.core.scraper] DEBUG: Scraped from <200 https://www.qut.edu.au/study/unit?unitCode=CAB303>
{'unit_name': 'The unit CAB303 cannot be found.'}
2025-04-15 12:02:04 [scrapy.core.engine] DEBUG: Crawled (200) <GET https://www.qut.edu.au/study/unit?unitCode=CAB401 via http://localhost:8050/execute> (referer: None)
2025-04-15 12:02:04 [unit_spider] INFO: 正在处理单元: CAB401
2025-04-15 12:02:04 [unit_spider] DEBUG: 开始提取基本信息
2025-04-15 12:02:04 [unit_spider] DEBUG: 成功提取 description: 
 Building on your skills in "sequential" programm...
2025-04-15 12:02:04 [unit_spider] DEBUG: 成功提取 credit_points: 12
2025-04-15 12:02:04 [unit_spider] DEBUG: 成功提取 offerings: 1 个教学时间
2025-04-15 12:02:04 [unit_spider] DEBUG: 成功提取 prerequisites: IFN584 or (IFN563 and IFN564) or (
IFQ563 and 
IFQ564) or 
CAB301 or IFN505
2025-04-15 12:02:04 [unit_spider] DEBUG: 成功提取 equivalents: INB375
2025-04-15 12:02:04 [unit_spider] INFO: 成功提取单元信息: CAB401
2025-04-15 12:02:04 [unit_spider] DEBUG: 提取的字段: ['unit_code', 'faculty', 'description', 'study_area', 'credit_points', 'offerings', 'prerequisites', 'equivalents']
2025-04-15 12:02:04 [scrapy.core.scraper] DEBUG: Scraped from <200 https://www.qut.edu.au/study/unit?unitCode=CAB401>
{'unit_code': 'CAB401', 'faculty': 'Faculty of Science', 'description': 'Building on your skills in "sequential" programming, this unit teaches you the tools and techniques needed to exploit multi-processor computer systems to achieve dramatic performance improvements for computationally intensive problems. This unit gives you both an understanding of why future computer hardware will be increasingly parallel, the challenges this poses for software development as well as a set of practical skills in creating high-performance programs using today\'s best tools and techniques.', 'study_area': 'Science', 'credit_points': 12, 'offerings': [{'teaching_period': 'Semester 2, 2025', 'dates': '21 July 2025 - 15 November 2025', 'locations': ['Gardens Point', 'Gardens Point (Online)']}], 'prerequisites': 'IFN584 or (IFN563 and IFN564) or (\nIFQ563 and \nIFQ564) or \nCAB301 or IFN505', 'equivalents': 'INB375'}
2025-04-15 12:02:06 [scrapy.core.engine] DEBUG: Crawled (200) <GET https://www.qut.edu.au/study/unit?unitCode=CAB403 via http://localhost:8050/execute> (referer: None)
2025-04-15 12:02:06 [unit_spider] INFO: 正在处理单元: CAB403
2025-04-15 12:02:06 [unit_spider] DEBUG: 开始提取基本信息
2025-04-15 12:02:06 [unit_spider] DEBUG: 成功提取 description: 
 Most of our other Computer Science units focus o...
2025-04-15 12:02:06 [unit_spider] DEBUG: 成功提取 credit_points: 12
2025-04-15 12:02:06 [unit_spider] DEBUG: 成功提取 offerings: 1 个教学时间
2025-04-15 12:02:06 [unit_spider] DEBUG: 成功提取 prerequisites: (
CAB201 or MZB126 or 
EGB103 or 
EGD103 or ITD121) and 
CAB202
2025-04-15 12:02:06 [unit_spider] DEBUG: 成功提取 equivalents: INN365
2025-04-15 12:02:06 [unit_spider] INFO: 成功提取单元信息: CAB403
2025-04-15 12:02:06 [unit_spider] DEBUG: 提取的字段: ['unit_code', 'faculty', 'description', 'study_area', 'credit_points', 'offerings', 'prerequisites', 'equivalents']
2025-04-15 12:02:06 [scrapy.core.scraper] DEBUG: Scraped from <200 https://www.qut.edu.au/study/unit?unitCode=CAB403>
{'unit_code': 'CAB403', 'faculty': 'Faculty of Science', 'description': 'Most of our other Computer Science units focus on high-level applications programming. Applications programmers are insulated from the low- level intricacies of the underlying hardware by making use of services provided by the operating system such as threads, virtual memory, file systems and device drivers. This unit focuses on Systems Programming, where the programmer can’t necessarily rely on high level services provided by the operating system and must interact directly with the underlying hardware. Systems software is either part of the operating system or software that operates at a similar level.\xa0This unit aims to give you practical programming skills for developing systems level applications and services.', 'study_area': 'Science', 'credit_points': 12, 'offerings': [{'teaching_period': 'Semester 2, 2025', 'dates': '21 July 2025 - 15 November 2025', 'locations': ['Gardens Point', 'Gardens Point (Online)']}], 'prerequisites': '(\nCAB201 or MZB126 or \nEGB103 or \nEGD103 or ITD121) and \nCAB202', 'equivalents': 'INN365'}
2025-04-15 12:02:08 [scrapy.core.engine] DEBUG: Crawled (200) <GET https://www.qut.edu.au/study/unit?unitCode=IFN711 via http://localhost:8050/execute> (referer: None)
2025-04-15 12:02:08 [unit_spider] INFO: 正在处理单元: IFN711
2025-04-15 12:02:08 [unit_spider] DEBUG: 开始提取基本信息
2025-04-15 12:02:08 [unit_spider] DEBUG: 成功提取 description: 
 The aim of this unit is to help you apply skills...
2025-04-15 12:02:08 [unit_spider] DEBUG: 成功提取 credit_points: 24
2025-04-15 12:02:08 [unit_spider] DEBUG: 成功提取 offerings: 1 个教学时间
2025-04-15 12:02:08 [unit_spider] DEBUG: 成功提取 prerequisites: Completion of 96cp from (IN20 or IN27) or (Admission to IN23 and Completion of 48cp)
2025-04-15 12:02:08 [unit_spider] DEBUG: 成功提取 equivalents: IFN702
2025-04-15 12:02:08 [unit_spider] INFO: 成功提取单元信息: IFN711
2025-04-15 12:02:08 [unit_spider] DEBUG: 提取的字段: ['unit_code', 'faculty', 'description', 'study_area', 'credit_points', 'offerings', 'prerequisites', 'equivalents']
2025-04-15 12:02:08 [scrapy.core.scraper] DEBUG: Scraped from <200 https://www.qut.edu.au/study/unit?unitCode=IFN711>
{'unit_code': 'IFN711', 'faculty': 'Faculty of Science', 'description': 'The aim of this unit is to help you apply skills previously attained in your degree in an advanced problem domain\xa0and to enable you to conduct a well-defined project with specific outcomes. The project addresses an industry\xa0problem through the application of IT theories, tools and techniques.\xa0You will develop project management skills to lead teams in complex and changing\xa0environments. This unit introduces a range of traditional and contemporary project management approaches.', 'study_area': 'Science', 'credit_points': 24, 'offerings': [{'teaching_period': 'Semester 1, 2025', 'dates': '24 February 2025 - 21 June 2025', 'locations': ['Gardens Point']}], 'prerequisites': 'Completion of 96cp from (IN20 or IN27) or (Admission to IN23 and Completion of 48cp)', 'equivalents': 'IFN702'}
2025-04-15 12:02:08 [scrapy.core.engine] INFO: Closing spider (finished)
2025-04-15 12:02:08 [unit_spider] INFO: 成功保存数据到文件: C:\Users\43819\Desktop\711_project\qut-courses\units.json
2025-04-15 12:02:08 [scrapy.statscollectors] INFO: Dumping Scrapy stats:
{'downloader/request_bytes': 6738,
 'downloader/request_count': 6,
 'downloader/request_method_count/POST': 6,
 'downloader/response_bytes': 7475290,
 'downloader/response_count': 6,
 'downloader/response_status_count/200': 6,
 'elapsed_time_seconds': 17.197498,
 'finish_reason': 'finished',
 'finish_time': datetime.datetime(2025, 4, 15, 2, 2, 8, 155079, tzinfo=datetime.timezone.utc),
 'item_scraped_count': 6,
 'items_per_minute': None,
 'log_count/DEBUG': 60,
 'log_count/INFO': 24,
 'log_count/WARNING': 1,
 'response_received_count': 6,
 'responses_per_minute': None,
 'scheduler/dequeued': 12,
 'scheduler/dequeued/memory': 12,
 'scheduler/enqueued': 12,
 'scheduler/enqueued/memory': 12,
 'splash/execute/request_count': 6,
 'splash/execute/response_count/200': 6,
 'start_time': datetime.datetime(2025, 4, 15, 2, 1, 50, 957581, tzinfo=datetime.timezone.utc)}
2025-04-15 12:02:08 [scrapy.core.engine] INFO: Spider closed (finished)
2025-04-15 14:22:44 [unit_spider] INFO: 爬虫初始化开始
2025-04-15 14:22:44 [unit_spider] INFO: 成功读取单元代码: ['CAB301', 'CAB302', 'CAB401', 'CAB403', 'IFN711', 'IFN712']
2025-04-15 14:22:44 [scrapy.addons] INFO: Enabled addons:
[]
2025-04-15 14:22:44 [asyncio] DEBUG: Using selector: SelectSelector
2025-04-15 14:22:44 [scrapy.utils.log] DEBUG: Using reactor: twisted.internet.asyncioreactor.AsyncioSelectorReactor
2025-04-15 14:22:44 [scrapy.utils.log] DEBUG: Using asyncio event loop: asyncio.windows_events._WindowsSelectorEventLoop
2025-04-15 14:22:44 [scrapy.utils.log] DEBUG: Using reactor: twisted.internet.asyncioreactor.AsyncioSelectorReactor
2025-04-15 14:22:44 [scrapy.utils.log] DEBUG: Using asyncio event loop: asyncio.windows_events._WindowsSelectorEventLoop
2025-04-15 14:22:44 [scrapy.extensions.telnet] INFO: Telnet Password: b2b1bc6f1cc335d4
2025-04-15 14:22:44 [scrapy.middleware] INFO: Enabled extensions:
['scrapy.extensions.corestats.CoreStats',
 'scrapy.extensions.telnet.TelnetConsole',
 'scrapy.extensions.logstats.LogStats']
2025-04-15 14:22:44 [scrapy.crawler] INFO: Overridden settings:
{'BOT_NAME': 'qut_unit_spider',
 'DOWNLOAD_DELAY': 2,
 'DUPEFILTER_CLASS': 'scrapy_splash.SplashAwareDupeFilter',
 'FEED_EXPORT_ENCODING': 'utf-8',
 'LOG_FILE': 'spider_debug.log',
 'NEWSPIDER_MODULE': 'qut_unit_spider.spiders',
 'SPIDER_MODULES': ['qut_unit_spider.spiders'],
 'TWISTED_REACTOR': 'twisted.internet.asyncioreactor.AsyncioSelectorReactor',
 'USER_AGENT': 'Mozilla/5.0 (Windows NT 10.0; Win64; x64) AppleWebKit/537.36 '
               '(KHTML, like Gecko) Chrome/91.0.4472.124 Safari/537.36'}
2025-04-15 14:22:44 [scrapy.middleware] INFO: Enabled downloader middlewares:
['scrapy.downloadermiddlewares.offsite.OffsiteMiddleware',
 'scrapy.downloadermiddlewares.httpauth.HttpAuthMiddleware',
 'scrapy.downloadermiddlewares.downloadtimeout.DownloadTimeoutMiddleware',
 'scrapy.downloadermiddlewares.defaultheaders.DefaultHeadersMiddleware',
 'scrapy.downloadermiddlewares.useragent.UserAgentMiddleware',
 'scrapy.downloadermiddlewares.retry.RetryMiddleware',
 'scrapy.downloadermiddlewares.redirect.MetaRefreshMiddleware',
 'scrapy.downloadermiddlewares.redirect.RedirectMiddleware',
 'scrapy.downloadermiddlewares.cookies.CookiesMiddleware',
 'scrapy_splash.SplashCookiesMiddleware',
 'scrapy_splash.SplashMiddleware',
 'scrapy.downloadermiddlewares.httpproxy.HttpProxyMiddleware',
 'scrapy.downloadermiddlewares.httpcompression.HttpCompressionMiddleware',
 'scrapy.downloadermiddlewares.stats.DownloaderStats']
2025-04-15 14:22:44 [scrapy.middleware] INFO: Enabled spider middlewares:
['scrapy.spidermiddlewares.httperror.HttpErrorMiddleware',
 'scrapy_splash.SplashDeduplicateArgsMiddleware',
 'scrapy.spidermiddlewares.referer.RefererMiddleware',
 'scrapy.spidermiddlewares.urllength.UrlLengthMiddleware',
 'scrapy.spidermiddlewares.depth.DepthMiddleware']
2025-04-15 14:22:44 [scrapy.middleware] INFO: Enabled item pipelines:
[]
2025-04-15 14:22:44 [scrapy.core.engine] INFO: Spider opened
2025-04-15 14:22:44 [scrapy.extensions.logstats] INFO: Crawled 0 pages (at 0 pages/min), scraped 0 items (at 0 items/min)
2025-04-15 14:22:44 [scrapy.extensions.telnet] INFO: Telnet console listening on 127.0.0.1:6023
2025-04-15 14:22:44 [unit_spider] INFO: 开始发送请求
2025-04-15 14:22:44 [unit_spider] DEBUG: 准备请求URL: https://www.qut.edu.au/study/unit?unitCode=CAB301
2025-04-15 14:22:44 [py.warnings] WARNING: C:\Users\43819\AppData\Local\Programs\Python\Python313\Lib\site-packages\scrapy_splash\middleware.py:498: ScrapyDeprecationWarning: Use of this protected method is deprecated. Consider using its corresponding public method get_slot_key() instead.
  return self.crawler.engine.downloader._get_slot_key(

2025-04-15 14:22:44 [unit_spider] DEBUG: 准备请求URL: https://www.qut.edu.au/study/unit?unitCode=CAB302
2025-04-15 14:22:44 [unit_spider] DEBUG: 准备请求URL: https://www.qut.edu.au/study/unit?unitCode=CAB401
2025-04-15 14:22:44 [unit_spider] DEBUG: 准备请求URL: https://www.qut.edu.au/study/unit?unitCode=CAB403
2025-04-15 14:22:44 [unit_spider] DEBUG: 准备请求URL: https://www.qut.edu.au/study/unit?unitCode=IFN711
2025-04-15 14:22:44 [unit_spider] DEBUG: 准备请求URL: https://www.qut.edu.au/study/unit?unitCode=IFN712
2025-04-15 14:22:50 [scrapy.core.engine] DEBUG: Crawled (200) <GET https://www.qut.edu.au/study/unit?unitCode=CAB301 via http://localhost:8050/execute> (referer: None)
2025-04-15 14:22:50 [py.warnings] WARNING: C:\Users\43819\AppData\Local\Programs\Python\Python313\Lib\site-packages\scrapy\core\scraper.py:208: UserWarning: The "UnitSpider.parse_basic_info" method is a generator and includes a "return" statement with a value different than None. This could lead to unexpected behaviour. Please see https://docs.python.org/3/reference/simple_stmts.html#the-return-statement for details about the semantics of the "return" statement within generators
  warn_on_generator_with_return_value(spider, callback)

2025-04-15 14:22:50 [unit_spider] INFO: 正在处理单元: CAB301
2025-04-15 14:22:50 [unit_spider] INFO: Extracted info: {'unitCode': 'CAB301', 'unitTitle': 'Algorithms and Complexity', 'description': 'This unit teaches you the fundamental principles used to assess the efficiency of software algorithms, allowing you to distinguish solutions that can process large amounts of data or perform complex calculations effectively from those that run unacceptably slowly or not at all. In this unit you will examine a range of different algorithms, review the principles used to predict their efficiency and perform empirical measurements of specific algorithms to confirm the theoretical predictions.', 'creditPoints': 12, 'faculty': 'Faculty of Science', 'offeredSemester': 'Semester 1, 2025'}
2025-04-15 14:22:50 [scrapy.core.scraper] DEBUG: Scraped from <200 https://www.qut.edu.au/study/unit?unitCode=CAB301>
{'unitCode': 'CAB301', 'unitTitle': 'Algorithms and Complexity', 'description': 'This unit teaches you the fundamental principles used to assess the efficiency of software algorithms, allowing you to distinguish solutions that can process large amounts of data or perform complex calculations effectively from those that run unacceptably slowly or not at all. In this unit you will examine a range of different algorithms, review the principles used to predict their efficiency and perform empirical measurements of specific algorithms to confirm the theoretical predictions.', 'creditPoints': 12, 'faculty': 'Faculty of Science', 'offeredSemester': 'Semester 1, 2025'}
2025-04-15 14:22:51 [scrapy.core.engine] DEBUG: Crawled (200) <GET https://www.qut.edu.au/study/unit?unitCode=CAB302 via http://localhost:8050/execute> (referer: None)
2025-04-15 14:22:51 [py.warnings] WARNING: C:\Users\43819\AppData\Local\Programs\Python\Python313\Lib\site-packages\scrapy\core\scraper.py:208: UserWarning: The "UnitSpider.parse_basic_info" method is a generator and includes a "return" statement with a value different than None. This could lead to unexpected behaviour. Please see https://docs.python.org/3/reference/simple_stmts.html#the-return-statement for details about the semantics of the "return" statement within generators
  warn_on_generator_with_return_value(spider, callback)

2025-04-15 14:22:51 [unit_spider] INFO: 正在处理单元: CAB302
2025-04-15 14:22:51 [unit_spider] INFO: Extracted info: {'unitCode': 'CAB302', 'unitTitle': 'Software Development', 'description': 'This unit teaches you how to work effectively in a team to develop large-scale software systems. It includes principles of teamwork, modern software development methodologies and tools that are needed when working in a team on a large project.', 'creditPoints': 12, 'faculty': 'Faculty of Science', 'offeredSemester': 'Semester 1, 2025, Semester 2, 2025'}
2025-04-15 14:22:51 [scrapy.core.scraper] DEBUG: Scraped from <200 https://www.qut.edu.au/study/unit?unitCode=CAB302>
{'unitCode': 'CAB302', 'unitTitle': 'Software Development', 'description': 'This unit teaches you how to work effectively in a team to develop large-scale software systems. It includes principles of teamwork, modern software development methodologies and tools that are needed when working in a team on a large project.', 'creditPoints': 12, 'faculty': 'Faculty of Science', 'offeredSemester': 'Semester 1, 2025, Semester 2, 2025'}
2025-04-15 14:22:54 [scrapy.core.engine] DEBUG: Crawled (200) <GET https://www.qut.edu.au/study/unit?unitCode=CAB401 via http://localhost:8050/execute> (referer: None)
2025-04-15 14:22:54 [py.warnings] WARNING: C:\Users\43819\AppData\Local\Programs\Python\Python313\Lib\site-packages\scrapy\core\scraper.py:208: UserWarning: The "UnitSpider.parse_basic_info" method is a generator and includes a "return" statement with a value different than None. This could lead to unexpected behaviour. Please see https://docs.python.org/3/reference/simple_stmts.html#the-return-statement for details about the semantics of the "return" statement within generators
  warn_on_generator_with_return_value(spider, callback)

2025-04-15 14:22:54 [unit_spider] INFO: 正在处理单元: CAB401
2025-04-15 14:22:54 [unit_spider] INFO: Extracted info: {'unitCode': 'CAB401', 'unitTitle': 'High Performance and Parallel Computing', 'description': 'Building on your skills in "sequential" programming, this unit teaches you the tools and techniques needed to exploit multi-processor computer systems to achieve dramatic performance improvements for computationally intensive problems. This unit gives you both an understanding of why future computer hardware will be increasingly parallel, the challenges this poses for software development as well as a set of practical skills in creating high-performance programs using today\'s best tools and techniques.', 'creditPoints': 12, 'faculty': 'Faculty of Science', 'offeredSemester': 'Semester 2, 2025'}
2025-04-15 14:22:54 [scrapy.core.scraper] DEBUG: Scraped from <200 https://www.qut.edu.au/study/unit?unitCode=CAB401>
{'unitCode': 'CAB401', 'unitTitle': 'High Performance and Parallel Computing', 'description': 'Building on your skills in "sequential" programming, this unit teaches you the tools and techniques needed to exploit multi-processor computer systems to achieve dramatic performance improvements for computationally intensive problems. This unit gives you both an understanding of why future computer hardware will be increasingly parallel, the challenges this poses for software development as well as a set of practical skills in creating high-performance programs using today\'s best tools and techniques.', 'creditPoints': 12, 'faculty': 'Faculty of Science', 'offeredSemester': 'Semester 2, 2025'}
2025-04-15 14:22:56 [scrapy.core.engine] DEBUG: Crawled (200) <GET https://www.qut.edu.au/study/unit?unitCode=CAB403 via http://localhost:8050/execute> (referer: None)
2025-04-15 14:22:56 [py.warnings] WARNING: C:\Users\43819\AppData\Local\Programs\Python\Python313\Lib\site-packages\scrapy\core\scraper.py:208: UserWarning: The "UnitSpider.parse_basic_info" method is a generator and includes a "return" statement with a value different than None. This could lead to unexpected behaviour. Please see https://docs.python.org/3/reference/simple_stmts.html#the-return-statement for details about the semantics of the "return" statement within generators
  warn_on_generator_with_return_value(spider, callback)

2025-04-15 14:22:56 [unit_spider] INFO: 正在处理单元: CAB403
2025-04-15 14:22:56 [unit_spider] INFO: Extracted info: {'unitCode': 'CAB403', 'unitTitle': 'Systems Programming', 'description': 'Most of our other Computer Science units focus on high-level applications programming. Applications programmers are insulated from the low- level intricacies of the underlying hardware by making use of services provided by the operating system such as threads, virtual memory, file systems and device drivers. This unit focuses on Systems Programming, where the programmer can’t necessarily rely on high level services provided by the operating system and must interact directly with the underlying hardware. Systems software is either part of the operating system or software that operates at a similar level.&nbsp;This unit aims to give you practical programming skills for developing systems level applications and services.', 'creditPoints': 12, 'faculty': 'Faculty of Science', 'offeredSemester': 'Semester 2, 2025'}
2025-04-15 14:22:56 [scrapy.core.scraper] DEBUG: Scraped from <200 https://www.qut.edu.au/study/unit?unitCode=CAB403>
{'unitCode': 'CAB403', 'unitTitle': 'Systems Programming', 'description': 'Most of our other Computer Science units focus on high-level applications programming. Applications programmers are insulated from the low- level intricacies of the underlying hardware by making use of services provided by the operating system such as threads, virtual memory, file systems and device drivers. This unit focuses on Systems Programming, where the programmer can’t necessarily rely on high level services provided by the operating system and must interact directly with the underlying hardware. Systems software is either part of the operating system or software that operates at a similar level.&nbsp;This unit aims to give you practical programming skills for developing systems level applications and services.', 'creditPoints': 12, 'faculty': 'Faculty of Science', 'offeredSemester': 'Semester 2, 2025'}
2025-04-15 14:22:59 [scrapy.core.engine] DEBUG: Crawled (200) <GET https://www.qut.edu.au/study/unit?unitCode=IFN711 via http://localhost:8050/execute> (referer: None)
2025-04-15 14:22:59 [py.warnings] WARNING: C:\Users\43819\AppData\Local\Programs\Python\Python313\Lib\site-packages\scrapy\core\scraper.py:208: UserWarning: The "UnitSpider.parse_basic_info" method is a generator and includes a "return" statement with a value different than None. This could lead to unexpected behaviour. Please see https://docs.python.org/3/reference/simple_stmts.html#the-return-statement for details about the semantics of the "return" statement within generators
  warn_on_generator_with_return_value(spider, callback)

2025-04-15 14:22:59 [unit_spider] INFO: 正在处理单元: IFN711
2025-04-15 14:22:59 [unit_spider] INFO: Extracted info: {'unitCode': 'IFN711', 'unitTitle': 'IT Industry Project', 'description': 'The aim of this unit is to help you apply skills previously attained in your degree in an advanced problem domain&nbsp;and to enable you to conduct a well-defined project with specific outcomes. The project addresses an industry&nbsp;problem through the application of IT theories, tools and techniques.&nbsp;You will develop project management skills to lead teams in complex and changing&nbsp;environments. This unit introduces a range of traditional and contemporary project management approaches.&nbsp;', 'creditPoints': 24, 'faculty': 'Faculty of Science', 'offeredSemester': 'Semester 1, 2025'}
2025-04-15 14:22:59 [scrapy.core.scraper] DEBUG: Scraped from <200 https://www.qut.edu.au/study/unit?unitCode=IFN711>
{'unitCode': 'IFN711', 'unitTitle': 'IT Industry Project', 'description': 'The aim of this unit is to help you apply skills previously attained in your degree in an advanced problem domain&nbsp;and to enable you to conduct a well-defined project with specific outcomes. The project addresses an industry&nbsp;problem through the application of IT theories, tools and techniques.&nbsp;You will develop project management skills to lead teams in complex and changing&nbsp;environments. This unit introduces a range of traditional and contemporary project management approaches.&nbsp;', 'creditPoints': 24, 'faculty': 'Faculty of Science', 'offeredSemester': 'Semester 1, 2025'}
2025-04-15 14:23:01 [scrapy.core.engine] DEBUG: Crawled (200) <GET https://www.qut.edu.au/study/unit?unitCode=IFN712 via http://localhost:8050/execute> (referer: None)
2025-04-15 14:23:01 [py.warnings] WARNING: C:\Users\43819\AppData\Local\Programs\Python\Python313\Lib\site-packages\scrapy\core\scraper.py:208: UserWarning: The "UnitSpider.parse_basic_info" method is a generator and includes a "return" statement with a value different than None. This could lead to unexpected behaviour. Please see https://docs.python.org/3/reference/simple_stmts.html#the-return-statement for details about the semantics of the "return" statement within generators
  warn_on_generator_with_return_value(spider, callback)

2025-04-15 14:23:01 [unit_spider] INFO: 正在处理单元: IFN712
2025-04-15 14:23:01 [unit_spider] INFO: Extracted info: {'unitCode': 'IFN712', 'unitTitle': 'Research in IT Practice', 'description': 'As a professional, regardless of your discipline or context, you will be required to gather the best available evidence to make decisions, solve problems, and establish best practice, as well as innovate and develop. This unit will develop your understanding and higher order thinking related to the key concepts, principles, methodologies regarding research and provide the skills required in to perform research within professional settings and professional practice.', 'creditPoints': 24, 'faculty': 'Faculty of Science', 'offeredSemester': 'Semester 2, 2025'}
2025-04-15 14:23:01 [scrapy.core.scraper] DEBUG: Scraped from <200 https://www.qut.edu.au/study/unit?unitCode=IFN712>
{'unitCode': 'IFN712', 'unitTitle': 'Research in IT Practice', 'description': 'As a professional, regardless of your discipline or context, you will be required to gather the best available evidence to make decisions, solve problems, and establish best practice, as well as innovate and develop. This unit will develop your understanding and higher order thinking related to the key concepts, principles, methodologies regarding research and provide the skills required in to perform research within professional settings and professional practice.', 'creditPoints': 24, 'faculty': 'Faculty of Science', 'offeredSemester': 'Semester 2, 2025'}
2025-04-15 14:23:01 [scrapy.core.engine] INFO: Closing spider (finished)
2025-04-15 14:23:01 [unit_spider] INFO: 成功保存数据到文件: C:\Users\43819\Desktop\711_project\qut-courses\units.json
2025-04-15 14:23:01 [scrapy.statscollectors] INFO: Dumping Scrapy stats:
{'downloader/request_bytes': 6738,
 'downloader/request_count': 6,
 'downloader/request_method_count/POST': 6,
 'downloader/response_bytes': 8050073,
 'downloader/response_count': 6,
 'downloader/response_status_count/200': 6,
 'elapsed_time_seconds': 16.929577,
 'finish_reason': 'finished',
 'finish_time': datetime.datetime(2025, 4, 15, 4, 23, 1, 761675, tzinfo=datetime.timezone.utc),
 'item_scraped_count': 6,
 'items_per_minute': None,
 'log_count/DEBUG': 23,
 'log_count/INFO': 24,
 'log_count/WARNING': 7,
 'response_received_count': 6,
 'responses_per_minute': None,
 'scheduler/dequeued': 12,
 'scheduler/dequeued/memory': 12,
 'scheduler/enqueued': 12,
 'scheduler/enqueued/memory': 12,
 'splash/execute/request_count': 6,
 'splash/execute/response_count/200': 6,
 'start_time': datetime.datetime(2025, 4, 15, 4, 22, 44, 832098, tzinfo=datetime.timezone.utc)}
2025-04-15 14:23:01 [scrapy.core.engine] INFO: Spider closed (finished)
2025-04-15 14:23:42 [unit_spider] INFO: 爬虫初始化开始
2025-04-15 14:23:42 [unit_spider] INFO: 成功读取单元代码: ['CAB301', 'CAB302', 'CAB401', 'CAB403', 'IFN711', 'IFN712']
2025-04-15 14:23:42 [scrapy.addons] INFO: Enabled addons:
[]
2025-04-15 14:23:42 [asyncio] DEBUG: Using selector: SelectSelector
2025-04-15 14:23:42 [scrapy.utils.log] DEBUG: Using reactor: twisted.internet.asyncioreactor.AsyncioSelectorReactor
2025-04-15 14:23:42 [scrapy.utils.log] DEBUG: Using asyncio event loop: asyncio.windows_events._WindowsSelectorEventLoop
2025-04-15 14:23:42 [scrapy.utils.log] DEBUG: Using reactor: twisted.internet.asyncioreactor.AsyncioSelectorReactor
2025-04-15 14:23:42 [scrapy.utils.log] DEBUG: Using asyncio event loop: asyncio.windows_events._WindowsSelectorEventLoop
2025-04-15 14:23:42 [scrapy.extensions.telnet] INFO: Telnet Password: e98e3e7184d16817
2025-04-15 14:23:42 [scrapy.middleware] INFO: Enabled extensions:
['scrapy.extensions.corestats.CoreStats',
 'scrapy.extensions.telnet.TelnetConsole',
 'scrapy.extensions.logstats.LogStats']
2025-04-15 14:23:42 [scrapy.crawler] INFO: Overridden settings:
{'BOT_NAME': 'qut_unit_spider',
 'DOWNLOAD_DELAY': 2,
 'DUPEFILTER_CLASS': 'scrapy_splash.SplashAwareDupeFilter',
 'FEED_EXPORT_ENCODING': 'utf-8',
 'LOG_FILE': 'spider_debug.log',
 'NEWSPIDER_MODULE': 'qut_unit_spider.spiders',
 'SPIDER_MODULES': ['qut_unit_spider.spiders'],
 'TWISTED_REACTOR': 'twisted.internet.asyncioreactor.AsyncioSelectorReactor',
 'USER_AGENT': 'Mozilla/5.0 (Windows NT 10.0; Win64; x64) AppleWebKit/537.36 '
               '(KHTML, like Gecko) Chrome/91.0.4472.124 Safari/537.36'}
2025-04-15 14:23:42 [scrapy.middleware] INFO: Enabled downloader middlewares:
['scrapy.downloadermiddlewares.offsite.OffsiteMiddleware',
 'scrapy.downloadermiddlewares.httpauth.HttpAuthMiddleware',
 'scrapy.downloadermiddlewares.downloadtimeout.DownloadTimeoutMiddleware',
 'scrapy.downloadermiddlewares.defaultheaders.DefaultHeadersMiddleware',
 'scrapy.downloadermiddlewares.useragent.UserAgentMiddleware',
 'scrapy.downloadermiddlewares.retry.RetryMiddleware',
 'scrapy.downloadermiddlewares.redirect.MetaRefreshMiddleware',
 'scrapy.downloadermiddlewares.redirect.RedirectMiddleware',
 'scrapy.downloadermiddlewares.cookies.CookiesMiddleware',
 'scrapy_splash.SplashCookiesMiddleware',
 'scrapy_splash.SplashMiddleware',
 'scrapy.downloadermiddlewares.httpproxy.HttpProxyMiddleware',
 'scrapy.downloadermiddlewares.httpcompression.HttpCompressionMiddleware',
 'scrapy.downloadermiddlewares.stats.DownloaderStats']
2025-04-15 14:23:42 [scrapy.middleware] INFO: Enabled spider middlewares:
['scrapy.spidermiddlewares.httperror.HttpErrorMiddleware',
 'scrapy_splash.SplashDeduplicateArgsMiddleware',
 'scrapy.spidermiddlewares.referer.RefererMiddleware',
 'scrapy.spidermiddlewares.urllength.UrlLengthMiddleware',
 'scrapy.spidermiddlewares.depth.DepthMiddleware']
2025-04-15 14:23:42 [scrapy.middleware] INFO: Enabled item pipelines:
[]
2025-04-15 14:23:42 [scrapy.core.engine] INFO: Spider opened
2025-04-15 14:23:42 [scrapy.extensions.logstats] INFO: Crawled 0 pages (at 0 pages/min), scraped 0 items (at 0 items/min)
2025-04-15 14:23:42 [scrapy.extensions.telnet] INFO: Telnet console listening on 127.0.0.1:6023
2025-04-15 14:23:42 [unit_spider] INFO: 开始发送请求
2025-04-15 14:23:42 [unit_spider] DEBUG: 准备请求URL: https://www.qut.edu.au/study/unit?unitCode=CAB301
2025-04-15 14:23:42 [py.warnings] WARNING: C:\Users\43819\AppData\Local\Programs\Python\Python313\Lib\site-packages\scrapy_splash\middleware.py:498: ScrapyDeprecationWarning: Use of this protected method is deprecated. Consider using its corresponding public method get_slot_key() instead.
  return self.crawler.engine.downloader._get_slot_key(

2025-04-15 14:23:42 [unit_spider] DEBUG: 准备请求URL: https://www.qut.edu.au/study/unit?unitCode=CAB302
2025-04-15 14:23:42 [unit_spider] DEBUG: 准备请求URL: https://www.qut.edu.au/study/unit?unitCode=CAB401
2025-04-15 14:23:42 [unit_spider] DEBUG: 准备请求URL: https://www.qut.edu.au/study/unit?unitCode=CAB403
2025-04-15 14:23:42 [unit_spider] DEBUG: 准备请求URL: https://www.qut.edu.au/study/unit?unitCode=IFN711
2025-04-15 14:23:42 [unit_spider] DEBUG: 准备请求URL: https://www.qut.edu.au/study/unit?unitCode=IFN712
2025-04-15 14:23:46 [scrapy.core.engine] DEBUG: Crawled (200) <GET https://www.qut.edu.au/study/unit?unitCode=CAB301 via http://localhost:8050/execute> (referer: None)
2025-04-15 14:23:46 [py.warnings] WARNING: C:\Users\43819\AppData\Local\Programs\Python\Python313\Lib\site-packages\scrapy\core\scraper.py:208: UserWarning: The "UnitSpider.parse_basic_info" method is a generator and includes a "return" statement with a value different than None. This could lead to unexpected behaviour. Please see https://docs.python.org/3/reference/simple_stmts.html#the-return-statement for details about the semantics of the "return" statement within generators
  warn_on_generator_with_return_value(spider, callback)

2025-04-15 14:23:46 [unit_spider] INFO: 正在处理单元: CAB301
2025-04-15 14:23:46 [unit_spider] INFO: Extracted info: {'unitCode': 'CAB301', 'unitTitle': 'Algorithms and Complexity', 'description': 'This unit teaches you the fundamental principles used to assess the efficiency of software algorithms, allowing you to distinguish solutions that can process large amounts of data or perform complex calculations effectively from those that run unacceptably slowly or not at all. In this unit you will examine a range of different algorithms, review the principles used to predict their efficiency and perform empirical measurements of specific algorithms to confirm the theoretical predictions.', 'creditPoints': 12, 'faculty': 'Faculty of Science', 'offeredSemester': 'Semester 1, 2025'}
2025-04-15 14:23:46 [scrapy.core.scraper] DEBUG: Scraped from <200 https://www.qut.edu.au/study/unit?unitCode=CAB301>
{'unitCode': 'CAB301', 'unitTitle': 'Algorithms and Complexity', 'description': 'This unit teaches you the fundamental principles used to assess the efficiency of software algorithms, allowing you to distinguish solutions that can process large amounts of data or perform complex calculations effectively from those that run unacceptably slowly or not at all. In this unit you will examine a range of different algorithms, review the principles used to predict their efficiency and perform empirical measurements of specific algorithms to confirm the theoretical predictions.', 'creditPoints': 12, 'faculty': 'Faculty of Science', 'offeredSemester': 'Semester 1, 2025'}
2025-04-15 14:23:49 [scrapy.core.engine] DEBUG: Crawled (200) <GET https://www.qut.edu.au/study/unit?unitCode=CAB302 via http://localhost:8050/execute> (referer: None)
2025-04-15 14:23:49 [py.warnings] WARNING: C:\Users\43819\AppData\Local\Programs\Python\Python313\Lib\site-packages\scrapy\core\scraper.py:208: UserWarning: The "UnitSpider.parse_basic_info" method is a generator and includes a "return" statement with a value different than None. This could lead to unexpected behaviour. Please see https://docs.python.org/3/reference/simple_stmts.html#the-return-statement for details about the semantics of the "return" statement within generators
  warn_on_generator_with_return_value(spider, callback)

2025-04-15 14:23:49 [unit_spider] INFO: 正在处理单元: CAB302
2025-04-15 14:23:49 [unit_spider] INFO: Extracted info: {'unitCode': 'CAB302', 'unitTitle': 'Software Development', 'description': 'This unit teaches you how to work effectively in a team to develop large-scale software systems. It includes principles of teamwork, modern software development methodologies and tools that are needed when working in a team on a large project.', 'creditPoints': 12, 'faculty': 'Faculty of Science', 'offeredSemester': 'Semester 1, 2025, Semester 2, 2025'}
2025-04-15 14:23:49 [scrapy.core.scraper] DEBUG: Scraped from <200 https://www.qut.edu.au/study/unit?unitCode=CAB302>
{'unitCode': 'CAB302', 'unitTitle': 'Software Development', 'description': 'This unit teaches you how to work effectively in a team to develop large-scale software systems. It includes principles of teamwork, modern software development methodologies and tools that are needed when working in a team on a large project.', 'creditPoints': 12, 'faculty': 'Faculty of Science', 'offeredSemester': 'Semester 1, 2025, Semester 2, 2025'}
2025-04-15 14:23:51 [scrapy.core.engine] DEBUG: Crawled (200) <GET https://www.qut.edu.au/study/unit?unitCode=CAB401 via http://localhost:8050/execute> (referer: None)
2025-04-15 14:23:51 [py.warnings] WARNING: C:\Users\43819\AppData\Local\Programs\Python\Python313\Lib\site-packages\scrapy\core\scraper.py:208: UserWarning: The "UnitSpider.parse_basic_info" method is a generator and includes a "return" statement with a value different than None. This could lead to unexpected behaviour. Please see https://docs.python.org/3/reference/simple_stmts.html#the-return-statement for details about the semantics of the "return" statement within generators
  warn_on_generator_with_return_value(spider, callback)

2025-04-15 14:23:51 [unit_spider] INFO: 正在处理单元: CAB401
2025-04-15 14:23:51 [unit_spider] INFO: Extracted info: {'unitCode': 'CAB401', 'unitTitle': 'High Performance and Parallel Computing', 'description': 'Building on your skills in "sequential" programming, this unit teaches you the tools and techniques needed to exploit multi-processor computer systems to achieve dramatic performance improvements for computationally intensive problems. This unit gives you both an understanding of why future computer hardware will be increasingly parallel, the challenges this poses for software development as well as a set of practical skills in creating high-performance programs using today\'s best tools and techniques.', 'creditPoints': 12, 'faculty': 'Faculty of Science', 'offeredSemester': 'Semester 2, 2025'}
2025-04-15 14:23:51 [scrapy.core.scraper] DEBUG: Scraped from <200 https://www.qut.edu.au/study/unit?unitCode=CAB401>
{'unitCode': 'CAB401', 'unitTitle': 'High Performance and Parallel Computing', 'description': 'Building on your skills in "sequential" programming, this unit teaches you the tools and techniques needed to exploit multi-processor computer systems to achieve dramatic performance improvements for computationally intensive problems. This unit gives you both an understanding of why future computer hardware will be increasingly parallel, the challenges this poses for software development as well as a set of practical skills in creating high-performance programs using today\'s best tools and techniques.', 'creditPoints': 12, 'faculty': 'Faculty of Science', 'offeredSemester': 'Semester 2, 2025'}
2025-04-15 14:23:53 [scrapy.core.engine] DEBUG: Crawled (200) <GET https://www.qut.edu.au/study/unit?unitCode=CAB403 via http://localhost:8050/execute> (referer: None)
2025-04-15 14:23:53 [py.warnings] WARNING: C:\Users\43819\AppData\Local\Programs\Python\Python313\Lib\site-packages\scrapy\core\scraper.py:208: UserWarning: The "UnitSpider.parse_basic_info" method is a generator and includes a "return" statement with a value different than None. This could lead to unexpected behaviour. Please see https://docs.python.org/3/reference/simple_stmts.html#the-return-statement for details about the semantics of the "return" statement within generators
  warn_on_generator_with_return_value(spider, callback)

2025-04-15 14:23:53 [unit_spider] INFO: 正在处理单元: CAB403
2025-04-15 14:23:53 [unit_spider] INFO: Extracted info: {'unitCode': 'CAB403', 'unitTitle': 'Systems Programming', 'description': 'Most of our other Computer Science units focus on high-level applications programming. Applications programmers are insulated from the low- level intricacies of the underlying hardware by making use of services provided by the operating system such as threads, virtual memory, file systems and device drivers. This unit focuses on Systems Programming, where the programmer can’t necessarily rely on high level services provided by the operating system and must interact directly with the underlying hardware. Systems software is either part of the operating system or software that operates at a similar level.&nbsp;This unit aims to give you practical programming skills for developing systems level applications and services.', 'creditPoints': 12, 'faculty': 'Faculty of Science', 'offeredSemester': 'Semester 2, 2025'}
2025-04-15 14:23:53 [scrapy.core.scraper] DEBUG: Scraped from <200 https://www.qut.edu.au/study/unit?unitCode=CAB403>
{'unitCode': 'CAB403', 'unitTitle': 'Systems Programming', 'description': 'Most of our other Computer Science units focus on high-level applications programming. Applications programmers are insulated from the low- level intricacies of the underlying hardware by making use of services provided by the operating system such as threads, virtual memory, file systems and device drivers. This unit focuses on Systems Programming, where the programmer can’t necessarily rely on high level services provided by the operating system and must interact directly with the underlying hardware. Systems software is either part of the operating system or software that operates at a similar level.&nbsp;This unit aims to give you practical programming skills for developing systems level applications and services.', 'creditPoints': 12, 'faculty': 'Faculty of Science', 'offeredSemester': 'Semester 2, 2025'}
2025-04-15 14:23:55 [scrapy.core.engine] DEBUG: Crawled (200) <GET https://www.qut.edu.au/study/unit?unitCode=IFN711 via http://localhost:8050/execute> (referer: None)
2025-04-15 14:23:55 [py.warnings] WARNING: C:\Users\43819\AppData\Local\Programs\Python\Python313\Lib\site-packages\scrapy\core\scraper.py:208: UserWarning: The "UnitSpider.parse_basic_info" method is a generator and includes a "return" statement with a value different than None. This could lead to unexpected behaviour. Please see https://docs.python.org/3/reference/simple_stmts.html#the-return-statement for details about the semantics of the "return" statement within generators
  warn_on_generator_with_return_value(spider, callback)

2025-04-15 14:23:55 [unit_spider] INFO: 正在处理单元: IFN711
2025-04-15 14:23:55 [unit_spider] INFO: Extracted info: {'unitCode': 'IFN711', 'unitTitle': 'IT Industry Project', 'description': 'The aim of this unit is to help you apply skills previously attained in your degree in an advanced problem domain&nbsp;and to enable you to conduct a well-defined project with specific outcomes. The project addresses an industry&nbsp;problem through the application of IT theories, tools and techniques.&nbsp;You will develop project management skills to lead teams in complex and changing&nbsp;environments. This unit introduces a range of traditional and contemporary project management approaches.&nbsp;', 'creditPoints': 24, 'faculty': 'Faculty of Science', 'offeredSemester': 'Semester 1, 2025'}
2025-04-15 14:23:55 [scrapy.core.scraper] DEBUG: Scraped from <200 https://www.qut.edu.au/study/unit?unitCode=IFN711>
{'unitCode': 'IFN711', 'unitTitle': 'IT Industry Project', 'description': 'The aim of this unit is to help you apply skills previously attained in your degree in an advanced problem domain&nbsp;and to enable you to conduct a well-defined project with specific outcomes. The project addresses an industry&nbsp;problem through the application of IT theories, tools and techniques.&nbsp;You will develop project management skills to lead teams in complex and changing&nbsp;environments. This unit introduces a range of traditional and contemporary project management approaches.&nbsp;', 'creditPoints': 24, 'faculty': 'Faculty of Science', 'offeredSemester': 'Semester 1, 2025'}
2025-04-15 14:23:57 [scrapy.core.engine] DEBUG: Crawled (200) <GET https://www.qut.edu.au/study/unit?unitCode=IFN712 via http://localhost:8050/execute> (referer: None)
2025-04-15 14:23:57 [py.warnings] WARNING: C:\Users\43819\AppData\Local\Programs\Python\Python313\Lib\site-packages\scrapy\core\scraper.py:208: UserWarning: The "UnitSpider.parse_basic_info" method is a generator and includes a "return" statement with a value different than None. This could lead to unexpected behaviour. Please see https://docs.python.org/3/reference/simple_stmts.html#the-return-statement for details about the semantics of the "return" statement within generators
  warn_on_generator_with_return_value(spider, callback)

2025-04-15 14:23:57 [unit_spider] INFO: 正在处理单元: IFN712
2025-04-15 14:23:57 [unit_spider] INFO: Extracted info: {'unitCode': 'IFN712', 'unitTitle': 'Research in IT Practice', 'description': 'As a professional, regardless of your discipline or context, you will be required to gather the best available evidence to make decisions, solve problems, and establish best practice, as well as innovate and develop. This unit will develop your understanding and higher order thinking related to the key concepts, principles, methodologies regarding research and provide the skills required in to perform research within professional settings and professional practice.', 'creditPoints': 24, 'faculty': 'Faculty of Science', 'offeredSemester': 'Semester 2, 2025'}
2025-04-15 14:23:57 [scrapy.core.scraper] DEBUG: Scraped from <200 https://www.qut.edu.au/study/unit?unitCode=IFN712>
{'unitCode': 'IFN712', 'unitTitle': 'Research in IT Practice', 'description': 'As a professional, regardless of your discipline or context, you will be required to gather the best available evidence to make decisions, solve problems, and establish best practice, as well as innovate and develop. This unit will develop your understanding and higher order thinking related to the key concepts, principles, methodologies regarding research and provide the skills required in to perform research within professional settings and professional practice.', 'creditPoints': 24, 'faculty': 'Faculty of Science', 'offeredSemester': 'Semester 2, 2025'}
2025-04-15 14:23:57 [scrapy.core.engine] INFO: Closing spider (finished)
2025-04-15 14:23:57 [unit_spider] INFO: 成功保存数据到文件: C:\Users\43819\Desktop\711_project\qut-courses\units.json
2025-04-15 14:23:57 [scrapy.statscollectors] INFO: Dumping Scrapy stats:
{'downloader/request_bytes': 6738,
 'downloader/request_count': 6,
 'downloader/request_method_count/POST': 6,
 'downloader/response_bytes': 8036408,
 'downloader/response_count': 6,
 'downloader/response_status_count/200': 6,
 'elapsed_time_seconds': 15.350957,
 'finish_reason': 'finished',
 'finish_time': datetime.datetime(2025, 4, 15, 4, 23, 57, 838291, tzinfo=datetime.timezone.utc),
 'item_scraped_count': 6,
 'items_per_minute': None,
 'log_count/DEBUG': 23,
 'log_count/INFO': 24,
 'log_count/WARNING': 7,
 'response_received_count': 6,
 'responses_per_minute': None,
 'scheduler/dequeued': 12,
 'scheduler/dequeued/memory': 12,
 'scheduler/enqueued': 12,
 'scheduler/enqueued/memory': 12,
 'splash/execute/request_count': 6,
 'splash/execute/response_count/200': 6,
 'start_time': datetime.datetime(2025, 4, 15, 4, 23, 42, 487334, tzinfo=datetime.timezone.utc)}
2025-04-15 14:23:57 [scrapy.core.engine] INFO: Spider closed (finished)
2025-04-15 14:33:41 [unit_spider] INFO: 爬虫初始化开始
2025-04-15 14:33:41 [unit_spider] ERROR: Error reading units.txt: [Errno 2] No such file or directory: 'units.txt'
2025-04-15 14:33:41 [scrapy.addons] INFO: Enabled addons:
[]
2025-04-15 14:33:41 [asyncio] DEBUG: Using selector: SelectSelector
2025-04-15 14:33:41 [scrapy.utils.log] DEBUG: Using reactor: twisted.internet.asyncioreactor.AsyncioSelectorReactor
2025-04-15 14:33:41 [scrapy.utils.log] DEBUG: Using asyncio event loop: asyncio.windows_events._WindowsSelectorEventLoop
2025-04-15 14:33:41 [scrapy.utils.log] DEBUG: Using reactor: twisted.internet.asyncioreactor.AsyncioSelectorReactor
2025-04-15 14:33:41 [scrapy.utils.log] DEBUG: Using asyncio event loop: asyncio.windows_events._WindowsSelectorEventLoop
2025-04-15 14:33:41 [scrapy.extensions.telnet] INFO: Telnet Password: ab87de273c5e4d76
2025-04-15 14:33:41 [scrapy.middleware] INFO: Enabled extensions:
['scrapy.extensions.corestats.CoreStats',
 'scrapy.extensions.telnet.TelnetConsole',
 'scrapy.extensions.logstats.LogStats']
2025-04-15 14:33:41 [scrapy.crawler] INFO: Overridden settings:
{'BOT_NAME': 'qut_unit_spider',
 'DOWNLOAD_DELAY': 2,
 'DUPEFILTER_CLASS': 'scrapy_splash.SplashAwareDupeFilter',
 'FEED_EXPORT_ENCODING': 'utf-8',
 'LOG_FILE': 'spider_debug.log',
 'NEWSPIDER_MODULE': 'qut_unit_spider.spiders',
 'SPIDER_MODULES': ['qut_unit_spider.spiders'],
 'TWISTED_REACTOR': 'twisted.internet.asyncioreactor.AsyncioSelectorReactor',
 'USER_AGENT': 'Mozilla/5.0 (Windows NT 10.0; Win64; x64) AppleWebKit/537.36 '
               '(KHTML, like Gecko) Chrome/91.0.4472.124 Safari/537.36'}
2025-04-15 14:33:41 [scrapy.middleware] INFO: Enabled downloader middlewares:
['scrapy.downloadermiddlewares.offsite.OffsiteMiddleware',
 'scrapy.downloadermiddlewares.httpauth.HttpAuthMiddleware',
 'scrapy.downloadermiddlewares.downloadtimeout.DownloadTimeoutMiddleware',
 'scrapy.downloadermiddlewares.defaultheaders.DefaultHeadersMiddleware',
 'scrapy.downloadermiddlewares.useragent.UserAgentMiddleware',
 'scrapy.downloadermiddlewares.retry.RetryMiddleware',
 'scrapy.downloadermiddlewares.redirect.MetaRefreshMiddleware',
 'scrapy.downloadermiddlewares.redirect.RedirectMiddleware',
 'scrapy.downloadermiddlewares.cookies.CookiesMiddleware',
 'scrapy_splash.SplashCookiesMiddleware',
 'scrapy_splash.SplashMiddleware',
 'scrapy.downloadermiddlewares.httpproxy.HttpProxyMiddleware',
 'scrapy.downloadermiddlewares.httpcompression.HttpCompressionMiddleware',
 'scrapy.downloadermiddlewares.stats.DownloaderStats']
2025-04-15 14:33:41 [scrapy.middleware] INFO: Enabled spider middlewares:
['scrapy.spidermiddlewares.httperror.HttpErrorMiddleware',
 'scrapy_splash.SplashDeduplicateArgsMiddleware',
 'scrapy.spidermiddlewares.referer.RefererMiddleware',
 'scrapy.spidermiddlewares.urllength.UrlLengthMiddleware',
 'scrapy.spidermiddlewares.depth.DepthMiddleware']
2025-04-15 14:33:41 [scrapy.middleware] INFO: Enabled item pipelines:
[]
2025-04-15 14:33:41 [scrapy.core.engine] INFO: Spider opened
2025-04-15 14:33:41 [scrapy.extensions.logstats] INFO: Crawled 0 pages (at 0 pages/min), scraped 0 items (at 0 items/min)
2025-04-15 14:33:41 [scrapy.extensions.telnet] INFO: Telnet console listening on 127.0.0.1:6023
2025-04-15 14:33:41 [unit_spider] INFO: 开始发送请求
2025-04-15 14:33:41 [scrapy.core.engine] INFO: Closing spider (finished)
2025-04-15 14:33:41 [unit_spider] WARNING: No units data collected!
2025-04-15 14:33:41 [scrapy.statscollectors] INFO: Dumping Scrapy stats:
{'elapsed_time_seconds': 0.001646,
 'finish_reason': 'finished',
 'finish_time': datetime.datetime(2025, 4, 15, 4, 33, 41, 440900, tzinfo=datetime.timezone.utc),
 'items_per_minute': None,
 'log_count/DEBUG': 5,
 'log_count/INFO': 11,
 'log_count/WARNING': 1,
 'responses_per_minute': None,
 'start_time': datetime.datetime(2025, 4, 15, 4, 33, 41, 439254, tzinfo=datetime.timezone.utc)}
2025-04-15 14:33:41 [scrapy.core.engine] INFO: Spider closed (finished)
2025-04-15 14:52:24 [unit_spider] INFO: 爬虫初始化开始
2025-04-15 14:52:24 [unit_spider] ERROR: Error reading units.txt: [Errno 2] No such file or directory: 'units.txt'
2025-04-15 14:52:24 [scrapy.addons] INFO: Enabled addons:
[]
2025-04-15 14:52:24 [asyncio] DEBUG: Using selector: SelectSelector
2025-04-15 14:52:24 [scrapy.utils.log] DEBUG: Using reactor: twisted.internet.asyncioreactor.AsyncioSelectorReactor
2025-04-15 14:52:24 [scrapy.utils.log] DEBUG: Using asyncio event loop: asyncio.windows_events._WindowsSelectorEventLoop
2025-04-15 14:52:24 [scrapy.utils.log] DEBUG: Using reactor: twisted.internet.asyncioreactor.AsyncioSelectorReactor
2025-04-15 14:52:24 [scrapy.utils.log] DEBUG: Using asyncio event loop: asyncio.windows_events._WindowsSelectorEventLoop
2025-04-15 14:52:24 [scrapy.extensions.telnet] INFO: Telnet Password: bc7e39bc52017c21
2025-04-15 14:52:24 [scrapy.middleware] INFO: Enabled extensions:
['scrapy.extensions.corestats.CoreStats',
 'scrapy.extensions.telnet.TelnetConsole',
 'scrapy.extensions.logstats.LogStats']
2025-04-15 14:52:24 [scrapy.crawler] INFO: Overridden settings:
{'BOT_NAME': 'qut_unit_spider',
 'DOWNLOAD_DELAY': 2,
 'DUPEFILTER_CLASS': 'scrapy_splash.SplashAwareDupeFilter',
 'FEED_EXPORT_ENCODING': 'utf-8',
 'LOG_FILE': 'spider_debug.log',
 'NEWSPIDER_MODULE': 'qut_unit_spider.spiders',
 'SPIDER_MODULES': ['qut_unit_spider.spiders'],
 'TWISTED_REACTOR': 'twisted.internet.asyncioreactor.AsyncioSelectorReactor',
 'USER_AGENT': 'Mozilla/5.0 (Windows NT 10.0; Win64; x64) AppleWebKit/537.36 '
               '(KHTML, like Gecko) Chrome/91.0.4472.124 Safari/537.36'}
2025-04-15 14:52:24 [scrapy.middleware] INFO: Enabled downloader middlewares:
['scrapy.downloadermiddlewares.offsite.OffsiteMiddleware',
 'scrapy.downloadermiddlewares.httpauth.HttpAuthMiddleware',
 'scrapy.downloadermiddlewares.downloadtimeout.DownloadTimeoutMiddleware',
 'scrapy.downloadermiddlewares.defaultheaders.DefaultHeadersMiddleware',
 'scrapy.downloadermiddlewares.useragent.UserAgentMiddleware',
 'scrapy.downloadermiddlewares.retry.RetryMiddleware',
 'scrapy.downloadermiddlewares.redirect.MetaRefreshMiddleware',
 'scrapy.downloadermiddlewares.redirect.RedirectMiddleware',
 'scrapy.downloadermiddlewares.cookies.CookiesMiddleware',
 'scrapy_splash.SplashCookiesMiddleware',
 'scrapy_splash.SplashMiddleware',
 'scrapy.downloadermiddlewares.httpproxy.HttpProxyMiddleware',
 'scrapy.downloadermiddlewares.httpcompression.HttpCompressionMiddleware',
 'scrapy.downloadermiddlewares.stats.DownloaderStats']
2025-04-15 14:52:24 [scrapy.middleware] INFO: Enabled spider middlewares:
['scrapy.spidermiddlewares.httperror.HttpErrorMiddleware',
 'scrapy_splash.SplashDeduplicateArgsMiddleware',
 'scrapy.spidermiddlewares.referer.RefererMiddleware',
 'scrapy.spidermiddlewares.urllength.UrlLengthMiddleware',
 'scrapy.spidermiddlewares.depth.DepthMiddleware']
2025-04-15 14:52:24 [scrapy.middleware] INFO: Enabled item pipelines:
[]
2025-04-15 14:52:24 [scrapy.core.engine] INFO: Spider opened
2025-04-15 14:52:24 [scrapy.extensions.logstats] INFO: Crawled 0 pages (at 0 pages/min), scraped 0 items (at 0 items/min)
2025-04-15 14:52:24 [scrapy.extensions.telnet] INFO: Telnet console listening on 127.0.0.1:6023
2025-04-15 14:52:24 [unit_spider] INFO: 开始发送请求
2025-04-15 14:52:24 [scrapy.core.engine] INFO: Closing spider (finished)
2025-04-15 14:52:24 [unit_spider] WARNING: No units data collected!
2025-04-15 14:52:24 [scrapy.statscollectors] INFO: Dumping Scrapy stats:
{'elapsed_time_seconds': 0.002357,
 'finish_reason': 'finished',
 'finish_time': datetime.datetime(2025, 4, 15, 4, 52, 24, 711029, tzinfo=datetime.timezone.utc),
 'items_per_minute': None,
 'log_count/DEBUG': 5,
 'log_count/INFO': 11,
 'log_count/WARNING': 1,
 'responses_per_minute': None,
 'start_time': datetime.datetime(2025, 4, 15, 4, 52, 24, 708672, tzinfo=datetime.timezone.utc)}
2025-04-15 14:52:24 [scrapy.core.engine] INFO: Spider closed (finished)
2025-04-15 14:53:10 [unit_spider] INFO: 爬虫初始化开始
2025-04-15 14:53:10 [unit_spider] ERROR: Error reading units.txt: [Errno 2] No such file or directory: 'units.txt'
2025-04-15 14:53:10 [scrapy.addons] INFO: Enabled addons:
[]
2025-04-15 14:53:10 [asyncio] DEBUG: Using selector: SelectSelector
2025-04-15 14:53:10 [scrapy.utils.log] DEBUG: Using reactor: twisted.internet.asyncioreactor.AsyncioSelectorReactor
2025-04-15 14:53:10 [scrapy.utils.log] DEBUG: Using asyncio event loop: asyncio.windows_events._WindowsSelectorEventLoop
2025-04-15 14:53:10 [scrapy.utils.log] DEBUG: Using reactor: twisted.internet.asyncioreactor.AsyncioSelectorReactor
2025-04-15 14:53:10 [scrapy.utils.log] DEBUG: Using asyncio event loop: asyncio.windows_events._WindowsSelectorEventLoop
2025-04-15 14:53:10 [scrapy.extensions.telnet] INFO: Telnet Password: 2375f67332e9feaa
2025-04-15 14:53:10 [scrapy.middleware] INFO: Enabled extensions:
['scrapy.extensions.corestats.CoreStats',
 'scrapy.extensions.telnet.TelnetConsole',
 'scrapy.extensions.logstats.LogStats']
2025-04-15 14:53:10 [scrapy.crawler] INFO: Overridden settings:
{'BOT_NAME': 'qut_unit_spider',
 'DOWNLOAD_DELAY': 2,
 'DUPEFILTER_CLASS': 'scrapy_splash.SplashAwareDupeFilter',
 'FEED_EXPORT_ENCODING': 'utf-8',
 'LOG_FILE': 'spider_debug.log',
 'NEWSPIDER_MODULE': 'qut_unit_spider.spiders',
 'SPIDER_MODULES': ['qut_unit_spider.spiders'],
 'TWISTED_REACTOR': 'twisted.internet.asyncioreactor.AsyncioSelectorReactor',
 'USER_AGENT': 'Mozilla/5.0 (Windows NT 10.0; Win64; x64) AppleWebKit/537.36 '
               '(KHTML, like Gecko) Chrome/91.0.4472.124 Safari/537.36'}
2025-04-15 14:53:11 [scrapy.middleware] INFO: Enabled downloader middlewares:
['scrapy.downloadermiddlewares.offsite.OffsiteMiddleware',
 'scrapy.downloadermiddlewares.httpauth.HttpAuthMiddleware',
 'scrapy.downloadermiddlewares.downloadtimeout.DownloadTimeoutMiddleware',
 'scrapy.downloadermiddlewares.defaultheaders.DefaultHeadersMiddleware',
 'scrapy.downloadermiddlewares.useragent.UserAgentMiddleware',
 'scrapy.downloadermiddlewares.retry.RetryMiddleware',
 'scrapy.downloadermiddlewares.redirect.MetaRefreshMiddleware',
 'scrapy.downloadermiddlewares.redirect.RedirectMiddleware',
 'scrapy.downloadermiddlewares.cookies.CookiesMiddleware',
 'scrapy_splash.SplashCookiesMiddleware',
 'scrapy_splash.SplashMiddleware',
 'scrapy.downloadermiddlewares.httpproxy.HttpProxyMiddleware',
 'scrapy.downloadermiddlewares.httpcompression.HttpCompressionMiddleware',
 'scrapy.downloadermiddlewares.stats.DownloaderStats']
2025-04-15 14:53:11 [scrapy.middleware] INFO: Enabled spider middlewares:
['scrapy.spidermiddlewares.httperror.HttpErrorMiddleware',
 'scrapy_splash.SplashDeduplicateArgsMiddleware',
 'scrapy.spidermiddlewares.referer.RefererMiddleware',
 'scrapy.spidermiddlewares.urllength.UrlLengthMiddleware',
 'scrapy.spidermiddlewares.depth.DepthMiddleware']
2025-04-15 14:53:11 [scrapy.middleware] INFO: Enabled item pipelines:
[]
2025-04-15 14:53:11 [scrapy.core.engine] INFO: Spider opened
2025-04-15 14:53:11 [scrapy.extensions.logstats] INFO: Crawled 0 pages (at 0 pages/min), scraped 0 items (at 0 items/min)
2025-04-15 14:53:11 [scrapy.extensions.telnet] INFO: Telnet console listening on 127.0.0.1:6023
2025-04-15 14:53:11 [unit_spider] INFO: 开始发送请求
2025-04-15 14:53:11 [scrapy.core.engine] INFO: Closing spider (finished)
2025-04-15 14:53:11 [unit_spider] WARNING: No units data collected!
2025-04-15 14:53:11 [scrapy.statscollectors] INFO: Dumping Scrapy stats:
{'elapsed_time_seconds': 0.002022,
 'finish_reason': 'finished',
 'finish_time': datetime.datetime(2025, 4, 15, 4, 53, 11, 147541, tzinfo=datetime.timezone.utc),
 'items_per_minute': None,
 'log_count/DEBUG': 5,
 'log_count/INFO': 11,
 'log_count/WARNING': 1,
 'responses_per_minute': None,
 'start_time': datetime.datetime(2025, 4, 15, 4, 53, 11, 145519, tzinfo=datetime.timezone.utc)}
2025-04-15 14:53:11 [scrapy.core.engine] INFO: Spider closed (finished)
2025-04-15 15:00:07 [unit_spider] INFO: 爬虫初始化开始
2025-04-15 15:00:07 [unit_spider] INFO: Found unit codes: ['CAB301', 'CAB302', 'CAB401', 'CAB403', 'IFN711', 'IFN712']
2025-04-15 15:00:07 [unit_spider] INFO: Start URLs: ['https://www.qut.edu.au/study/unit?unitCode=CAB301', 'https://www.qut.edu.au/study/unit?unitCode=CAB302', 'https://www.qut.edu.au/study/unit?unitCode=CAB401', 'https://www.qut.edu.au/study/unit?unitCode=CAB403', 'https://www.qut.edu.au/study/unit?unitCode=IFN711', 'https://www.qut.edu.au/study/unit?unitCode=IFN712']
2025-04-15 15:00:07 [scrapy.addons] INFO: Enabled addons:
[]
2025-04-15 15:00:07 [asyncio] DEBUG: Using selector: SelectSelector
2025-04-15 15:00:07 [scrapy.utils.log] DEBUG: Using reactor: twisted.internet.asyncioreactor.AsyncioSelectorReactor
2025-04-15 15:00:07 [scrapy.utils.log] DEBUG: Using asyncio event loop: asyncio.windows_events._WindowsSelectorEventLoop
2025-04-15 15:00:07 [scrapy.utils.log] DEBUG: Using reactor: twisted.internet.asyncioreactor.AsyncioSelectorReactor
2025-04-15 15:00:07 [scrapy.utils.log] DEBUG: Using asyncio event loop: asyncio.windows_events._WindowsSelectorEventLoop
2025-04-15 15:00:07 [scrapy.extensions.telnet] INFO: Telnet Password: aa78f1e65a47c2d3
2025-04-15 15:00:07 [scrapy.middleware] INFO: Enabled extensions:
['scrapy.extensions.corestats.CoreStats',
 'scrapy.extensions.telnet.TelnetConsole',
 'scrapy.extensions.logstats.LogStats']
2025-04-15 15:00:07 [scrapy.crawler] INFO: Overridden settings:
{'BOT_NAME': 'qut_unit_spider',
 'DOWNLOAD_DELAY': 2,
 'DUPEFILTER_CLASS': 'scrapy_splash.SplashAwareDupeFilter',
 'FEED_EXPORT_ENCODING': 'utf-8',
 'LOG_FILE': 'spider_debug.log',
 'NEWSPIDER_MODULE': 'qut_unit_spider.spiders',
 'SPIDER_MODULES': ['qut_unit_spider.spiders'],
 'TWISTED_REACTOR': 'twisted.internet.asyncioreactor.AsyncioSelectorReactor',
 'USER_AGENT': 'Mozilla/5.0 (Windows NT 10.0; Win64; x64) AppleWebKit/537.36 '
               '(KHTML, like Gecko) Chrome/91.0.4472.124 Safari/537.36'}
2025-04-15 15:00:07 [scrapy.middleware] INFO: Enabled downloader middlewares:
['scrapy.downloadermiddlewares.offsite.OffsiteMiddleware',
 'scrapy.downloadermiddlewares.httpauth.HttpAuthMiddleware',
 'scrapy.downloadermiddlewares.downloadtimeout.DownloadTimeoutMiddleware',
 'scrapy.downloadermiddlewares.defaultheaders.DefaultHeadersMiddleware',
 'scrapy.downloadermiddlewares.useragent.UserAgentMiddleware',
 'scrapy.downloadermiddlewares.retry.RetryMiddleware',
 'scrapy.downloadermiddlewares.redirect.MetaRefreshMiddleware',
 'scrapy.downloadermiddlewares.redirect.RedirectMiddleware',
 'scrapy.downloadermiddlewares.cookies.CookiesMiddleware',
 'scrapy_splash.SplashCookiesMiddleware',
 'scrapy_splash.SplashMiddleware',
 'scrapy.downloadermiddlewares.httpproxy.HttpProxyMiddleware',
 'scrapy.downloadermiddlewares.httpcompression.HttpCompressionMiddleware',
 'scrapy.downloadermiddlewares.stats.DownloaderStats']
2025-04-15 15:00:07 [scrapy.middleware] INFO: Enabled spider middlewares:
['scrapy.spidermiddlewares.httperror.HttpErrorMiddleware',
 'scrapy_splash.SplashDeduplicateArgsMiddleware',
 'scrapy.spidermiddlewares.referer.RefererMiddleware',
 'scrapy.spidermiddlewares.urllength.UrlLengthMiddleware',
 'scrapy.spidermiddlewares.depth.DepthMiddleware']
2025-04-15 15:00:07 [scrapy.middleware] INFO: Enabled item pipelines:
[]
2025-04-15 15:00:07 [scrapy.core.engine] INFO: Spider opened
2025-04-15 15:00:07 [scrapy.extensions.logstats] INFO: Crawled 0 pages (at 0 pages/min), scraped 0 items (at 0 items/min)
2025-04-15 15:00:07 [scrapy.extensions.telnet] INFO: Telnet console listening on 127.0.0.1:6023
2025-04-15 15:00:07 [unit_spider] INFO: 开始发送请求
2025-04-15 15:00:07 [unit_spider] DEBUG: 准备请求URL: https://www.qut.edu.au/study/unit?unitCode=CAB301
2025-04-15 15:00:07 [py.warnings] WARNING: C:\Users\43819\AppData\Local\Programs\Python\Python313\Lib\site-packages\scrapy_splash\middleware.py:498: ScrapyDeprecationWarning: Use of this protected method is deprecated. Consider using its corresponding public method get_slot_key() instead.
  return self.crawler.engine.downloader._get_slot_key(

2025-04-15 15:00:07 [unit_spider] DEBUG: 准备请求URL: https://www.qut.edu.au/study/unit?unitCode=CAB302
2025-04-15 15:00:07 [unit_spider] DEBUG: 准备请求URL: https://www.qut.edu.au/study/unit?unitCode=CAB401
2025-04-15 15:00:07 [unit_spider] DEBUG: 准备请求URL: https://www.qut.edu.au/study/unit?unitCode=CAB403
2025-04-15 15:00:07 [unit_spider] DEBUG: 准备请求URL: https://www.qut.edu.au/study/unit?unitCode=IFN711
2025-04-15 15:00:07 [unit_spider] DEBUG: 准备请求URL: https://www.qut.edu.au/study/unit?unitCode=IFN712
2025-04-15 15:00:12 [scrapy.core.engine] DEBUG: Crawled (200) <GET https://www.qut.edu.au/study/unit?unitCode=CAB301 via http://localhost:8050/execute> (referer: None)
2025-04-15 15:00:12 [unit_spider] INFO: Successfully extracted unit info for CAB301
2025-04-15 15:00:12 [unit_spider] INFO: Added unit info to list: CAB301
2025-04-15 15:00:12 [scrapy.core.scraper] DEBUG: Scraped from <200 https://www.qut.edu.au/study/unit?unitCode=CAB301>
{'unitCode': 'CAB301', 'faculty': 'Faculty of Science', 'school': 'School of Computer Science', 'studyArea': 'Science', 'creditPoints': 12, 'prerequisites': '(', 'offeredSemesters': ['Semester 1, 2025']}
2025-04-15 15:00:14 [scrapy.core.engine] DEBUG: Crawled (200) <GET https://www.qut.edu.au/study/unit?unitCode=CAB302 via http://localhost:8050/execute> (referer: None)
2025-04-15 15:00:14 [unit_spider] INFO: Successfully extracted unit info for CAB302
2025-04-15 15:00:14 [unit_spider] INFO: Added unit info to list: CAB302
2025-04-15 15:00:14 [scrapy.core.scraper] DEBUG: Scraped from <200 https://www.qut.edu.au/study/unit?unitCode=CAB302>
{'unitCode': 'CAB302', 'faculty': 'Faculty of Science', 'school': 'School of Computer Science', 'studyArea': 'Science', 'creditPoints': 12, 'prerequisites': 'or INB270 or ITD121', 'offeredSemesters': ['Semester 1, 2025', 'Semester 2, 2025']}
2025-04-15 15:00:16 [scrapy.core.engine] DEBUG: Crawled (200) <GET https://www.qut.edu.au/study/unit?unitCode=CAB401 via http://localhost:8050/execute> (referer: None)
2025-04-15 15:00:16 [unit_spider] INFO: Successfully extracted unit info for CAB401
2025-04-15 15:00:16 [unit_spider] INFO: Added unit info to list: CAB401
2025-04-15 15:00:16 [scrapy.core.scraper] DEBUG: Scraped from <200 https://www.qut.edu.au/study/unit?unitCode=CAB401>
{'unitCode': 'CAB401', 'faculty': 'Faculty of Science', 'school': 'School of Computer Science', 'studyArea': 'Science', 'creditPoints': 12, 'prerequisites': 'or (IFN563 and IFN564) or (', 'offeredSemesters': ['Semester 2, 2025']}
2025-04-15 15:00:20 [scrapy.core.engine] DEBUG: Crawled (200) <GET https://www.qut.edu.au/study/unit?unitCode=CAB403 via http://localhost:8050/execute> (referer: None)
2025-04-15 15:00:20 [unit_spider] INFO: Successfully extracted unit info for CAB403
2025-04-15 15:00:20 [unit_spider] INFO: Added unit info to list: CAB403
2025-04-15 15:00:20 [scrapy.core.scraper] DEBUG: Scraped from <200 https://www.qut.edu.au/study/unit?unitCode=CAB403>
{'unitCode': 'CAB403', 'faculty': 'Faculty of Science', 'school': 'School of Computer Science', 'studyArea': 'Science', 'creditPoints': 12, 'prerequisites': '(', 'offeredSemesters': ['Semester 2, 2025']}
2025-04-15 15:00:22 [scrapy.core.engine] DEBUG: Crawled (200) <GET https://www.qut.edu.au/study/unit?unitCode=IFN711 via http://localhost:8050/execute> (referer: None)
2025-04-15 15:00:22 [unit_spider] INFO: Successfully extracted unit info for IFN711
2025-04-15 15:00:22 [unit_spider] INFO: Added unit info to list: IFN711
2025-04-15 15:00:22 [scrapy.core.scraper] DEBUG: Scraped from <200 https://www.qut.edu.au/study/unit?unitCode=IFN711>
{'unitCode': 'IFN711', 'faculty': 'Faculty of Science', 'school': 'School of Information Systems', 'studyArea': 'Science', 'creditPoints': 24, 'prerequisites': 'Completion of 96cp from (IN20 or IN27) or (Admission to IN23 and Completion of 48cp)', 'offeredSemesters': ['Semester 1, 2025']}
2025-04-15 15:00:24 [scrapy.core.engine] DEBUG: Crawled (200) <GET https://www.qut.edu.au/study/unit?unitCode=IFN712 via http://localhost:8050/execute> (referer: None)
2025-04-15 15:00:24 [unit_spider] INFO: Successfully extracted unit info for IFN712
2025-04-15 15:00:24 [unit_spider] INFO: Added unit info to list: IFN712
2025-04-15 15:00:24 [scrapy.core.scraper] DEBUG: Scraped from <200 https://www.qut.edu.au/study/unit?unitCode=IFN712>
{'unitCode': 'IFN712', 'faculty': 'Faculty of Science', 'school': 'School of Computer Science', 'studyArea': 'Science', 'creditPoints': 24, 'prerequisites': 'Completion of 96cp from (IN20 or IN27) or (Admission to IN23 and Completion of 48cp)', 'offeredSemesters': ['Semester 2, 2025']}
2025-04-15 15:00:24 [scrapy.core.engine] INFO: Closing spider (finished)
2025-04-15 15:00:24 [unit_spider] INFO: Successfully saved 6 units to C:\Users\43819\Desktop\711_project\qut-courses\units.json
2025-04-15 15:00:24 [scrapy.statscollectors] INFO: Dumping Scrapy stats:
{'downloader/request_bytes': 6342,
 'downloader/request_count': 6,
 'downloader/request_method_count/POST': 6,
 'downloader/response_bytes': 1120831,
 'downloader/response_count': 6,
 'downloader/response_status_count/200': 6,
 'elapsed_time_seconds': 17.151699,
 'finish_reason': 'finished',
 'finish_time': datetime.datetime(2025, 4, 15, 5, 0, 24, 692158, tzinfo=datetime.timezone.utc),
 'item_scraped_count': 6,
 'items_per_minute': None,
 'log_count/DEBUG': 23,
 'log_count/INFO': 24,
 'log_count/WARNING': 1,
 'response_received_count': 6,
 'responses_per_minute': None,
 'scheduler/dequeued': 12,
 'scheduler/dequeued/memory': 12,
 'scheduler/enqueued': 12,
 'scheduler/enqueued/memory': 12,
 'splash/execute/request_count': 6,
 'splash/execute/response_count/200': 6,
 'start_time': datetime.datetime(2025, 4, 15, 5, 0, 7, 540459, tzinfo=datetime.timezone.utc)}
2025-04-15 15:00:24 [scrapy.core.engine] INFO: Spider closed (finished)
2025-04-15 15:16:10 [unit_spider] INFO: 爬虫初始化开始
2025-04-15 15:16:10 [unit_spider] INFO: Found unit codes: ['CAB301', 'CAB302', 'CAB401', 'CAB403', 'IFN711', 'IFN712']
2025-04-15 15:16:10 [unit_spider] INFO: Start URLs: ['https://www.qut.edu.au/study/unit?unitCode=CAB301', 'https://www.qut.edu.au/study/unit?unitCode=CAB302', 'https://www.qut.edu.au/study/unit?unitCode=CAB401', 'https://www.qut.edu.au/study/unit?unitCode=CAB403', 'https://www.qut.edu.au/study/unit?unitCode=IFN711', 'https://www.qut.edu.au/study/unit?unitCode=IFN712']
2025-04-15 15:16:10 [scrapy.addons] INFO: Enabled addons:
[]
2025-04-15 15:16:10 [asyncio] DEBUG: Using selector: SelectSelector
2025-04-15 15:16:10 [scrapy.utils.log] DEBUG: Using reactor: twisted.internet.asyncioreactor.AsyncioSelectorReactor
2025-04-15 15:16:10 [scrapy.utils.log] DEBUG: Using asyncio event loop: asyncio.windows_events._WindowsSelectorEventLoop
2025-04-15 15:16:10 [scrapy.utils.log] DEBUG: Using reactor: twisted.internet.asyncioreactor.AsyncioSelectorReactor
2025-04-15 15:16:10 [scrapy.utils.log] DEBUG: Using asyncio event loop: asyncio.windows_events._WindowsSelectorEventLoop
2025-04-15 15:16:10 [scrapy.extensions.telnet] INFO: Telnet Password: ec919aa10dad05c2
2025-04-15 15:16:10 [scrapy.middleware] INFO: Enabled extensions:
['scrapy.extensions.corestats.CoreStats',
 'scrapy.extensions.telnet.TelnetConsole',
 'scrapy.extensions.logstats.LogStats']
2025-04-15 15:16:10 [scrapy.crawler] INFO: Overridden settings:
{'BOT_NAME': 'qut_unit_spider',
 'DOWNLOAD_DELAY': 2,
 'DUPEFILTER_CLASS': 'scrapy_splash.SplashAwareDupeFilter',
 'FEED_EXPORT_ENCODING': 'utf-8',
 'LOG_FILE': 'spider_debug.log',
 'NEWSPIDER_MODULE': 'qut_unit_spider.spiders',
 'SPIDER_MODULES': ['qut_unit_spider.spiders'],
 'TWISTED_REACTOR': 'twisted.internet.asyncioreactor.AsyncioSelectorReactor',
 'USER_AGENT': 'Mozilla/5.0 (Windows NT 10.0; Win64; x64) AppleWebKit/537.36 '
               '(KHTML, like Gecko) Chrome/91.0.4472.124 Safari/537.36'}
2025-04-15 15:16:11 [scrapy.middleware] INFO: Enabled downloader middlewares:
['scrapy.downloadermiddlewares.offsite.OffsiteMiddleware',
 'scrapy.downloadermiddlewares.httpauth.HttpAuthMiddleware',
 'scrapy.downloadermiddlewares.downloadtimeout.DownloadTimeoutMiddleware',
 'scrapy.downloadermiddlewares.defaultheaders.DefaultHeadersMiddleware',
 'scrapy.downloadermiddlewares.useragent.UserAgentMiddleware',
 'scrapy.downloadermiddlewares.retry.RetryMiddleware',
 'scrapy.downloadermiddlewares.redirect.MetaRefreshMiddleware',
 'scrapy.downloadermiddlewares.redirect.RedirectMiddleware',
 'scrapy.downloadermiddlewares.cookies.CookiesMiddleware',
 'scrapy_splash.SplashCookiesMiddleware',
 'scrapy_splash.SplashMiddleware',
 'scrapy.downloadermiddlewares.httpproxy.HttpProxyMiddleware',
 'scrapy.downloadermiddlewares.httpcompression.HttpCompressionMiddleware',
 'scrapy.downloadermiddlewares.stats.DownloaderStats']
2025-04-15 15:16:11 [scrapy.middleware] INFO: Enabled spider middlewares:
['scrapy.spidermiddlewares.httperror.HttpErrorMiddleware',
 'scrapy_splash.SplashDeduplicateArgsMiddleware',
 'scrapy.spidermiddlewares.referer.RefererMiddleware',
 'scrapy.spidermiddlewares.urllength.UrlLengthMiddleware',
 'scrapy.spidermiddlewares.depth.DepthMiddleware']
2025-04-15 15:16:11 [scrapy.middleware] INFO: Enabled item pipelines:
[]
2025-04-15 15:16:11 [scrapy.core.engine] INFO: Spider opened
2025-04-15 15:16:11 [scrapy.extensions.logstats] INFO: Crawled 0 pages (at 0 pages/min), scraped 0 items (at 0 items/min)
2025-04-15 15:16:11 [scrapy.extensions.telnet] INFO: Telnet console listening on 127.0.0.1:6023
2025-04-15 15:16:11 [unit_spider] INFO: 开始发送请求
2025-04-15 15:16:11 [unit_spider] DEBUG: 准备请求URL: https://www.qut.edu.au/study/unit?unitCode=CAB301
2025-04-15 15:16:11 [py.warnings] WARNING: C:\Users\43819\AppData\Local\Programs\Python\Python313\Lib\site-packages\scrapy_splash\middleware.py:498: ScrapyDeprecationWarning: Use of this protected method is deprecated. Consider using its corresponding public method get_slot_key() instead.
  return self.crawler.engine.downloader._get_slot_key(

2025-04-15 15:16:11 [unit_spider] DEBUG: 准备请求URL: https://www.qut.edu.au/study/unit?unitCode=CAB302
2025-04-15 15:16:11 [unit_spider] DEBUG: 准备请求URL: https://www.qut.edu.au/study/unit?unitCode=CAB401
2025-04-15 15:16:11 [unit_spider] DEBUG: 准备请求URL: https://www.qut.edu.au/study/unit?unitCode=CAB403
2025-04-15 15:16:11 [unit_spider] DEBUG: 准备请求URL: https://www.qut.edu.au/study/unit?unitCode=IFN711
2025-04-15 15:16:11 [unit_spider] DEBUG: 准备请求URL: https://www.qut.edu.au/study/unit?unitCode=IFN712
2025-04-15 15:16:15 [scrapy.core.engine] DEBUG: Crawled (200) <GET https://www.qut.edu.au/study/unit?unitCode=CAB301 via http://localhost:8050/execute> (referer: None)
2025-04-15 15:16:15 [unit_spider] INFO: Successfully extracted unit info for CAB301
2025-04-15 15:16:15 [unit_spider] INFO: Added unit info to list: CAB301
2025-04-15 15:16:15 [scrapy.core.scraper] DEBUG: Scraped from <200 https://www.qut.edu.au/study/unit?unitCode=CAB301>
{'unitCode': 'CAB301', 'faculty': 'Faculty of Science', 'school': 'School of Computer Science', 'studyArea': 'Science', 'creditPoints': 12, 'prerequisites': None, 'equivalents': ['INB371']}
2025-04-15 15:16:18 [scrapy.core.engine] DEBUG: Crawled (200) <GET https://www.qut.edu.au/study/unit?unitCode=CAB302 via http://localhost:8050/execute> (referer: None)
2025-04-15 15:16:18 [unit_spider] INFO: Successfully extracted unit info for CAB302
2025-04-15 15:16:18 [unit_spider] INFO: Added unit info to list: CAB302
2025-04-15 15:16:18 [scrapy.core.scraper] DEBUG: Scraped from <200 https://www.qut.edu.au/study/unit?unitCode=CAB302>
{'unitCode': 'CAB302', 'faculty': 'Faculty of Science', 'school': 'School of Computer Science', 'studyArea': 'Science', 'creditPoints': 12, 'prerequisites': 'INB270 or ITD121', 'equivalents': ['INB370']}
2025-04-15 15:16:19 [scrapy.core.engine] DEBUG: Crawled (200) <GET https://www.qut.edu.au/study/unit?unitCode=CAB401 via http://localhost:8050/execute> (referer: None)
2025-04-15 15:16:19 [unit_spider] INFO: Successfully extracted unit info for CAB401
2025-04-15 15:16:19 [unit_spider] INFO: Added unit info to list: CAB401
2025-04-15 15:16:19 [scrapy.core.scraper] DEBUG: Scraped from <200 https://www.qut.edu.au/study/unit?unitCode=CAB401>
{'unitCode': 'CAB401', 'faculty': 'Faculty of Science', 'school': 'School of Computer Science', 'studyArea': 'Science', 'creditPoints': 12, 'prerequisites': '(IFN563 and IFN564) or (', 'equivalents': ['INB375']}
2025-04-15 15:16:21 [scrapy.core.engine] DEBUG: Crawled (200) <GET https://www.qut.edu.au/study/unit?unitCode=CAB403 via http://localhost:8050/execute> (referer: None)
2025-04-15 15:16:21 [unit_spider] INFO: Successfully extracted unit info for CAB403
2025-04-15 15:16:21 [unit_spider] INFO: Added unit info to list: CAB403
2025-04-15 15:16:21 [scrapy.core.scraper] DEBUG: Scraped from <200 https://www.qut.edu.au/study/unit?unitCode=CAB403>
{'unitCode': 'CAB403', 'faculty': 'Faculty of Science', 'school': 'School of Computer Science', 'studyArea': 'Science', 'creditPoints': 12, 'prerequisites': None, 'equivalents': ['INB365', 'ITB706', 'ITB745']}
2025-04-15 15:16:24 [scrapy.core.engine] DEBUG: Crawled (200) <GET https://www.qut.edu.au/study/unit?unitCode=IFN711 via http://localhost:8050/execute> (referer: None)
2025-04-15 15:16:24 [unit_spider] INFO: Successfully extracted unit info for IFN711
2025-04-15 15:16:24 [unit_spider] INFO: Added unit info to list: IFN711
2025-04-15 15:16:24 [scrapy.core.scraper] DEBUG: Scraped from <200 https://www.qut.edu.au/study/unit?unitCode=IFN711>
{'unitCode': 'IFN711', 'faculty': 'Faculty of Science', 'school': 'School of Information Systems', 'studyArea': 'Science', 'creditPoints': 24, 'prerequisites': 'Completion of 96cp from (IN20 or IN27) or (Admission to IN23 and Completion of 48cp)', 'equivalents': None}
2025-04-15 15:16:26 [scrapy.core.engine] DEBUG: Crawled (200) <GET https://www.qut.edu.au/study/unit?unitCode=IFN712 via http://localhost:8050/execute> (referer: None)
2025-04-15 15:16:26 [unit_spider] INFO: Successfully extracted unit info for IFN712
2025-04-15 15:16:26 [unit_spider] INFO: Added unit info to list: IFN712
2025-04-15 15:16:26 [scrapy.core.scraper] DEBUG: Scraped from <200 https://www.qut.edu.au/study/unit?unitCode=IFN712>
{'unitCode': 'IFN712', 'faculty': 'Faculty of Science', 'school': 'School of Computer Science', 'studyArea': 'Science', 'creditPoints': 24, 'prerequisites': 'Completion of 96cp from (IN20 or IN27) or (Admission to IN23 and Completion of 48cp)', 'equivalents': None}
2025-04-15 15:16:26 [scrapy.core.engine] INFO: Closing spider (finished)
2025-04-15 15:16:26 [unit_spider] INFO: Added new unit: CAB301
2025-04-15 15:16:26 [unit_spider] INFO: Added new unit: CAB302
2025-04-15 15:16:26 [unit_spider] INFO: Added new unit: CAB401
2025-04-15 15:16:26 [unit_spider] INFO: Added new unit: CAB403
2025-04-15 15:16:26 [unit_spider] INFO: Added new unit: IFN711
2025-04-15 15:16:26 [unit_spider] INFO: Added new unit: IFN712
2025-04-15 15:16:26 [unit_spider] INFO: Successfully saved 6 units to C:\Users\43819\Desktop\711_project\qut-courses\units.json
2025-04-15 15:16:26 [scrapy.statscollectors] INFO: Dumping Scrapy stats:
{'downloader/request_bytes': 6342,
 'downloader/request_count': 6,
 'downloader/request_method_count/POST': 6,
 'downloader/response_bytes': 1120831,
 'downloader/response_count': 6,
 'downloader/response_status_count/200': 6,
 'elapsed_time_seconds': 15.612559,
 'finish_reason': 'finished',
 'finish_time': datetime.datetime(2025, 4, 15, 5, 16, 26, 660162, tzinfo=datetime.timezone.utc),
 'item_scraped_count': 6,
 'items_per_minute': None,
 'log_count/DEBUG': 23,
 'log_count/INFO': 30,
 'log_count/WARNING': 1,
 'response_received_count': 6,
 'responses_per_minute': None,
 'scheduler/dequeued': 12,
 'scheduler/dequeued/memory': 12,
 'scheduler/enqueued': 12,
 'scheduler/enqueued/memory': 12,
 'splash/execute/request_count': 6,
 'splash/execute/response_count/200': 6,
 'start_time': datetime.datetime(2025, 4, 15, 5, 16, 11, 47603, tzinfo=datetime.timezone.utc)}
2025-04-15 15:16:26 [scrapy.core.engine] INFO: Spider closed (finished)
