2025-04-15 10:31:07 [unit_spider] INFO: 爬虫初始化开始
2025-04-15 10:31:07 [unit_spider] INFO: 成功读取单元代码: ['CAB301', 'CAB302', 'CAB303', 'CAB401', 'CAB403', 'IFN711']
2025-04-15 10:31:07 [scrapy.addons] INFO: Enabled addons:
[]
2025-04-15 10:31:07 [asyncio] DEBUG: Using selector: SelectSelector
2025-04-15 10:31:07 [scrapy.utils.log] DEBUG: Using reactor: twisted.internet.asyncioreactor.AsyncioSelectorReactor
2025-04-15 10:31:07 [scrapy.utils.log] DEBUG: Using asyncio event loop: asyncio.windows_events._WindowsSelectorEventLoop
2025-04-15 10:31:07 [scrapy.utils.log] DEBUG: Using reactor: twisted.internet.asyncioreactor.AsyncioSelectorReactor
2025-04-15 10:31:07 [scrapy.utils.log] DEBUG: Using asyncio event loop: asyncio.windows_events._WindowsSelectorEventLoop
2025-04-15 10:31:07 [scrapy.extensions.telnet] INFO: Telnet Password: b1b2c4b24808e350
2025-04-15 10:31:07 [scrapy.middleware] INFO: Enabled extensions:
['scrapy.extensions.corestats.CoreStats',
 'scrapy.extensions.telnet.TelnetConsole',
 'scrapy.extensions.logstats.LogStats']
2025-04-15 10:31:07 [scrapy.crawler] INFO: Overridden settings:
{'BOT_NAME': 'qut_unit_spider',
 'DOWNLOAD_DELAY': 2,
 'DUPEFILTER_CLASS': 'scrapy_splash.SplashAwareDupeFilter',
 'FEED_EXPORT_ENCODING': 'utf-8',
 'LOG_FILE': 'spider_debug.log',
 'NEWSPIDER_MODULE': 'qut_unit_spider.spiders',
 'SPIDER_MODULES': ['qut_unit_spider.spiders'],
 'TWISTED_REACTOR': 'twisted.internet.asyncioreactor.AsyncioSelectorReactor',
 'USER_AGENT': 'Mozilla/5.0 (Windows NT 10.0; Win64; x64) AppleWebKit/537.36 '
               '(KHTML, like Gecko) Chrome/91.0.4472.124 Safari/537.36'}
2025-04-15 10:31:07 [scrapy.middleware] INFO: Enabled downloader middlewares:
['scrapy.downloadermiddlewares.offsite.OffsiteMiddleware',
 'scrapy.downloadermiddlewares.httpauth.HttpAuthMiddleware',
 'scrapy.downloadermiddlewares.downloadtimeout.DownloadTimeoutMiddleware',
 'scrapy.downloadermiddlewares.defaultheaders.DefaultHeadersMiddleware',
 'scrapy.downloadermiddlewares.useragent.UserAgentMiddleware',
 'scrapy.downloadermiddlewares.retry.RetryMiddleware',
 'scrapy.downloadermiddlewares.redirect.MetaRefreshMiddleware',
 'scrapy.downloadermiddlewares.redirect.RedirectMiddleware',
 'scrapy.downloadermiddlewares.cookies.CookiesMiddleware',
 'scrapy_splash.SplashCookiesMiddleware',
 'scrapy_splash.SplashMiddleware',
 'scrapy.downloadermiddlewares.httpproxy.HttpProxyMiddleware',
 'scrapy.downloadermiddlewares.httpcompression.HttpCompressionMiddleware',
 'scrapy.downloadermiddlewares.stats.DownloaderStats']
2025-04-15 10:31:07 [scrapy.middleware] INFO: Enabled spider middlewares:
['scrapy.spidermiddlewares.httperror.HttpErrorMiddleware',
 'scrapy_splash.SplashDeduplicateArgsMiddleware',
 'scrapy.spidermiddlewares.referer.RefererMiddleware',
 'scrapy.spidermiddlewares.urllength.UrlLengthMiddleware',
 'scrapy.spidermiddlewares.depth.DepthMiddleware']
2025-04-15 10:31:07 [scrapy.middleware] INFO: Enabled item pipelines:
[]
2025-04-15 10:31:07 [scrapy.core.engine] INFO: Spider opened
2025-04-15 10:31:07 [scrapy.extensions.logstats] INFO: Crawled 0 pages (at 0 pages/min), scraped 0 items (at 0 items/min)
2025-04-15 10:31:07 [scrapy.extensions.telnet] INFO: Telnet console listening on 127.0.0.1:6023
2025-04-15 10:31:07 [unit_spider] INFO: 开始发送请求
2025-04-15 10:31:07 [unit_spider] DEBUG: 准备请求URL: https://www.qut.edu.au/study/unit?unitCode=CAB301
2025-04-15 10:31:07 [py.warnings] WARNING: C:\Users\43819\AppData\Local\Programs\Python\Python313\Lib\site-packages\scrapy_splash\middleware.py:498: ScrapyDeprecationWarning: Use of this protected method is deprecated. Consider using its corresponding public method get_slot_key() instead.
  return self.crawler.engine.downloader._get_slot_key(

2025-04-15 10:31:07 [unit_spider] DEBUG: 准备请求URL: https://www.qut.edu.au/study/unit?unitCode=CAB302
2025-04-15 10:31:07 [unit_spider] DEBUG: 准备请求URL: https://www.qut.edu.au/study/unit?unitCode=CAB303
2025-04-15 10:31:07 [unit_spider] DEBUG: 准备请求URL: https://www.qut.edu.au/study/unit?unitCode=CAB401
2025-04-15 10:31:07 [unit_spider] DEBUG: 准备请求URL: https://www.qut.edu.au/study/unit?unitCode=CAB403
2025-04-15 10:31:07 [unit_spider] DEBUG: 准备请求URL: https://www.qut.edu.au/study/unit?unitCode=IFN711
2025-04-15 10:31:14 [scrapy.core.engine] DEBUG: Crawled (200) <GET https://www.qut.edu.au/study/unit?unitCode=CAB301 via http://localhost:8050/execute> (referer: None)
2025-04-15 10:31:14 [unit_spider] INFO: 开始解析页面: https://www.qut.edu.au/study/unit?unitCode=CAB301
2025-04-15 10:31:14 [unit_spider] DEBUG: 开始提取基本信息
2025-04-15 10:31:14 [unit_spider] INFO: 成功提取单元信息: CAB301
2025-04-15 10:31:14 [unit_spider] DEBUG: 提取的字段: ['unit_code', 'unit_name', 'faculty', 'description', 'study_area', 'credit_points', 'prerequisites', 'antirequisites', 'corequisites', 'equivalents', 'assumed_knowledge']
2025-04-15 10:31:14 [scrapy.core.scraper] DEBUG: Scraped from <200 https://www.qut.edu.au/study/unit?unitCode=CAB301>
{'unit_code': 'CAB301', 'unit_name': 'Algorithms and Complexity', 'faculty': 'Faculty of Science', 'description': 'This unit teaches you the fundamental principles used to assess the efficiency of software algorithms, allowing you to distinguish solutions that can process large amounts of data or perform complex calculations effectively from those that run unacceptably slowly or not at all. In this unit you will examine a range of different algorithms, review the principles used to predict their efficiency and perform empirical measurements of specific algorithms to confirm the theoretical predictions.', 'study_area': 'Science', 'credit_points': 12, 'prerequisites': '( CAB201 or ITD121) To enrol in this unit, you must have completed these prerequisite units (or have credit, advanced standing or exemption for them), or be able to demonstrate that you have equivalent background knowledge.', 'antirequisites': 'You can’t enrol in this unit if you have completed any of these anti-requisite units.', 'corequisites': 'To enrol in this unit, you must have already completed these co-requisite units, or you must enrol in them at the same time.', 'equivalents': 'INB371 You can’t enrol in this unit if you have completed any of these equivalent units.', 'assumed_knowledge': 'We assume that you have a minimum level of knowledge in certain areas before you start this unit.'}
2025-04-15 10:31:17 [scrapy.core.engine] DEBUG: Crawled (200) <GET https://www.qut.edu.au/study/unit?unitCode=CAB302 via http://localhost:8050/execute> (referer: None)
2025-04-15 10:31:17 [unit_spider] INFO: 开始解析页面: https://www.qut.edu.au/study/unit?unitCode=CAB302
2025-04-15 10:31:17 [unit_spider] DEBUG: 开始提取基本信息
2025-04-15 10:31:17 [unit_spider] INFO: 成功提取单元信息: CAB302
2025-04-15 10:31:17 [unit_spider] DEBUG: 提取的字段: ['unit_code', 'unit_name', 'faculty', 'description', 'study_area', 'credit_points', 'prerequisites', 'antirequisites', 'corequisites', 'equivalents', 'assumed_knowledge']
2025-04-15 10:31:17 [scrapy.core.scraper] DEBUG: Scraped from <200 https://www.qut.edu.au/study/unit?unitCode=CAB302>
{'unit_code': 'CAB302', 'unit_name': 'Software Development', 'faculty': 'Faculty of Science', 'description': 'This unit teaches you how to work effectively in a team to develop large-scale software systems. It includes principles of teamwork, modern software development methodologies and tools that are needed when working in a team on a large project.', 'study_area': 'Science', 'credit_points': 12, 'prerequisites': 'CAB201 or INB270 or ITD121 To enrol in this unit, you must have completed these prerequisite units (or have credit, advanced standing or exemption for them), or be able to demonstrate that you have equivalent background knowledge.', 'antirequisites': 'You can’t enrol in this unit if you have completed any of these anti-requisite units.', 'corequisites': 'To enrol in this unit, you must have already completed these co-requisite units, or you must enrol in them at the same time.', 'equivalents': 'INB370 You can’t enrol in this unit if you have completed any of these equivalent units.', 'assumed_knowledge': 'We assume that you have a minimum level of knowledge in certain areas before you start this unit.'}
2025-04-15 10:31:19 [scrapy.core.engine] DEBUG: Crawled (200) <GET https://www.qut.edu.au/study/unit?unitCode=CAB303 via http://localhost:8050/execute> (referer: None)
2025-04-15 10:31:19 [unit_spider] INFO: 开始解析页面: https://www.qut.edu.au/study/unit?unitCode=CAB303
2025-04-15 10:31:19 [unit_spider] DEBUG: 开始提取基本信息
2025-04-15 10:31:19 [unit_spider] ERROR: 未能提取到unit code: https://www.qut.edu.au/study/unit?unitCode=CAB303
2025-04-15 10:31:19 [scrapy.core.scraper] DEBUG: Scraped from <200 https://www.qut.edu.au/study/unit?unitCode=CAB303>
{}
2025-04-15 10:31:21 [scrapy.core.engine] DEBUG: Crawled (200) <GET https://www.qut.edu.au/study/unit?unitCode=CAB401 via http://localhost:8050/execute> (referer: None)
2025-04-15 10:31:21 [unit_spider] INFO: 开始解析页面: https://www.qut.edu.au/study/unit?unitCode=CAB401
2025-04-15 10:31:21 [unit_spider] DEBUG: 开始提取基本信息
2025-04-15 10:31:21 [unit_spider] INFO: 成功提取单元信息: CAB401
2025-04-15 10:31:21 [unit_spider] DEBUG: 提取的字段: ['unit_code', 'unit_name', 'faculty', 'description', 'study_area', 'credit_points', 'prerequisites', 'antirequisites', 'corequisites', 'equivalents', 'assumed_knowledge']
2025-04-15 10:31:21 [scrapy.core.scraper] DEBUG: Scraped from <200 https://www.qut.edu.au/study/unit?unitCode=CAB401>
{'unit_code': 'CAB401', 'unit_name': 'High Performance and Parallel Computing', 'faculty': 'Faculty of Science', 'description': 'Building on your skills in "sequential" programming, this unit teaches you the tools and techniques needed to exploit multi-processor computer systems to achieve dramatic performance improvements for computationally intensive problems. This unit gives you both an understanding of why future computer hardware will be increasingly parallel, the challenges this poses for software development as well as a set of practical skills in creating high-performance programs using today\'s best tools and techniques.', 'study_area': 'Science', 'credit_points': 12, 'prerequisites': 'IFN584 or (IFN563 and IFN564) or ( IFQ563 and IFQ564 ) or CAB301 or IFN505 To enrol in this unit, you must have completed these prerequisite units (or have credit, advanced standing or exemption for them), or be able to demonstrate that you have equivalent background knowledge.', 'antirequisites': 'You can’t enrol in this unit if you have completed any of these anti-requisite units.', 'corequisites': 'To enrol in this unit, you must have already completed these co-requisite units, or you must enrol in them at the same time.', 'equivalents': 'INB375 You can’t enrol in this unit if you have completed any of these equivalent units.', 'assumed_knowledge': 'We assume that you have a minimum level of knowledge in certain areas before you start this unit.'}
2025-04-15 10:31:24 [scrapy.core.engine] DEBUG: Crawled (200) <GET https://www.qut.edu.au/study/unit?unitCode=CAB403 via http://localhost:8050/execute> (referer: None)
2025-04-15 10:31:24 [unit_spider] INFO: 开始解析页面: https://www.qut.edu.au/study/unit?unitCode=CAB403
2025-04-15 10:31:24 [unit_spider] DEBUG: 开始提取基本信息
2025-04-15 10:31:24 [unit_spider] INFO: 成功提取单元信息: CAB403
2025-04-15 10:31:24 [unit_spider] DEBUG: 提取的字段: ['unit_code', 'unit_name', 'faculty', 'description', 'study_area', 'credit_points', 'prerequisites', 'antirequisites', 'corequisites', 'equivalents', 'assumed_knowledge']
2025-04-15 10:31:24 [scrapy.core.scraper] DEBUG: Scraped from <200 https://www.qut.edu.au/study/unit?unitCode=CAB403>
{'unit_code': 'CAB403', 'unit_name': 'Systems Programming', 'faculty': 'Faculty of Science', 'description': 'Most of our other Computer Science units focus on high-level applications programming. Applications programmers are insulated from the low- level intricacies of the underlying hardware by making use of services provided by the operating system such as threads, virtual memory, file systems and device drivers. This unit focuses on Systems Programming, where the programmer can’t necessarily rely on high level services provided by the operating system and must interact directly with the underlying hardware. Systems software is either part of the operating system or software that operates at a similar level.&nbsp;This unit aims to give you practical programming skills for developing systems level applications and services.', 'study_area': 'Science', 'credit_points': 12, 'prerequisites': '( CAB201 or MZB126 or EGB103 or EGD103 or ITD121) and CAB202 To enrol in this unit, you must have completed these prerequisite units (or have credit, advanced standing or exemption for them), or be able to demonstrate that you have equivalent background knowledge.', 'antirequisites': 'INN365 You can’t enrol in this unit if you have completed any of these anti-requisite units.', 'corequisites': 'To enrol in this unit, you must have already completed these co-requisite units, or you must enrol in them at the same time.', 'equivalents': 'INB365, ITB706, ITB745 You can’t enrol in this unit if you have completed any of these equivalent units.', 'assumed_knowledge': 'We assume that you have a minimum level of knowledge in certain areas before you start this unit.'}
2025-04-15 10:31:26 [scrapy.core.engine] DEBUG: Crawled (200) <GET https://www.qut.edu.au/study/unit?unitCode=IFN711 via http://localhost:8050/execute> (referer: None)
2025-04-15 10:31:26 [unit_spider] INFO: 开始解析页面: https://www.qut.edu.au/study/unit?unitCode=IFN711
2025-04-15 10:31:26 [unit_spider] DEBUG: 开始提取基本信息
2025-04-15 10:31:26 [unit_spider] INFO: 成功提取单元信息: IFN711
2025-04-15 10:31:26 [unit_spider] DEBUG: 提取的字段: ['unit_code', 'unit_name', 'faculty', 'description', 'study_area', 'credit_points', 'prerequisites', 'antirequisites', 'corequisites', 'equivalents', 'assumed_knowledge']
2025-04-15 10:31:26 [scrapy.core.scraper] DEBUG: Scraped from <200 https://www.qut.edu.au/study/unit?unitCode=IFN711>
{'unit_code': 'IFN711', 'unit_name': 'IT Industry Project', 'faculty': 'Faculty of Science', 'description': 'The aim of this unit is to help you apply skills previously attained in your degree in an advanced problem domain&nbsp;and to enable you to conduct a well-defined project with specific outcomes. The project addresses an industry&nbsp;problem through the application of IT theories, tools and techniques.&nbsp;You will develop project management skills to lead teams in complex and changing&nbsp;environments. This unit introduces a range of traditional and contemporary project management approaches.&nbsp;', 'study_area': 'Science', 'credit_points': 24, 'prerequisites': 'Completion of 96cp from (IN20 or IN27) or (Admission to IN23 and Completion of 48cp) To enrol in this unit, you must have completed these prerequisite units (or have credit, advanced standing or exemption for them), or be able to demonstrate that you have equivalent background knowledge.', 'antirequisites': 'IFN702 You can’t enrol in this unit if you have completed any of these anti-requisite units.', 'corequisites': 'To enrol in this unit, you must have already completed these co-requisite units, or you must enrol in them at the same time.', 'equivalents': 'You can’t enrol in this unit if you have completed any of these equivalent units.', 'assumed_knowledge': 'We assume that you have a minimum level of knowledge in certain areas before you start this unit.'}
2025-04-15 10:31:26 [scrapy.core.engine] INFO: Closing spider (finished)
2025-04-15 10:31:26 [scrapy.statscollectors] INFO: Dumping Scrapy stats:
{'downloader/request_bytes': 21540,
 'downloader/request_count': 6,
 'downloader/request_method_count/POST': 6,
 'downloader/response_bytes': 7516892,
 'downloader/response_count': 6,
 'downloader/response_status_count/200': 6,
 'elapsed_time_seconds': 19.29542,
 'finish_reason': 'finished',
 'finish_time': datetime.datetime(2025, 4, 15, 0, 31, 26, 862421, tzinfo=datetime.timezone.utc),
 'item_scraped_count': 6,
 'items_per_minute': None,
 'log_count/DEBUG': 34,
 'log_count/ERROR': 1,
 'log_count/INFO': 22,
 'log_count/WARNING': 1,
 'response_received_count': 6,
 'responses_per_minute': None,
 'scheduler/dequeued': 12,
 'scheduler/dequeued/memory': 12,
 'scheduler/enqueued': 12,
 'scheduler/enqueued/memory': 12,
 'splash/execute/request_count': 6,
 'splash/execute/response_count/200': 6,
 'start_time': datetime.datetime(2025, 4, 15, 0, 31, 7, 567001, tzinfo=datetime.timezone.utc)}
2025-04-15 10:31:26 [scrapy.core.engine] INFO: Spider closed (finished)
2025-04-15 10:31:41 [unit_spider] INFO: 爬虫初始化开始
2025-04-15 10:31:41 [unit_spider] INFO: 成功读取单元代码: ['CAB301', 'CAB302', 'CAB303', 'CAB401', 'CAB403', 'IFN711']
2025-04-15 10:31:41 [scrapy.addons] INFO: Enabled addons:
[]
2025-04-15 10:31:41 [asyncio] DEBUG: Using selector: SelectSelector
2025-04-15 10:31:41 [scrapy.utils.log] DEBUG: Using reactor: twisted.internet.asyncioreactor.AsyncioSelectorReactor
2025-04-15 10:31:41 [scrapy.utils.log] DEBUG: Using asyncio event loop: asyncio.windows_events._WindowsSelectorEventLoop
2025-04-15 10:31:41 [scrapy.utils.log] DEBUG: Using reactor: twisted.internet.asyncioreactor.AsyncioSelectorReactor
2025-04-15 10:31:41 [scrapy.utils.log] DEBUG: Using asyncio event loop: asyncio.windows_events._WindowsSelectorEventLoop
2025-04-15 10:31:41 [scrapy.extensions.telnet] INFO: Telnet Password: 22642b5ebf8e22c8
2025-04-15 10:31:41 [scrapy.middleware] INFO: Enabled extensions:
['scrapy.extensions.corestats.CoreStats',
 'scrapy.extensions.telnet.TelnetConsole',
 'scrapy.extensions.logstats.LogStats']
2025-04-15 10:31:41 [scrapy.crawler] INFO: Overridden settings:
{'BOT_NAME': 'qut_unit_spider',
 'DOWNLOAD_DELAY': 2,
 'DUPEFILTER_CLASS': 'scrapy_splash.SplashAwareDupeFilter',
 'FEED_EXPORT_ENCODING': 'utf-8',
 'LOG_FILE': 'spider_debug.log',
 'NEWSPIDER_MODULE': 'qut_unit_spider.spiders',
 'SPIDER_MODULES': ['qut_unit_spider.spiders'],
 'TWISTED_REACTOR': 'twisted.internet.asyncioreactor.AsyncioSelectorReactor',
 'USER_AGENT': 'Mozilla/5.0 (Windows NT 10.0; Win64; x64) AppleWebKit/537.36 '
               '(KHTML, like Gecko) Chrome/91.0.4472.124 Safari/537.36'}
2025-04-15 10:31:42 [scrapy.middleware] INFO: Enabled downloader middlewares:
['scrapy.downloadermiddlewares.offsite.OffsiteMiddleware',
 'scrapy.downloadermiddlewares.httpauth.HttpAuthMiddleware',
 'scrapy.downloadermiddlewares.downloadtimeout.DownloadTimeoutMiddleware',
 'scrapy.downloadermiddlewares.defaultheaders.DefaultHeadersMiddleware',
 'scrapy.downloadermiddlewares.useragent.UserAgentMiddleware',
 'scrapy.downloadermiddlewares.retry.RetryMiddleware',
 'scrapy.downloadermiddlewares.redirect.MetaRefreshMiddleware',
 'scrapy.downloadermiddlewares.redirect.RedirectMiddleware',
 'scrapy.downloadermiddlewares.cookies.CookiesMiddleware',
 'scrapy_splash.SplashCookiesMiddleware',
 'scrapy_splash.SplashMiddleware',
 'scrapy.downloadermiddlewares.httpproxy.HttpProxyMiddleware',
 'scrapy.downloadermiddlewares.httpcompression.HttpCompressionMiddleware',
 'scrapy.downloadermiddlewares.stats.DownloaderStats']
2025-04-15 10:31:42 [scrapy.middleware] INFO: Enabled spider middlewares:
['scrapy.spidermiddlewares.httperror.HttpErrorMiddleware',
 'scrapy_splash.SplashDeduplicateArgsMiddleware',
 'scrapy.spidermiddlewares.referer.RefererMiddleware',
 'scrapy.spidermiddlewares.urllength.UrlLengthMiddleware',
 'scrapy.spidermiddlewares.depth.DepthMiddleware']
2025-04-15 10:31:42 [scrapy.middleware] INFO: Enabled item pipelines:
[]
2025-04-15 10:31:42 [scrapy.core.engine] INFO: Spider opened
2025-04-15 10:31:42 [scrapy.extensions.logstats] INFO: Crawled 0 pages (at 0 pages/min), scraped 0 items (at 0 items/min)
2025-04-15 10:31:42 [scrapy.extensions.telnet] INFO: Telnet console listening on 127.0.0.1:6023
2025-04-15 10:31:42 [unit_spider] INFO: 开始发送请求
2025-04-15 10:31:42 [unit_spider] DEBUG: 准备请求URL: https://www.qut.edu.au/study/unit?unitCode=CAB301
2025-04-15 10:31:42 [py.warnings] WARNING: C:\Users\43819\AppData\Local\Programs\Python\Python313\Lib\site-packages\scrapy_splash\middleware.py:498: ScrapyDeprecationWarning: Use of this protected method is deprecated. Consider using its corresponding public method get_slot_key() instead.
  return self.crawler.engine.downloader._get_slot_key(

2025-04-15 10:31:42 [unit_spider] DEBUG: 准备请求URL: https://www.qut.edu.au/study/unit?unitCode=CAB302
2025-04-15 10:31:42 [unit_spider] DEBUG: 准备请求URL: https://www.qut.edu.au/study/unit?unitCode=CAB303
2025-04-15 10:31:42 [unit_spider] DEBUG: 准备请求URL: https://www.qut.edu.au/study/unit?unitCode=CAB401
2025-04-15 10:31:42 [unit_spider] DEBUG: 准备请求URL: https://www.qut.edu.au/study/unit?unitCode=CAB403
2025-04-15 10:31:42 [unit_spider] DEBUG: 准备请求URL: https://www.qut.edu.au/study/unit?unitCode=IFN711
2025-04-15 10:31:48 [scrapy.core.engine] DEBUG: Crawled (200) <GET https://www.qut.edu.au/study/unit?unitCode=CAB301 via http://localhost:8050/execute> (referer: None)
2025-04-15 10:31:48 [unit_spider] INFO: 开始解析页面: https://www.qut.edu.au/study/unit?unitCode=CAB301
2025-04-15 10:31:48 [unit_spider] DEBUG: 开始提取基本信息
2025-04-15 10:31:48 [unit_spider] INFO: 成功提取单元信息: CAB301
2025-04-15 10:31:48 [unit_spider] DEBUG: 提取的字段: ['unit_code', 'unit_name', 'faculty', 'description', 'study_area', 'credit_points', 'prerequisites', 'antirequisites', 'corequisites', 'equivalents', 'assumed_knowledge']
2025-04-15 10:31:48 [scrapy.core.scraper] DEBUG: Scraped from <200 https://www.qut.edu.au/study/unit?unitCode=CAB301>
{'unit_code': 'CAB301', 'unit_name': 'Algorithms and Complexity', 'faculty': 'Faculty of Science', 'description': 'This unit teaches you the fundamental principles used to assess the efficiency of software algorithms, allowing you to distinguish solutions that can process large amounts of data or perform complex calculations effectively from those that run unacceptably slowly or not at all. In this unit you will examine a range of different algorithms, review the principles used to predict their efficiency and perform empirical measurements of specific algorithms to confirm the theoretical predictions.', 'study_area': 'Science', 'credit_points': 12, 'prerequisites': '( CAB201 or ITD121) To enrol in this unit, you must have completed these prerequisite units (or have credit, advanced standing or exemption for them), or be able to demonstrate that you have equivalent background knowledge.', 'antirequisites': 'You can’t enrol in this unit if you have completed any of these anti-requisite units.', 'corequisites': 'To enrol in this unit, you must have already completed these co-requisite units, or you must enrol in them at the same time.', 'equivalents': 'INB371 You can’t enrol in this unit if you have completed any of these equivalent units.', 'assumed_knowledge': 'We assume that you have a minimum level of knowledge in certain areas before you start this unit.'}
2025-04-15 10:31:51 [scrapy.core.engine] DEBUG: Crawled (200) <GET https://www.qut.edu.au/study/unit?unitCode=CAB302 via http://localhost:8050/execute> (referer: None)
2025-04-15 10:31:51 [unit_spider] INFO: 开始解析页面: https://www.qut.edu.au/study/unit?unitCode=CAB302
2025-04-15 10:31:51 [unit_spider] DEBUG: 开始提取基本信息
2025-04-15 10:31:51 [unit_spider] INFO: 成功提取单元信息: CAB302
2025-04-15 10:31:51 [unit_spider] DEBUG: 提取的字段: ['unit_code', 'unit_name', 'faculty', 'description', 'study_area', 'credit_points', 'prerequisites', 'antirequisites', 'corequisites', 'equivalents', 'assumed_knowledge']
2025-04-15 10:31:51 [scrapy.core.scraper] DEBUG: Scraped from <200 https://www.qut.edu.au/study/unit?unitCode=CAB302>
{'unit_code': 'CAB302', 'unit_name': 'Software Development', 'faculty': 'Faculty of Science', 'description': 'This unit teaches you how to work effectively in a team to develop large-scale software systems. It includes principles of teamwork, modern software development methodologies and tools that are needed when working in a team on a large project.', 'study_area': 'Science', 'credit_points': 12, 'prerequisites': 'CAB201 or INB270 or ITD121 To enrol in this unit, you must have completed these prerequisite units (or have credit, advanced standing or exemption for them), or be able to demonstrate that you have equivalent background knowledge.', 'antirequisites': 'You can’t enrol in this unit if you have completed any of these anti-requisite units.', 'corequisites': 'To enrol in this unit, you must have already completed these co-requisite units, or you must enrol in them at the same time.', 'equivalents': 'INB370 You can’t enrol in this unit if you have completed any of these equivalent units.', 'assumed_knowledge': 'We assume that you have a minimum level of knowledge in certain areas before you start this unit.'}
2025-04-15 10:31:53 [scrapy.core.engine] DEBUG: Crawled (200) <GET https://www.qut.edu.au/study/unit?unitCode=CAB303 via http://localhost:8050/execute> (referer: None)
2025-04-15 10:31:53 [unit_spider] INFO: 开始解析页面: https://www.qut.edu.au/study/unit?unitCode=CAB303
2025-04-15 10:31:53 [unit_spider] DEBUG: 开始提取基本信息
2025-04-15 10:31:53 [unit_spider] ERROR: 未能提取到unit code: https://www.qut.edu.au/study/unit?unitCode=CAB303
2025-04-15 10:31:53 [scrapy.core.scraper] DEBUG: Scraped from <200 https://www.qut.edu.au/study/unit?unitCode=CAB303>
{}
2025-04-15 10:31:56 [scrapy.core.engine] DEBUG: Crawled (200) <GET https://www.qut.edu.au/study/unit?unitCode=CAB401 via http://localhost:8050/execute> (referer: None)
2025-04-15 10:31:57 [unit_spider] INFO: 开始解析页面: https://www.qut.edu.au/study/unit?unitCode=CAB401
2025-04-15 10:31:57 [unit_spider] DEBUG: 开始提取基本信息
2025-04-15 10:31:57 [unit_spider] INFO: 成功提取单元信息: CAB401
2025-04-15 10:31:57 [unit_spider] DEBUG: 提取的字段: ['unit_code', 'unit_name', 'faculty', 'description', 'study_area', 'credit_points', 'prerequisites', 'antirequisites', 'corequisites', 'equivalents', 'assumed_knowledge']
2025-04-15 10:31:57 [scrapy.core.scraper] DEBUG: Scraped from <200 https://www.qut.edu.au/study/unit?unitCode=CAB401>
{'unit_code': 'CAB401', 'unit_name': 'High Performance and Parallel Computing', 'faculty': 'Faculty of Science', 'description': 'Building on your skills in "sequential" programming, this unit teaches you the tools and techniques needed to exploit multi-processor computer systems to achieve dramatic performance improvements for computationally intensive problems. This unit gives you both an understanding of why future computer hardware will be increasingly parallel, the challenges this poses for software development as well as a set of practical skills in creating high-performance programs using today\'s best tools and techniques.', 'study_area': 'Science', 'credit_points': 12, 'prerequisites': 'IFN584 or (IFN563 and IFN564) or ( IFQ563 and IFQ564 ) or CAB301 or IFN505 To enrol in this unit, you must have completed these prerequisite units (or have credit, advanced standing or exemption for them), or be able to demonstrate that you have equivalent background knowledge.', 'antirequisites': 'You can’t enrol in this unit if you have completed any of these anti-requisite units.', 'corequisites': 'To enrol in this unit, you must have already completed these co-requisite units, or you must enrol in them at the same time.', 'equivalents': 'INB375 You can’t enrol in this unit if you have completed any of these equivalent units.', 'assumed_knowledge': 'We assume that you have a minimum level of knowledge in certain areas before you start this unit.'}
2025-04-15 10:31:58 [scrapy.core.engine] DEBUG: Crawled (200) <GET https://www.qut.edu.au/study/unit?unitCode=CAB403 via http://localhost:8050/execute> (referer: None)
2025-04-15 10:31:59 [unit_spider] INFO: 开始解析页面: https://www.qut.edu.au/study/unit?unitCode=CAB403
2025-04-15 10:31:59 [unit_spider] DEBUG: 开始提取基本信息
2025-04-15 10:31:59 [unit_spider] INFO: 成功提取单元信息: CAB403
2025-04-15 10:31:59 [unit_spider] DEBUG: 提取的字段: ['unit_code', 'unit_name', 'faculty', 'description', 'study_area', 'credit_points', 'prerequisites', 'antirequisites', 'corequisites', 'equivalents', 'assumed_knowledge']
2025-04-15 10:31:59 [scrapy.core.scraper] DEBUG: Scraped from <200 https://www.qut.edu.au/study/unit?unitCode=CAB403>
{'unit_code': 'CAB403', 'unit_name': 'Systems Programming', 'faculty': 'Faculty of Science', 'description': 'Most of our other Computer Science units focus on high-level applications programming. Applications programmers are insulated from the low- level intricacies of the underlying hardware by making use of services provided by the operating system such as threads, virtual memory, file systems and device drivers. This unit focuses on Systems Programming, where the programmer can’t necessarily rely on high level services provided by the operating system and must interact directly with the underlying hardware. Systems software is either part of the operating system or software that operates at a similar level.&nbsp;This unit aims to give you practical programming skills for developing systems level applications and services.', 'study_area': 'Science', 'credit_points': 12, 'prerequisites': '( CAB201 or MZB126 or EGB103 or EGD103 or ITD121) and CAB202 To enrol in this unit, you must have completed these prerequisite units (or have credit, advanced standing or exemption for them), or be able to demonstrate that you have equivalent background knowledge.', 'antirequisites': 'INN365 You can’t enrol in this unit if you have completed any of these anti-requisite units.', 'corequisites': 'To enrol in this unit, you must have already completed these co-requisite units, or you must enrol in them at the same time.', 'equivalents': 'INB365, ITB706, ITB745 You can’t enrol in this unit if you have completed any of these equivalent units.', 'assumed_knowledge': 'We assume that you have a minimum level of knowledge in certain areas before you start this unit.'}
2025-04-15 10:32:01 [scrapy.core.engine] DEBUG: Crawled (200) <GET https://www.qut.edu.au/study/unit?unitCode=IFN711 via http://localhost:8050/execute> (referer: None)
2025-04-15 10:32:01 [unit_spider] INFO: 开始解析页面: https://www.qut.edu.au/study/unit?unitCode=IFN711
2025-04-15 10:32:01 [unit_spider] DEBUG: 开始提取基本信息
2025-04-15 10:32:01 [unit_spider] INFO: 成功提取单元信息: IFN711
2025-04-15 10:32:01 [unit_spider] DEBUG: 提取的字段: ['unit_code', 'unit_name', 'faculty', 'description', 'study_area', 'credit_points', 'prerequisites', 'antirequisites', 'corequisites', 'equivalents', 'assumed_knowledge']
2025-04-15 10:32:01 [scrapy.core.scraper] DEBUG: Scraped from <200 https://www.qut.edu.au/study/unit?unitCode=IFN711>
{'unit_code': 'IFN711', 'unit_name': 'IT Industry Project', 'faculty': 'Faculty of Science', 'description': 'The aim of this unit is to help you apply skills previously attained in your degree in an advanced problem domain&nbsp;and to enable you to conduct a well-defined project with specific outcomes. The project addresses an industry&nbsp;problem through the application of IT theories, tools and techniques.&nbsp;You will develop project management skills to lead teams in complex and changing&nbsp;environments. This unit introduces a range of traditional and contemporary project management approaches.&nbsp;', 'study_area': 'Science', 'credit_points': 24, 'prerequisites': 'Completion of 96cp from (IN20 or IN27) or (Admission to IN23 and Completion of 48cp) To enrol in this unit, you must have completed these prerequisite units (or have credit, advanced standing or exemption for them), or be able to demonstrate that you have equivalent background knowledge.', 'antirequisites': 'IFN702 You can’t enrol in this unit if you have completed any of these anti-requisite units.', 'corequisites': 'To enrol in this unit, you must have already completed these co-requisite units, or you must enrol in them at the same time.', 'equivalents': 'You can’t enrol in this unit if you have completed any of these equivalent units.', 'assumed_knowledge': 'We assume that you have a minimum level of knowledge in certain areas before you start this unit.'}
2025-04-15 10:32:01 [scrapy.core.engine] INFO: Closing spider (finished)
2025-04-15 10:32:01 [scrapy.statscollectors] INFO: Dumping Scrapy stats:
{'downloader/request_bytes': 21540,
 'downloader/request_count': 6,
 'downloader/request_method_count/POST': 6,
 'downloader/response_bytes': 7533421,
 'downloader/response_count': 6,
 'downloader/response_status_count/200': 6,
 'elapsed_time_seconds': 19.763191,
 'finish_reason': 'finished',
 'finish_time': datetime.datetime(2025, 4, 15, 0, 32, 1, 876111, tzinfo=datetime.timezone.utc),
 'item_scraped_count': 6,
 'items_per_minute': None,
 'log_count/DEBUG': 34,
 'log_count/ERROR': 1,
 'log_count/INFO': 22,
 'log_count/WARNING': 1,
 'response_received_count': 6,
 'responses_per_minute': None,
 'scheduler/dequeued': 12,
 'scheduler/dequeued/memory': 12,
 'scheduler/enqueued': 12,
 'scheduler/enqueued/memory': 12,
 'splash/execute/request_count': 6,
 'splash/execute/response_count/200': 6,
 'start_time': datetime.datetime(2025, 4, 15, 0, 31, 42, 112920, tzinfo=datetime.timezone.utc)}
2025-04-15 10:32:01 [scrapy.core.engine] INFO: Spider closed (finished)
2025-04-15 10:36:57 [unit_spider] INFO: 爬虫初始化开始
2025-04-15 10:36:57 [unit_spider] INFO: 成功读取单元代码: ['CAB301', 'CAB302', 'CAB303', 'CAB401', 'CAB403', 'IFN711']
2025-04-15 10:36:57 [scrapy.addons] INFO: Enabled addons:
[]
2025-04-15 10:36:57 [asyncio] DEBUG: Using selector: SelectSelector
2025-04-15 10:36:57 [scrapy.utils.log] DEBUG: Using reactor: twisted.internet.asyncioreactor.AsyncioSelectorReactor
2025-04-15 10:36:57 [scrapy.utils.log] DEBUG: Using asyncio event loop: asyncio.windows_events._WindowsSelectorEventLoop
2025-04-15 10:36:57 [scrapy.utils.log] DEBUG: Using reactor: twisted.internet.asyncioreactor.AsyncioSelectorReactor
2025-04-15 10:36:57 [scrapy.utils.log] DEBUG: Using asyncio event loop: asyncio.windows_events._WindowsSelectorEventLoop
2025-04-15 10:36:57 [scrapy.extensions.telnet] INFO: Telnet Password: 5cb9c10dd301c307
2025-04-15 10:36:57 [scrapy.middleware] INFO: Enabled extensions:
['scrapy.extensions.corestats.CoreStats',
 'scrapy.extensions.telnet.TelnetConsole',
 'scrapy.extensions.logstats.LogStats']
2025-04-15 10:36:57 [scrapy.crawler] INFO: Overridden settings:
{'BOT_NAME': 'qut_unit_spider',
 'DOWNLOAD_DELAY': 2,
 'DUPEFILTER_CLASS': 'scrapy_splash.SplashAwareDupeFilter',
 'FEED_EXPORT_ENCODING': 'utf-8',
 'LOG_FILE': 'spider_debug.log',
 'NEWSPIDER_MODULE': 'qut_unit_spider.spiders',
 'SPIDER_MODULES': ['qut_unit_spider.spiders'],
 'TWISTED_REACTOR': 'twisted.internet.asyncioreactor.AsyncioSelectorReactor',
 'USER_AGENT': 'Mozilla/5.0 (Windows NT 10.0; Win64; x64) AppleWebKit/537.36 '
               '(KHTML, like Gecko) Chrome/91.0.4472.124 Safari/537.36'}
2025-04-15 10:36:58 [scrapy.middleware] INFO: Enabled downloader middlewares:
['scrapy.downloadermiddlewares.offsite.OffsiteMiddleware',
 'scrapy.downloadermiddlewares.httpauth.HttpAuthMiddleware',
 'scrapy.downloadermiddlewares.downloadtimeout.DownloadTimeoutMiddleware',
 'scrapy.downloadermiddlewares.defaultheaders.DefaultHeadersMiddleware',
 'scrapy.downloadermiddlewares.useragent.UserAgentMiddleware',
 'scrapy.downloadermiddlewares.retry.RetryMiddleware',
 'scrapy.downloadermiddlewares.redirect.MetaRefreshMiddleware',
 'scrapy.downloadermiddlewares.redirect.RedirectMiddleware',
 'scrapy.downloadermiddlewares.cookies.CookiesMiddleware',
 'scrapy_splash.SplashCookiesMiddleware',
 'scrapy_splash.SplashMiddleware',
 'scrapy.downloadermiddlewares.httpproxy.HttpProxyMiddleware',
 'scrapy.downloadermiddlewares.httpcompression.HttpCompressionMiddleware',
 'scrapy.downloadermiddlewares.stats.DownloaderStats']
2025-04-15 10:36:58 [scrapy.middleware] INFO: Enabled spider middlewares:
['scrapy.spidermiddlewares.httperror.HttpErrorMiddleware',
 'scrapy_splash.SplashDeduplicateArgsMiddleware',
 'scrapy.spidermiddlewares.referer.RefererMiddleware',
 'scrapy.spidermiddlewares.urllength.UrlLengthMiddleware',
 'scrapy.spidermiddlewares.depth.DepthMiddleware']
2025-04-15 10:36:58 [scrapy.middleware] INFO: Enabled item pipelines:
[]
2025-04-15 10:36:58 [scrapy.core.engine] INFO: Spider opened
2025-04-15 10:36:58 [scrapy.extensions.logstats] INFO: Crawled 0 pages (at 0 pages/min), scraped 0 items (at 0 items/min)
2025-04-15 10:36:58 [scrapy.extensions.telnet] INFO: Telnet console listening on 127.0.0.1:6023
2025-04-15 10:36:58 [unit_spider] INFO: 开始发送请求
2025-04-15 10:36:58 [unit_spider] DEBUG: 准备请求URL: https://www.qut.edu.au/study/unit?unitCode=CAB301
2025-04-15 10:36:58 [unit_spider] DEBUG: 准备请求URL: https://www.qut.edu.au/study/unit?unitCode=CAB302
2025-04-15 10:36:58 [unit_spider] DEBUG: 准备请求URL: https://www.qut.edu.au/study/unit?unitCode=CAB303
2025-04-15 10:36:58 [unit_spider] DEBUG: 准备请求URL: https://www.qut.edu.au/study/unit?unitCode=CAB401
2025-04-15 10:36:58 [unit_spider] DEBUG: 准备请求URL: https://www.qut.edu.au/study/unit?unitCode=CAB403
2025-04-15 10:36:58 [unit_spider] DEBUG: 准备请求URL: https://www.qut.edu.au/study/unit?unitCode=IFN711
2025-04-15 10:36:59 [scrapy.core.engine] DEBUG: Crawled (200) <GET https://www.qut.edu.au/study/unit?unitCode=CAB301> (referer: None)
2025-04-15 10:37:00 [unit_spider] INFO: 开始解析页面: https://www.qut.edu.au/study/unit?unitCode=CAB301
2025-04-15 10:37:00 [unit_spider] DEBUG: 开始提取基本信息
2025-04-15 10:37:00 [unit_spider] INFO: 成功提取单元信息: CAB301
2025-04-15 10:37:00 [unit_spider] DEBUG: 提取的字段: ['unit_code', 'unit_name', 'faculty', 'description', 'study_area', 'credit_points', 'prerequisites', 'antirequisites', 'corequisites', 'equivalents', 'assumed_knowledge']
2025-04-15 10:37:00 [scrapy.core.scraper] DEBUG: Scraped from <200 https://www.qut.edu.au/study/unit?unitCode=CAB301>
{'unit_code': 'CAB301', 'unit_name': 'Algorithms and Complexity', 'faculty': 'Faculty of Science', 'description': 'This unit teaches you the fundamental principles used to assess the efficiency of software algorithms, allowing you to distinguish solutions that can process large amounts of data or perform complex calculations effectively from those that run unacceptably slowly or not at all. In this unit you will examine a range of different algorithms, review the principles used to predict their efficiency and perform empirical measurements of specific algorithms to confirm the theoretical predictions.', 'study_area': 'Science', 'credit_points': 12, 'prerequisites': '( CAB201 or ITD121) To enrol in this unit, you must have completed these prerequisite units (or have credit, advanced standing or exemption for them), or be able to demonstrate that you have equivalent background knowledge.', 'antirequisites': 'You can’t enrol in this unit if you have completed any of these anti-requisite units.', 'corequisites': 'To enrol in this unit, you must have already completed these co-requisite units, or you must enrol in them at the same time.', 'equivalents': 'INB371 You can’t enrol in this unit if you have completed any of these equivalent units.', 'assumed_knowledge': 'We assume that you have a minimum level of knowledge in certain areas before you start this unit.'}
2025-04-15 10:37:01 [scrapy.core.engine] DEBUG: Crawled (200) <GET https://www.qut.edu.au/study/unit?unitCode=CAB302> (referer: None)
2025-04-15 10:37:02 [unit_spider] INFO: 开始解析页面: https://www.qut.edu.au/study/unit?unitCode=CAB302
2025-04-15 10:37:02 [unit_spider] DEBUG: 开始提取基本信息
2025-04-15 10:37:02 [unit_spider] INFO: 成功提取单元信息: CAB302
2025-04-15 10:37:02 [unit_spider] DEBUG: 提取的字段: ['unit_code', 'unit_name', 'faculty', 'description', 'study_area', 'credit_points', 'prerequisites', 'antirequisites', 'corequisites', 'equivalents', 'assumed_knowledge']
2025-04-15 10:37:02 [scrapy.core.scraper] DEBUG: Scraped from <200 https://www.qut.edu.au/study/unit?unitCode=CAB302>
{'unit_code': 'CAB302', 'unit_name': 'Software Development', 'faculty': 'Faculty of Science', 'description': 'This unit teaches you how to work effectively in a team to develop large-scale software systems. It includes principles of teamwork, modern software development methodologies and tools that are needed when working in a team on a large project.', 'study_area': 'Science', 'credit_points': 12, 'prerequisites': 'CAB201 or INB270 or ITD121 To enrol in this unit, you must have completed these prerequisite units (or have credit, advanced standing or exemption for them), or be able to demonstrate that you have equivalent background knowledge.', 'antirequisites': 'You can’t enrol in this unit if you have completed any of these anti-requisite units.', 'corequisites': 'To enrol in this unit, you must have already completed these co-requisite units, or you must enrol in them at the same time.', 'equivalents': 'INB370 You can’t enrol in this unit if you have completed any of these equivalent units.', 'assumed_knowledge': 'We assume that you have a minimum level of knowledge in certain areas before you start this unit.'}
2025-04-15 10:37:03 [scrapy.core.engine] DEBUG: Crawled (200) <GET https://www.qut.edu.au/study/unit?unitCode=CAB303> (referer: None)
2025-04-15 10:37:03 [unit_spider] INFO: 开始解析页面: https://www.qut.edu.au/study/unit?unitCode=CAB303
2025-04-15 10:37:03 [unit_spider] DEBUG: 开始提取基本信息
2025-04-15 10:37:03 [unit_spider] ERROR: 未能提取到unit code: https://www.qut.edu.au/study/unit?unitCode=CAB303
2025-04-15 10:37:03 [scrapy.core.scraper] DEBUG: Scraped from <200 https://www.qut.edu.au/study/unit?unitCode=CAB303>
{}
2025-04-15 10:37:07 [scrapy.core.engine] DEBUG: Crawled (200) <GET https://www.qut.edu.au/study/unit?unitCode=CAB401> (referer: None)
2025-04-15 10:37:07 [unit_spider] INFO: 开始解析页面: https://www.qut.edu.au/study/unit?unitCode=CAB401
2025-04-15 10:37:07 [unit_spider] DEBUG: 开始提取基本信息
2025-04-15 10:37:07 [unit_spider] INFO: 成功提取单元信息: CAB401
2025-04-15 10:37:07 [unit_spider] DEBUG: 提取的字段: ['unit_code', 'unit_name', 'faculty', 'description', 'study_area', 'credit_points', 'prerequisites', 'antirequisites', 'corequisites', 'equivalents', 'assumed_knowledge']
2025-04-15 10:37:07 [scrapy.core.scraper] DEBUG: Scraped from <200 https://www.qut.edu.au/study/unit?unitCode=CAB401>
{'unit_code': 'CAB401', 'unit_name': 'High Performance and Parallel Computing', 'faculty': 'Faculty of Science', 'description': 'Building on your skills in "sequential" programming, this unit teaches you the tools and techniques needed to exploit multi-processor computer systems to achieve dramatic performance improvements for computationally intensive problems. This unit gives you both an understanding of why future computer hardware will be increasingly parallel, the challenges this poses for software development as well as a set of practical skills in creating high-performance programs using today\'s best tools and techniques.', 'study_area': 'Science', 'credit_points': 12, 'prerequisites': 'IFN584 or (IFN563 and IFN564) or ( IFQ563 and IFQ564 ) or CAB301 or IFN505 To enrol in this unit, you must have completed these prerequisite units (or have credit, advanced standing or exemption for them), or be able to demonstrate that you have equivalent background knowledge.', 'antirequisites': 'You can’t enrol in this unit if you have completed any of these anti-requisite units.', 'corequisites': 'To enrol in this unit, you must have already completed these co-requisite units, or you must enrol in them at the same time.', 'equivalents': 'INB375 You can’t enrol in this unit if you have completed any of these equivalent units.', 'assumed_knowledge': 'We assume that you have a minimum level of knowledge in certain areas before you start this unit.'}
2025-04-15 10:37:09 [scrapy.core.engine] DEBUG: Crawled (200) <GET https://www.qut.edu.au/study/unit?unitCode=CAB403> (referer: None)
2025-04-15 10:37:09 [unit_spider] INFO: 开始解析页面: https://www.qut.edu.au/study/unit?unitCode=CAB403
2025-04-15 10:37:09 [unit_spider] DEBUG: 开始提取基本信息
2025-04-15 10:37:09 [unit_spider] INFO: 成功提取单元信息: CAB403
2025-04-15 10:37:09 [unit_spider] DEBUG: 提取的字段: ['unit_code', 'unit_name', 'faculty', 'description', 'study_area', 'credit_points', 'prerequisites', 'antirequisites', 'corequisites', 'equivalents', 'assumed_knowledge']
2025-04-15 10:37:09 [scrapy.core.scraper] DEBUG: Scraped from <200 https://www.qut.edu.au/study/unit?unitCode=CAB403>
{'unit_code': 'CAB403', 'unit_name': 'Systems Programming', 'faculty': 'Faculty of Science', 'description': 'Most of our other Computer Science units focus on high-level applications programming. Applications programmers are insulated from the low- level intricacies of the underlying hardware by making use of services provided by the operating system such as threads, virtual memory, file systems and device drivers. This unit focuses on Systems Programming, where the programmer can’t necessarily rely on high level services provided by the operating system and must interact directly with the underlying hardware. Systems software is either part of the operating system or software that operates at a similar level.&nbsp;This unit aims to give you practical programming skills for developing systems level applications and services.', 'study_area': 'Science', 'credit_points': 12, 'prerequisites': '( CAB201 or MZB126 or EGB103 or EGD103 or ITD121) and CAB202 To enrol in this unit, you must have completed these prerequisite units (or have credit, advanced standing or exemption for them), or be able to demonstrate that you have equivalent background knowledge.', 'antirequisites': 'INN365 You can’t enrol in this unit if you have completed any of these anti-requisite units.', 'corequisites': 'To enrol in this unit, you must have already completed these co-requisite units, or you must enrol in them at the same time.', 'equivalents': 'INB365, ITB706, ITB745 You can’t enrol in this unit if you have completed any of these equivalent units.', 'assumed_knowledge': 'We assume that you have a minimum level of knowledge in certain areas before you start this unit.'}
2025-04-15 10:37:12 [scrapy.core.engine] DEBUG: Crawled (200) <GET https://www.qut.edu.au/study/unit?unitCode=IFN711> (referer: None)
2025-04-15 10:37:12 [unit_spider] INFO: 开始解析页面: https://www.qut.edu.au/study/unit?unitCode=IFN711
2025-04-15 10:37:12 [unit_spider] DEBUG: 开始提取基本信息
2025-04-15 10:37:12 [unit_spider] INFO: 成功提取单元信息: IFN711
2025-04-15 10:37:12 [unit_spider] DEBUG: 提取的字段: ['unit_code', 'unit_name', 'faculty', 'description', 'study_area', 'credit_points', 'prerequisites', 'antirequisites', 'corequisites', 'equivalents', 'assumed_knowledge']
2025-04-15 10:37:12 [scrapy.core.scraper] DEBUG: Scraped from <200 https://www.qut.edu.au/study/unit?unitCode=IFN711>
{'unit_code': 'IFN711', 'unit_name': 'IT Industry Project', 'faculty': 'Faculty of Science', 'description': 'The aim of this unit is to help you apply skills previously attained in your degree in an advanced problem domain&nbsp;and to enable you to conduct a well-defined project with specific outcomes. The project addresses an industry&nbsp;problem through the application of IT theories, tools and techniques.&nbsp;You will develop project management skills to lead teams in complex and changing&nbsp;environments. This unit introduces a range of traditional and contemporary project management approaches.&nbsp;', 'study_area': 'Science', 'credit_points': 24, 'prerequisites': 'Completion of 96cp from (IN20 or IN27) or (Admission to IN23 and Completion of 48cp) To enrol in this unit, you must have completed these prerequisite units (or have credit, advanced standing or exemption for them), or be able to demonstrate that you have equivalent background knowledge.', 'antirequisites': 'IFN702 You can’t enrol in this unit if you have completed any of these anti-requisite units.', 'corequisites': 'To enrol in this unit, you must have already completed these co-requisite units, or you must enrol in them at the same time.', 'equivalents': 'You can’t enrol in this unit if you have completed any of these equivalent units.', 'assumed_knowledge': 'We assume that you have a minimum level of knowledge in certain areas before you start this unit.'}
2025-04-15 10:37:12 [scrapy.core.engine] INFO: Closing spider (finished)
2025-04-15 10:37:12 [scrapy.statscollectors] INFO: Dumping Scrapy stats:
{'downloader/request_bytes': 1926,
 'downloader/request_count': 6,
 'downloader/request_method_count/GET': 6,
 'downloader/response_bytes': 157950,
 'downloader/response_count': 6,
 'downloader/response_status_count/200': 6,
 'elapsed_time_seconds': 14.378347,
 'finish_reason': 'finished',
 'finish_time': datetime.datetime(2025, 4, 15, 0, 37, 12, 520506, tzinfo=datetime.timezone.utc),
 'httpcompression/response_bytes': 1039831,
 'httpcompression/response_count': 6,
 'item_scraped_count': 6,
 'items_per_minute': None,
 'log_count/DEBUG': 34,
 'log_count/ERROR': 1,
 'log_count/INFO': 22,
 'response_received_count': 6,
 'responses_per_minute': None,
 'scheduler/dequeued': 6,
 'scheduler/dequeued/memory': 6,
 'scheduler/enqueued': 6,
 'scheduler/enqueued/memory': 6,
 'start_time': datetime.datetime(2025, 4, 15, 0, 36, 58, 142159, tzinfo=datetime.timezone.utc)}
2025-04-15 10:37:12 [scrapy.core.engine] INFO: Spider closed (finished)
2025-04-15 10:37:38 [unit_spider] INFO: 爬虫初始化开始
2025-04-15 10:37:38 [unit_spider] INFO: 成功读取单元代码: ['CAB301', 'CAB302', 'CAB303', 'CAB401', 'CAB403', 'IFN711']
2025-04-15 10:37:38 [scrapy.addons] INFO: Enabled addons:
[]
2025-04-15 10:37:38 [asyncio] DEBUG: Using selector: SelectSelector
2025-04-15 10:37:38 [scrapy.utils.log] DEBUG: Using reactor: twisted.internet.asyncioreactor.AsyncioSelectorReactor
2025-04-15 10:37:38 [scrapy.utils.log] DEBUG: Using asyncio event loop: asyncio.windows_events._WindowsSelectorEventLoop
2025-04-15 10:37:38 [scrapy.utils.log] DEBUG: Using reactor: twisted.internet.asyncioreactor.AsyncioSelectorReactor
2025-04-15 10:37:38 [scrapy.utils.log] DEBUG: Using asyncio event loop: asyncio.windows_events._WindowsSelectorEventLoop
2025-04-15 10:37:38 [scrapy.extensions.telnet] INFO: Telnet Password: b63d4da9df9a602a
2025-04-15 10:37:38 [scrapy.middleware] INFO: Enabled extensions:
['scrapy.extensions.corestats.CoreStats',
 'scrapy.extensions.telnet.TelnetConsole',
 'scrapy.extensions.logstats.LogStats']
2025-04-15 10:37:38 [scrapy.crawler] INFO: Overridden settings:
{'BOT_NAME': 'qut_unit_spider',
 'DOWNLOAD_DELAY': 2,
 'DUPEFILTER_CLASS': 'scrapy_splash.SplashAwareDupeFilter',
 'FEED_EXPORT_ENCODING': 'utf-8',
 'LOG_FILE': 'spider_debug.log',
 'NEWSPIDER_MODULE': 'qut_unit_spider.spiders',
 'SPIDER_MODULES': ['qut_unit_spider.spiders'],
 'TWISTED_REACTOR': 'twisted.internet.asyncioreactor.AsyncioSelectorReactor',
 'USER_AGENT': 'Mozilla/5.0 (Windows NT 10.0; Win64; x64) AppleWebKit/537.36 '
               '(KHTML, like Gecko) Chrome/91.0.4472.124 Safari/537.36'}
2025-04-15 10:37:38 [scrapy.middleware] INFO: Enabled downloader middlewares:
['scrapy.downloadermiddlewares.offsite.OffsiteMiddleware',
 'scrapy.downloadermiddlewares.httpauth.HttpAuthMiddleware',
 'scrapy.downloadermiddlewares.downloadtimeout.DownloadTimeoutMiddleware',
 'scrapy.downloadermiddlewares.defaultheaders.DefaultHeadersMiddleware',
 'scrapy.downloadermiddlewares.useragent.UserAgentMiddleware',
 'scrapy.downloadermiddlewares.retry.RetryMiddleware',
 'scrapy.downloadermiddlewares.redirect.MetaRefreshMiddleware',
 'scrapy.downloadermiddlewares.redirect.RedirectMiddleware',
 'scrapy.downloadermiddlewares.cookies.CookiesMiddleware',
 'scrapy_splash.SplashCookiesMiddleware',
 'scrapy_splash.SplashMiddleware',
 'scrapy.downloadermiddlewares.httpproxy.HttpProxyMiddleware',
 'scrapy.downloadermiddlewares.httpcompression.HttpCompressionMiddleware',
 'scrapy.downloadermiddlewares.stats.DownloaderStats']
2025-04-15 10:37:38 [scrapy.middleware] INFO: Enabled spider middlewares:
['scrapy.spidermiddlewares.httperror.HttpErrorMiddleware',
 'scrapy_splash.SplashDeduplicateArgsMiddleware',
 'scrapy.spidermiddlewares.referer.RefererMiddleware',
 'scrapy.spidermiddlewares.urllength.UrlLengthMiddleware',
 'scrapy.spidermiddlewares.depth.DepthMiddleware']
2025-04-15 10:37:38 [scrapy.middleware] INFO: Enabled item pipelines:
[]
2025-04-15 10:37:38 [scrapy.core.engine] INFO: Spider opened
2025-04-15 10:37:38 [scrapy.extensions.logstats] INFO: Crawled 0 pages (at 0 pages/min), scraped 0 items (at 0 items/min)
2025-04-15 10:37:38 [scrapy.extensions.telnet] INFO: Telnet console listening on 127.0.0.1:6023
2025-04-15 10:37:38 [unit_spider] INFO: 开始发送请求
2025-04-15 10:37:38 [unit_spider] DEBUG: 准备请求URL: https://www.qut.edu.au/study/unit?unitCode=CAB301
2025-04-15 10:37:38 [unit_spider] DEBUG: 准备请求URL: https://www.qut.edu.au/study/unit?unitCode=CAB302
2025-04-15 10:37:38 [unit_spider] DEBUG: 准备请求URL: https://www.qut.edu.au/study/unit?unitCode=CAB303
2025-04-15 10:37:38 [unit_spider] DEBUG: 准备请求URL: https://www.qut.edu.au/study/unit?unitCode=CAB401
2025-04-15 10:37:38 [unit_spider] DEBUG: 准备请求URL: https://www.qut.edu.au/study/unit?unitCode=CAB403
2025-04-15 10:37:38 [unit_spider] DEBUG: 准备请求URL: https://www.qut.edu.au/study/unit?unitCode=IFN711
2025-04-15 10:37:40 [scrapy.core.engine] DEBUG: Crawled (200) <GET https://www.qut.edu.au/study/unit?unitCode=CAB301> (referer: None)
2025-04-15 10:37:40 [unit_spider] INFO: 开始解析页面: https://www.qut.edu.au/study/unit?unitCode=CAB301
2025-04-15 10:37:40 [unit_spider] DEBUG: 开始提取基本信息
2025-04-15 10:37:40 [unit_spider] INFO: 成功提取单元信息: CAB301
2025-04-15 10:37:40 [unit_spider] DEBUG: 提取的字段: ['unit_code', 'unit_name', 'faculty', 'description', 'study_area', 'credit_points', 'prerequisites', 'antirequisites', 'corequisites', 'equivalents', 'assumed_knowledge']
2025-04-15 10:37:40 [scrapy.core.scraper] DEBUG: Scraped from <200 https://www.qut.edu.au/study/unit?unitCode=CAB301>
{'unit_code': 'CAB301', 'unit_name': 'Algorithms and Complexity', 'faculty': 'Faculty of Science', 'description': 'This unit teaches you the fundamental principles used to assess the efficiency of software algorithms, allowing you to distinguish solutions that can process large amounts of data or perform complex calculations effectively from those that run unacceptably slowly or not at all. In this unit you will examine a range of different algorithms, review the principles used to predict their efficiency and perform empirical measurements of specific algorithms to confirm the theoretical predictions.', 'study_area': 'Science', 'credit_points': 12, 'prerequisites': '( CAB201 or ITD121) To enrol in this unit, you must have completed these prerequisite units (or have credit, advanced standing or exemption for them), or be able to demonstrate that you have equivalent background knowledge.', 'antirequisites': 'You can’t enrol in this unit if you have completed any of these anti-requisite units.', 'corequisites': 'To enrol in this unit, you must have already completed these co-requisite units, or you must enrol in them at the same time.', 'equivalents': 'INB371 You can’t enrol in this unit if you have completed any of these equivalent units.', 'assumed_knowledge': 'We assume that you have a minimum level of knowledge in certain areas before you start this unit.'}
2025-04-15 10:37:42 [scrapy.core.engine] DEBUG: Crawled (200) <GET https://www.qut.edu.au/study/unit?unitCode=CAB302> (referer: None)
2025-04-15 10:37:42 [unit_spider] INFO: 开始解析页面: https://www.qut.edu.au/study/unit?unitCode=CAB302
2025-04-15 10:37:42 [unit_spider] DEBUG: 开始提取基本信息
2025-04-15 10:37:42 [unit_spider] INFO: 成功提取单元信息: CAB302
2025-04-15 10:37:42 [unit_spider] DEBUG: 提取的字段: ['unit_code', 'unit_name', 'faculty', 'description', 'study_area', 'credit_points', 'prerequisites', 'antirequisites', 'corequisites', 'equivalents', 'assumed_knowledge']
2025-04-15 10:37:42 [scrapy.core.scraper] DEBUG: Scraped from <200 https://www.qut.edu.au/study/unit?unitCode=CAB302>
{'unit_code': 'CAB302', 'unit_name': 'Software Development', 'faculty': 'Faculty of Science', 'description': 'This unit teaches you how to work effectively in a team to develop large-scale software systems. It includes principles of teamwork, modern software development methodologies and tools that are needed when working in a team on a large project.', 'study_area': 'Science', 'credit_points': 12, 'prerequisites': 'CAB201 or INB270 or ITD121 To enrol in this unit, you must have completed these prerequisite units (or have credit, advanced standing or exemption for them), or be able to demonstrate that you have equivalent background knowledge.', 'antirequisites': 'You can’t enrol in this unit if you have completed any of these anti-requisite units.', 'corequisites': 'To enrol in this unit, you must have already completed these co-requisite units, or you must enrol in them at the same time.', 'equivalents': 'INB370 You can’t enrol in this unit if you have completed any of these equivalent units.', 'assumed_knowledge': 'We assume that you have a minimum level of knowledge in certain areas before you start this unit.'}
2025-04-15 10:37:44 [scrapy.core.engine] DEBUG: Crawled (200) <GET https://www.qut.edu.au/study/unit?unitCode=CAB303> (referer: None)
2025-04-15 10:37:45 [unit_spider] INFO: 开始解析页面: https://www.qut.edu.au/study/unit?unitCode=CAB303
2025-04-15 10:37:45 [unit_spider] DEBUG: 开始提取基本信息
2025-04-15 10:37:45 [unit_spider] ERROR: 未能提取到unit code: https://www.qut.edu.au/study/unit?unitCode=CAB303
2025-04-15 10:37:45 [scrapy.core.scraper] DEBUG: Scraped from <200 https://www.qut.edu.au/study/unit?unitCode=CAB303>
{}
2025-04-15 10:37:47 [scrapy.core.engine] DEBUG: Crawled (200) <GET https://www.qut.edu.au/study/unit?unitCode=CAB401> (referer: None)
2025-04-15 10:37:47 [unit_spider] INFO: 开始解析页面: https://www.qut.edu.au/study/unit?unitCode=CAB401
2025-04-15 10:37:47 [unit_spider] DEBUG: 开始提取基本信息
2025-04-15 10:37:47 [unit_spider] INFO: 成功提取单元信息: CAB401
2025-04-15 10:37:47 [unit_spider] DEBUG: 提取的字段: ['unit_code', 'unit_name', 'faculty', 'description', 'study_area', 'credit_points', 'prerequisites', 'antirequisites', 'corequisites', 'equivalents', 'assumed_knowledge']
2025-04-15 10:37:47 [scrapy.core.scraper] DEBUG: Scraped from <200 https://www.qut.edu.au/study/unit?unitCode=CAB401>
{'unit_code': 'CAB401', 'unit_name': 'High Performance and Parallel Computing', 'faculty': 'Faculty of Science', 'description': 'Building on your skills in "sequential" programming, this unit teaches you the tools and techniques needed to exploit multi-processor computer systems to achieve dramatic performance improvements for computationally intensive problems. This unit gives you both an understanding of why future computer hardware will be increasingly parallel, the challenges this poses for software development as well as a set of practical skills in creating high-performance programs using today\'s best tools and techniques.', 'study_area': 'Science', 'credit_points': 12, 'prerequisites': 'IFN584 or (IFN563 and IFN564) or ( IFQ563 and IFQ564 ) or CAB301 or IFN505 To enrol in this unit, you must have completed these prerequisite units (or have credit, advanced standing or exemption for them), or be able to demonstrate that you have equivalent background knowledge.', 'antirequisites': 'You can’t enrol in this unit if you have completed any of these anti-requisite units.', 'corequisites': 'To enrol in this unit, you must have already completed these co-requisite units, or you must enrol in them at the same time.', 'equivalents': 'INB375 You can’t enrol in this unit if you have completed any of these equivalent units.', 'assumed_knowledge': 'We assume that you have a minimum level of knowledge in certain areas before you start this unit.'}
2025-04-15 10:37:50 [scrapy.core.engine] DEBUG: Crawled (200) <GET https://www.qut.edu.au/study/unit?unitCode=CAB403> (referer: None)
2025-04-15 10:37:50 [unit_spider] INFO: 开始解析页面: https://www.qut.edu.au/study/unit?unitCode=CAB403
2025-04-15 10:37:50 [unit_spider] DEBUG: 开始提取基本信息
2025-04-15 10:37:50 [unit_spider] INFO: 成功提取单元信息: CAB403
2025-04-15 10:37:50 [unit_spider] DEBUG: 提取的字段: ['unit_code', 'unit_name', 'faculty', 'description', 'study_area', 'credit_points', 'prerequisites', 'antirequisites', 'corequisites', 'equivalents', 'assumed_knowledge']
2025-04-15 10:37:50 [scrapy.core.scraper] DEBUG: Scraped from <200 https://www.qut.edu.au/study/unit?unitCode=CAB403>
{'unit_code': 'CAB403', 'unit_name': 'Systems Programming', 'faculty': 'Faculty of Science', 'description': 'Most of our other Computer Science units focus on high-level applications programming. Applications programmers are insulated from the low- level intricacies of the underlying hardware by making use of services provided by the operating system such as threads, virtual memory, file systems and device drivers. This unit focuses on Systems Programming, where the programmer can’t necessarily rely on high level services provided by the operating system and must interact directly with the underlying hardware. Systems software is either part of the operating system or software that operates at a similar level.&nbsp;This unit aims to give you practical programming skills for developing systems level applications and services.', 'study_area': 'Science', 'credit_points': 12, 'prerequisites': '( CAB201 or MZB126 or EGB103 or EGD103 or ITD121) and CAB202 To enrol in this unit, you must have completed these prerequisite units (or have credit, advanced standing or exemption for them), or be able to demonstrate that you have equivalent background knowledge.', 'antirequisites': 'INN365 You can’t enrol in this unit if you have completed any of these anti-requisite units.', 'corequisites': 'To enrol in this unit, you must have already completed these co-requisite units, or you must enrol in them at the same time.', 'equivalents': 'INB365, ITB706, ITB745 You can’t enrol in this unit if you have completed any of these equivalent units.', 'assumed_knowledge': 'We assume that you have a minimum level of knowledge in certain areas before you start this unit.'}
2025-04-15 10:37:52 [scrapy.core.engine] DEBUG: Crawled (200) <GET https://www.qut.edu.au/study/unit?unitCode=IFN711> (referer: None)
2025-04-15 10:37:52 [unit_spider] INFO: 开始解析页面: https://www.qut.edu.au/study/unit?unitCode=IFN711
2025-04-15 10:37:52 [unit_spider] DEBUG: 开始提取基本信息
2025-04-15 10:37:52 [unit_spider] INFO: 成功提取单元信息: IFN711
2025-04-15 10:37:52 [unit_spider] DEBUG: 提取的字段: ['unit_code', 'unit_name', 'faculty', 'description', 'study_area', 'credit_points', 'prerequisites', 'antirequisites', 'corequisites', 'equivalents', 'assumed_knowledge']
2025-04-15 10:37:52 [scrapy.core.scraper] DEBUG: Scraped from <200 https://www.qut.edu.au/study/unit?unitCode=IFN711>
{'unit_code': 'IFN711', 'unit_name': 'IT Industry Project', 'faculty': 'Faculty of Science', 'description': 'The aim of this unit is to help you apply skills previously attained in your degree in an advanced problem domain&nbsp;and to enable you to conduct a well-defined project with specific outcomes. The project addresses an industry&nbsp;problem through the application of IT theories, tools and techniques.&nbsp;You will develop project management skills to lead teams in complex and changing&nbsp;environments. This unit introduces a range of traditional and contemporary project management approaches.&nbsp;', 'study_area': 'Science', 'credit_points': 24, 'prerequisites': 'Completion of 96cp from (IN20 or IN27) or (Admission to IN23 and Completion of 48cp) To enrol in this unit, you must have completed these prerequisite units (or have credit, advanced standing or exemption for them), or be able to demonstrate that you have equivalent background knowledge.', 'antirequisites': 'IFN702 You can’t enrol in this unit if you have completed any of these anti-requisite units.', 'corequisites': 'To enrol in this unit, you must have already completed these co-requisite units, or you must enrol in them at the same time.', 'equivalents': 'You can’t enrol in this unit if you have completed any of these equivalent units.', 'assumed_knowledge': 'We assume that you have a minimum level of knowledge in certain areas before you start this unit.'}
2025-04-15 10:37:52 [scrapy.core.engine] INFO: Closing spider (finished)
2025-04-15 10:37:52 [scrapy.statscollectors] INFO: Dumping Scrapy stats:
{'downloader/request_bytes': 1926,
 'downloader/request_count': 6,
 'downloader/request_method_count/GET': 6,
 'downloader/response_bytes': 157937,
 'downloader/response_count': 6,
 'downloader/response_status_count/200': 6,
 'elapsed_time_seconds': 13.929032,
 'finish_reason': 'finished',
 'finish_time': datetime.datetime(2025, 4, 15, 0, 37, 52, 888404, tzinfo=datetime.timezone.utc),
 'httpcompression/response_bytes': 1039831,
 'httpcompression/response_count': 6,
 'item_scraped_count': 6,
 'items_per_minute': None,
 'log_count/DEBUG': 34,
 'log_count/ERROR': 1,
 'log_count/INFO': 22,
 'response_received_count': 6,
 'responses_per_minute': None,
 'scheduler/dequeued': 6,
 'scheduler/dequeued/memory': 6,
 'scheduler/enqueued': 6,
 'scheduler/enqueued/memory': 6,
 'start_time': datetime.datetime(2025, 4, 15, 0, 37, 38, 959372, tzinfo=datetime.timezone.utc)}
2025-04-15 10:37:52 [scrapy.core.engine] INFO: Spider closed (finished)
2025-04-15 11:19:30 [unit_spider] INFO: 爬虫初始化开始
2025-04-15 11:19:30 [unit_spider] INFO: 成功读取单元代码: ['CAB301', 'CAB302', 'CAB303', 'CAB401', 'CAB403', 'IFN711']
2025-04-15 11:19:30 [scrapy.addons] INFO: Enabled addons:
[]
2025-04-15 11:19:30 [asyncio] DEBUG: Using selector: SelectSelector
2025-04-15 11:19:30 [scrapy.utils.log] DEBUG: Using reactor: twisted.internet.asyncioreactor.AsyncioSelectorReactor
2025-04-15 11:19:30 [scrapy.utils.log] DEBUG: Using asyncio event loop: asyncio.windows_events._WindowsSelectorEventLoop
2025-04-15 11:19:30 [scrapy.utils.log] DEBUG: Using reactor: twisted.internet.asyncioreactor.AsyncioSelectorReactor
2025-04-15 11:19:30 [scrapy.utils.log] DEBUG: Using asyncio event loop: asyncio.windows_events._WindowsSelectorEventLoop
2025-04-15 11:19:30 [scrapy.extensions.telnet] INFO: Telnet Password: 2951c9af9c71f6ab
2025-04-15 11:19:30 [scrapy.middleware] INFO: Enabled extensions:
['scrapy.extensions.corestats.CoreStats',
 'scrapy.extensions.telnet.TelnetConsole',
 'scrapy.extensions.logstats.LogStats']
2025-04-15 11:19:30 [scrapy.crawler] INFO: Overridden settings:
{'BOT_NAME': 'qut_unit_spider',
 'DOWNLOAD_DELAY': 2,
 'DUPEFILTER_CLASS': 'scrapy_splash.SplashAwareDupeFilter',
 'FEED_EXPORT_ENCODING': 'utf-8',
 'LOG_FILE': 'spider_debug.log',
 'NEWSPIDER_MODULE': 'qut_unit_spider.spiders',
 'SPIDER_MODULES': ['qut_unit_spider.spiders'],
 'TWISTED_REACTOR': 'twisted.internet.asyncioreactor.AsyncioSelectorReactor',
 'USER_AGENT': 'Mozilla/5.0 (Windows NT 10.0; Win64; x64) AppleWebKit/537.36 '
               '(KHTML, like Gecko) Chrome/91.0.4472.124 Safari/537.36'}
2025-04-15 11:19:31 [scrapy.middleware] INFO: Enabled downloader middlewares:
['scrapy.downloadermiddlewares.offsite.OffsiteMiddleware',
 'scrapy.downloadermiddlewares.httpauth.HttpAuthMiddleware',
 'scrapy.downloadermiddlewares.downloadtimeout.DownloadTimeoutMiddleware',
 'scrapy.downloadermiddlewares.defaultheaders.DefaultHeadersMiddleware',
 'scrapy.downloadermiddlewares.useragent.UserAgentMiddleware',
 'scrapy.downloadermiddlewares.retry.RetryMiddleware',
 'scrapy.downloadermiddlewares.redirect.MetaRefreshMiddleware',
 'scrapy.downloadermiddlewares.redirect.RedirectMiddleware',
 'scrapy.downloadermiddlewares.cookies.CookiesMiddleware',
 'scrapy_splash.SplashCookiesMiddleware',
 'scrapy_splash.SplashMiddleware',
 'scrapy.downloadermiddlewares.httpproxy.HttpProxyMiddleware',
 'scrapy.downloadermiddlewares.httpcompression.HttpCompressionMiddleware',
 'scrapy.downloadermiddlewares.stats.DownloaderStats']
2025-04-15 11:19:31 [scrapy.middleware] INFO: Enabled spider middlewares:
['scrapy.spidermiddlewares.httperror.HttpErrorMiddleware',
 'scrapy_splash.SplashDeduplicateArgsMiddleware',
 'scrapy.spidermiddlewares.referer.RefererMiddleware',
 'scrapy.spidermiddlewares.urllength.UrlLengthMiddleware',
 'scrapy.spidermiddlewares.depth.DepthMiddleware']
2025-04-15 11:19:31 [scrapy.middleware] INFO: Enabled item pipelines:
[]
2025-04-15 11:19:31 [scrapy.core.engine] INFO: Spider opened
2025-04-15 11:19:31 [scrapy.extensions.logstats] INFO: Crawled 0 pages (at 0 pages/min), scraped 0 items (at 0 items/min)
2025-04-15 11:19:31 [scrapy.extensions.telnet] INFO: Telnet console listening on 127.0.0.1:6023
2025-04-15 11:19:31 [unit_spider] INFO: 开始发送请求
2025-04-15 11:19:31 [unit_spider] DEBUG: 准备请求URL: https://www.qut.edu.au/study/unit?unitCode=CAB301
2025-04-15 11:19:31 [unit_spider] DEBUG: 准备请求URL: https://www.qut.edu.au/study/unit?unitCode=CAB302
2025-04-15 11:19:31 [unit_spider] DEBUG: 准备请求URL: https://www.qut.edu.au/study/unit?unitCode=CAB303
2025-04-15 11:19:31 [unit_spider] DEBUG: 准备请求URL: https://www.qut.edu.au/study/unit?unitCode=CAB401
2025-04-15 11:19:31 [unit_spider] DEBUG: 准备请求URL: https://www.qut.edu.au/study/unit?unitCode=CAB403
2025-04-15 11:19:31 [unit_spider] DEBUG: 准备请求URL: https://www.qut.edu.au/study/unit?unitCode=IFN711
2025-04-15 11:19:32 [scrapy.core.engine] DEBUG: Crawled (200) <GET https://www.qut.edu.au/study/unit?unitCode=CAB301> (referer: None)
2025-04-15 11:19:32 [unit_spider] INFO: 开始解析页面: https://www.qut.edu.au/study/unit?unitCode=CAB301
2025-04-15 11:19:32 [unit_spider] INFO: 成功提取单元信息: CAB301
2025-04-15 11:19:32 [unit_spider] DEBUG: 提取的字段: ['unit_code', 'faculty', 'school', 'study_area', 'credit_points', 'prerequisites', 'equivalents']
2025-04-15 11:19:32 [scrapy.core.scraper] DEBUG: Scraped from <200 https://www.qut.edu.au/study/unit?unitCode=CAB301>
{'unit_code': 'CAB301', 'faculty': 'Faculty of Science', 'school': 'School of Computer Science', 'study_area': 'Science', 'credit_points': 12, 'prerequisites': '( CAB201 or ITD121) To enrol in this unit, you must have completed these prerequisite units (or have credit, advanced standing or exemption for them), or be able to demonstrate that you have equivalent background knowledge.', 'equivalents': 'INB371 You can’t enrol in this unit if you have completed any of these equivalent units.'}
2025-04-15 11:19:34 [scrapy.core.engine] DEBUG: Crawled (200) <GET https://www.qut.edu.au/study/unit?unitCode=CAB302> (referer: None)
2025-04-15 11:19:34 [unit_spider] INFO: 开始解析页面: https://www.qut.edu.au/study/unit?unitCode=CAB302
2025-04-15 11:19:34 [unit_spider] INFO: 成功提取单元信息: CAB302
2025-04-15 11:19:34 [unit_spider] DEBUG: 提取的字段: ['unit_code', 'faculty', 'school', 'study_area', 'credit_points', 'prerequisites', 'equivalents']
2025-04-15 11:19:34 [scrapy.core.scraper] DEBUG: Scraped from <200 https://www.qut.edu.au/study/unit?unitCode=CAB302>
{'unit_code': 'CAB302', 'faculty': 'Faculty of Science', 'school': 'School of Computer Science', 'study_area': 'Science', 'credit_points': 12, 'prerequisites': 'CAB201 or INB270 or ITD121 To enrol in this unit, you must have completed these prerequisite units (or have credit, advanced standing or exemption for them), or be able to demonstrate that you have equivalent background knowledge.', 'equivalents': 'INB370 You can’t enrol in this unit if you have completed any of these equivalent units.'}
2025-04-15 11:19:37 [scrapy.core.engine] DEBUG: Crawled (200) <GET https://www.qut.edu.au/study/unit?unitCode=CAB303> (referer: None)
2025-04-15 11:19:37 [unit_spider] INFO: 开始解析页面: https://www.qut.edu.au/study/unit?unitCode=CAB303
2025-04-15 11:19:37 [unit_spider] ERROR: 未能提取到unit code: https://www.qut.edu.au/study/unit?unitCode=CAB303
2025-04-15 11:19:37 [scrapy.core.scraper] DEBUG: Scraped from <200 https://www.qut.edu.au/study/unit?unitCode=CAB303>
{}
2025-04-15 11:19:40 [scrapy.core.engine] DEBUG: Crawled (200) <GET https://www.qut.edu.au/study/unit?unitCode=CAB401> (referer: None)
2025-04-15 11:19:40 [unit_spider] INFO: 开始解析页面: https://www.qut.edu.au/study/unit?unitCode=CAB401
2025-04-15 11:19:40 [unit_spider] INFO: 成功提取单元信息: CAB401
2025-04-15 11:19:40 [unit_spider] DEBUG: 提取的字段: ['unit_code', 'faculty', 'school', 'study_area', 'credit_points', 'prerequisites', 'equivalents']
2025-04-15 11:19:40 [scrapy.core.scraper] DEBUG: Scraped from <200 https://www.qut.edu.au/study/unit?unitCode=CAB401>
{'unit_code': 'CAB401', 'faculty': 'Faculty of Science', 'school': 'School of Computer Science', 'study_area': 'Science', 'credit_points': 12, 'prerequisites': 'IFN584 or (IFN563 and IFN564) or ( IFQ563 and IFQ564 ) or CAB301 or IFN505 To enrol in this unit, you must have completed these prerequisite units (or have credit, advanced standing or exemption for them), or be able to demonstrate that you have equivalent background knowledge.', 'equivalents': 'INB375 You can’t enrol in this unit if you have completed any of these equivalent units.'}
2025-04-15 11:19:41 [scrapy.core.engine] DEBUG: Crawled (200) <GET https://www.qut.edu.au/study/unit?unitCode=CAB403> (referer: None)
2025-04-15 11:19:41 [unit_spider] INFO: 开始解析页面: https://www.qut.edu.au/study/unit?unitCode=CAB403
2025-04-15 11:19:41 [unit_spider] INFO: 成功提取单元信息: CAB403
2025-04-15 11:19:41 [unit_spider] DEBUG: 提取的字段: ['unit_code', 'faculty', 'school', 'study_area', 'credit_points', 'prerequisites', 'equivalents']
2025-04-15 11:19:41 [scrapy.core.scraper] DEBUG: Scraped from <200 https://www.qut.edu.au/study/unit?unitCode=CAB403>
{'unit_code': 'CAB403', 'faculty': 'Faculty of Science', 'school': 'School of Computer Science', 'study_area': 'Science', 'credit_points': 12, 'prerequisites': '( CAB201 or MZB126 or EGB103 or EGD103 or ITD121) and CAB202 To enrol in this unit, you must have completed these prerequisite units (or have credit, advanced standing or exemption for them), or be able to demonstrate that you have equivalent background knowledge.', 'equivalents': 'INB365, ITB706, ITB745 You can’t enrol in this unit if you have completed any of these equivalent units.'}
2025-04-15 11:19:44 [scrapy.core.engine] DEBUG: Crawled (200) <GET https://www.qut.edu.au/study/unit?unitCode=IFN711> (referer: None)
2025-04-15 11:19:44 [unit_spider] INFO: 开始解析页面: https://www.qut.edu.au/study/unit?unitCode=IFN711
2025-04-15 11:19:44 [unit_spider] INFO: 成功提取单元信息: IFN711
2025-04-15 11:19:44 [unit_spider] DEBUG: 提取的字段: ['unit_code', 'faculty', 'school', 'study_area', 'credit_points', 'prerequisites', 'equivalents']
2025-04-15 11:19:44 [scrapy.core.scraper] DEBUG: Scraped from <200 https://www.qut.edu.au/study/unit?unitCode=IFN711>
{'unit_code': 'IFN711', 'faculty': 'Faculty of Science', 'school': 'School of Information Systems', 'study_area': 'Science', 'credit_points': 24, 'prerequisites': 'Completion of 96cp from (IN20 or IN27) or (Admission to IN23 and Completion of 48cp) To enrol in this unit, you must have completed these prerequisite units (or have credit, advanced standing or exemption for them), or be able to demonstrate that you have equivalent background knowledge.', 'equivalents': 'You can’t enrol in this unit if you have completed any of these equivalent units.'}
2025-04-15 11:19:44 [scrapy.core.engine] INFO: Closing spider (finished)
2025-04-15 11:19:44 [scrapy.statscollectors] INFO: Dumping Scrapy stats:
{'downloader/request_bytes': 1926,
 'downloader/request_count': 6,
 'downloader/request_method_count/GET': 6,
 'downloader/response_bytes': 158049,
 'downloader/response_count': 6,
 'downloader/response_status_count/200': 6,
 'elapsed_time_seconds': 13.056177,
 'finish_reason': 'finished',
 'finish_time': datetime.datetime(2025, 4, 15, 1, 19, 44, 318122, tzinfo=datetime.timezone.utc),
 'httpcompression/response_bytes': 1039831,
 'httpcompression/response_count': 6,
 'item_scraped_count': 6,
 'items_per_minute': None,
 'log_count/DEBUG': 28,
 'log_count/ERROR': 1,
 'log_count/INFO': 22,
 'response_received_count': 6,
 'responses_per_minute': None,
 'scheduler/dequeued': 6,
 'scheduler/dequeued/memory': 6,
 'scheduler/enqueued': 6,
 'scheduler/enqueued/memory': 6,
 'start_time': datetime.datetime(2025, 4, 15, 1, 19, 31, 261945, tzinfo=datetime.timezone.utc)}
2025-04-15 11:19:44 [scrapy.core.engine] INFO: Spider closed (finished)
2025-04-15 14:25:01 [unit_spider] INFO: 爬虫初始化开始
2025-04-15 14:25:01 [unit_spider] ERROR: Error reading units.txt: [Errno 2] No such file or directory: 'units.txt'
2025-04-15 14:25:01 [scrapy.addons] INFO: Enabled addons:
[]
2025-04-15 14:25:01 [asyncio] DEBUG: Using selector: SelectSelector
2025-04-15 14:25:01 [scrapy.utils.log] DEBUG: Using reactor: twisted.internet.asyncioreactor.AsyncioSelectorReactor
2025-04-15 14:25:01 [scrapy.utils.log] DEBUG: Using asyncio event loop: asyncio.windows_events._WindowsSelectorEventLoop
2025-04-15 14:25:01 [scrapy.utils.log] DEBUG: Using reactor: twisted.internet.asyncioreactor.AsyncioSelectorReactor
2025-04-15 14:25:01 [scrapy.utils.log] DEBUG: Using asyncio event loop: asyncio.windows_events._WindowsSelectorEventLoop
2025-04-15 14:25:01 [scrapy.extensions.telnet] INFO: Telnet Password: d0ec537bd7853897
2025-04-15 14:25:01 [scrapy.middleware] INFO: Enabled extensions:
['scrapy.extensions.corestats.CoreStats',
 'scrapy.extensions.telnet.TelnetConsole',
 'scrapy.extensions.logstats.LogStats']
2025-04-15 14:25:01 [scrapy.crawler] INFO: Overridden settings:
{'BOT_NAME': 'qut_unit_spider',
 'DOWNLOAD_DELAY': 2,
 'DUPEFILTER_CLASS': 'scrapy_splash.SplashAwareDupeFilter',
 'FEED_EXPORT_ENCODING': 'utf-8',
 'LOG_FILE': 'spider_debug.log',
 'NEWSPIDER_MODULE': 'qut_unit_spider.spiders',
 'SPIDER_MODULES': ['qut_unit_spider.spiders'],
 'TWISTED_REACTOR': 'twisted.internet.asyncioreactor.AsyncioSelectorReactor',
 'USER_AGENT': 'Mozilla/5.0 (Windows NT 10.0; Win64; x64) AppleWebKit/537.36 '
               '(KHTML, like Gecko) Chrome/91.0.4472.124 Safari/537.36'}
2025-04-15 14:25:01 [scrapy.middleware] INFO: Enabled downloader middlewares:
['scrapy.downloadermiddlewares.offsite.OffsiteMiddleware',
 'scrapy.downloadermiddlewares.httpauth.HttpAuthMiddleware',
 'scrapy.downloadermiddlewares.downloadtimeout.DownloadTimeoutMiddleware',
 'scrapy.downloadermiddlewares.defaultheaders.DefaultHeadersMiddleware',
 'scrapy.downloadermiddlewares.useragent.UserAgentMiddleware',
 'scrapy.downloadermiddlewares.retry.RetryMiddleware',
 'scrapy.downloadermiddlewares.redirect.MetaRefreshMiddleware',
 'scrapy.downloadermiddlewares.redirect.RedirectMiddleware',
 'scrapy.downloadermiddlewares.cookies.CookiesMiddleware',
 'scrapy_splash.SplashCookiesMiddleware',
 'scrapy_splash.SplashMiddleware',
 'scrapy.downloadermiddlewares.httpproxy.HttpProxyMiddleware',
 'scrapy.downloadermiddlewares.httpcompression.HttpCompressionMiddleware',
 'scrapy.downloadermiddlewares.stats.DownloaderStats']
2025-04-15 14:25:01 [scrapy.middleware] INFO: Enabled spider middlewares:
['scrapy.spidermiddlewares.httperror.HttpErrorMiddleware',
 'scrapy_splash.SplashDeduplicateArgsMiddleware',
 'scrapy.spidermiddlewares.referer.RefererMiddleware',
 'scrapy.spidermiddlewares.urllength.UrlLengthMiddleware',
 'scrapy.spidermiddlewares.depth.DepthMiddleware']
2025-04-15 14:25:01 [scrapy.middleware] INFO: Enabled item pipelines:
[]
2025-04-15 14:25:01 [scrapy.core.engine] INFO: Spider opened
2025-04-15 14:25:01 [scrapy.extensions.logstats] INFO: Crawled 0 pages (at 0 pages/min), scraped 0 items (at 0 items/min)
2025-04-15 14:25:01 [scrapy.extensions.telnet] INFO: Telnet console listening on 127.0.0.1:6023
2025-04-15 14:25:01 [unit_spider] INFO: 开始发送请求
2025-04-15 14:25:01 [scrapy.core.engine] INFO: Closing spider (finished)
2025-04-15 14:25:01 [unit_spider] WARNING: No units data collected!
2025-04-15 14:25:01 [scrapy.statscollectors] INFO: Dumping Scrapy stats:
{'elapsed_time_seconds': 0.001752,
 'finish_reason': 'finished',
 'finish_time': datetime.datetime(2025, 4, 15, 4, 25, 1, 749291, tzinfo=datetime.timezone.utc),
 'items_per_minute': None,
 'log_count/DEBUG': 5,
 'log_count/INFO': 11,
 'log_count/WARNING': 1,
 'responses_per_minute': None,
 'start_time': datetime.datetime(2025, 4, 15, 4, 25, 1, 747539, tzinfo=datetime.timezone.utc)}
2025-04-15 14:25:01 [scrapy.core.engine] INFO: Spider closed (finished)
2025-04-15 14:27:27 [unit_spider] INFO: 爬虫初始化开始
2025-04-15 14:27:27 [unit_spider] ERROR: Error reading units.txt: [Errno 2] No such file or directory: 'units.txt'
2025-04-15 14:27:27 [scrapy.addons] INFO: Enabled addons:
[]
2025-04-15 14:27:27 [asyncio] DEBUG: Using selector: SelectSelector
2025-04-15 14:27:27 [scrapy.utils.log] DEBUG: Using reactor: twisted.internet.asyncioreactor.AsyncioSelectorReactor
2025-04-15 14:27:27 [scrapy.utils.log] DEBUG: Using asyncio event loop: asyncio.windows_events._WindowsSelectorEventLoop
2025-04-15 14:27:27 [scrapy.utils.log] DEBUG: Using reactor: twisted.internet.asyncioreactor.AsyncioSelectorReactor
2025-04-15 14:27:27 [scrapy.utils.log] DEBUG: Using asyncio event loop: asyncio.windows_events._WindowsSelectorEventLoop
2025-04-15 14:27:27 [scrapy.extensions.telnet] INFO: Telnet Password: f29a87752b1e25e2
2025-04-15 14:27:27 [scrapy.middleware] INFO: Enabled extensions:
['scrapy.extensions.corestats.CoreStats',
 'scrapy.extensions.telnet.TelnetConsole',
 'scrapy.extensions.logstats.LogStats']
2025-04-15 14:27:27 [scrapy.crawler] INFO: Overridden settings:
{'BOT_NAME': 'qut_unit_spider',
 'DOWNLOAD_DELAY': 2,
 'DUPEFILTER_CLASS': 'scrapy_splash.SplashAwareDupeFilter',
 'FEED_EXPORT_ENCODING': 'utf-8',
 'LOG_FILE': 'spider_debug.log',
 'NEWSPIDER_MODULE': 'qut_unit_spider.spiders',
 'SPIDER_MODULES': ['qut_unit_spider.spiders'],
 'TWISTED_REACTOR': 'twisted.internet.asyncioreactor.AsyncioSelectorReactor',
 'USER_AGENT': 'Mozilla/5.0 (Windows NT 10.0; Win64; x64) AppleWebKit/537.36 '
               '(KHTML, like Gecko) Chrome/91.0.4472.124 Safari/537.36'}
2025-04-15 14:27:27 [scrapy.middleware] INFO: Enabled downloader middlewares:
['scrapy.downloadermiddlewares.offsite.OffsiteMiddleware',
 'scrapy.downloadermiddlewares.httpauth.HttpAuthMiddleware',
 'scrapy.downloadermiddlewares.downloadtimeout.DownloadTimeoutMiddleware',
 'scrapy.downloadermiddlewares.defaultheaders.DefaultHeadersMiddleware',
 'scrapy.downloadermiddlewares.useragent.UserAgentMiddleware',
 'scrapy.downloadermiddlewares.retry.RetryMiddleware',
 'scrapy.downloadermiddlewares.redirect.MetaRefreshMiddleware',
 'scrapy.downloadermiddlewares.redirect.RedirectMiddleware',
 'scrapy.downloadermiddlewares.cookies.CookiesMiddleware',
 'scrapy_splash.SplashCookiesMiddleware',
 'scrapy_splash.SplashMiddleware',
 'scrapy.downloadermiddlewares.httpproxy.HttpProxyMiddleware',
 'scrapy.downloadermiddlewares.httpcompression.HttpCompressionMiddleware',
 'scrapy.downloadermiddlewares.stats.DownloaderStats']
2025-04-15 14:27:27 [scrapy.middleware] INFO: Enabled spider middlewares:
['scrapy.spidermiddlewares.httperror.HttpErrorMiddleware',
 'scrapy_splash.SplashDeduplicateArgsMiddleware',
 'scrapy.spidermiddlewares.referer.RefererMiddleware',
 'scrapy.spidermiddlewares.urllength.UrlLengthMiddleware',
 'scrapy.spidermiddlewares.depth.DepthMiddleware']
2025-04-15 14:27:27 [scrapy.middleware] INFO: Enabled item pipelines:
[]
2025-04-15 14:27:27 [scrapy.core.engine] INFO: Spider opened
2025-04-15 14:27:27 [scrapy.extensions.logstats] INFO: Crawled 0 pages (at 0 pages/min), scraped 0 items (at 0 items/min)
2025-04-15 14:27:27 [scrapy.extensions.telnet] INFO: Telnet console listening on 127.0.0.1:6023
2025-04-15 14:27:27 [unit_spider] INFO: 开始发送请求
2025-04-15 14:27:27 [scrapy.core.engine] INFO: Closing spider (finished)
2025-04-15 14:27:27 [unit_spider] WARNING: No units data collected!
2025-04-15 14:27:27 [scrapy.statscollectors] INFO: Dumping Scrapy stats:
{'elapsed_time_seconds': 0.002025,
 'finish_reason': 'finished',
 'finish_time': datetime.datetime(2025, 4, 15, 4, 27, 27, 561935, tzinfo=datetime.timezone.utc),
 'items_per_minute': None,
 'log_count/DEBUG': 5,
 'log_count/INFO': 11,
 'log_count/WARNING': 1,
 'responses_per_minute': None,
 'start_time': datetime.datetime(2025, 4, 15, 4, 27, 27, 559910, tzinfo=datetime.timezone.utc)}
2025-04-15 14:27:27 [scrapy.core.engine] INFO: Spider closed (finished)
2025-04-15 14:34:31 [unit_spider] INFO: 爬虫初始化开始
2025-04-15 14:34:31 [unit_spider] ERROR: Error reading units.txt: [Errno 2] No such file or directory: 'units.txt'
2025-04-15 14:34:31 [scrapy.addons] INFO: Enabled addons:
[]
2025-04-15 14:34:31 [asyncio] DEBUG: Using selector: SelectSelector
2025-04-15 14:34:31 [scrapy.utils.log] DEBUG: Using reactor: twisted.internet.asyncioreactor.AsyncioSelectorReactor
2025-04-15 14:34:31 [scrapy.utils.log] DEBUG: Using asyncio event loop: asyncio.windows_events._WindowsSelectorEventLoop
2025-04-15 14:34:31 [scrapy.utils.log] DEBUG: Using reactor: twisted.internet.asyncioreactor.AsyncioSelectorReactor
2025-04-15 14:34:31 [scrapy.utils.log] DEBUG: Using asyncio event loop: asyncio.windows_events._WindowsSelectorEventLoop
2025-04-15 14:34:31 [scrapy.extensions.telnet] INFO: Telnet Password: 78b1f48111b40b05
2025-04-15 14:34:31 [scrapy.middleware] INFO: Enabled extensions:
['scrapy.extensions.corestats.CoreStats',
 'scrapy.extensions.telnet.TelnetConsole',
 'scrapy.extensions.logstats.LogStats']
2025-04-15 14:34:31 [scrapy.crawler] INFO: Overridden settings:
{'BOT_NAME': 'qut_unit_spider',
 'DOWNLOAD_DELAY': 2,
 'DUPEFILTER_CLASS': 'scrapy_splash.SplashAwareDupeFilter',
 'FEED_EXPORT_ENCODING': 'utf-8',
 'LOG_FILE': 'spider_debug.log',
 'NEWSPIDER_MODULE': 'qut_unit_spider.spiders',
 'SPIDER_MODULES': ['qut_unit_spider.spiders'],
 'TWISTED_REACTOR': 'twisted.internet.asyncioreactor.AsyncioSelectorReactor',
 'USER_AGENT': 'Mozilla/5.0 (Windows NT 10.0; Win64; x64) AppleWebKit/537.36 '
               '(KHTML, like Gecko) Chrome/91.0.4472.124 Safari/537.36'}
2025-04-15 14:34:31 [scrapy.middleware] INFO: Enabled downloader middlewares:
['scrapy.downloadermiddlewares.offsite.OffsiteMiddleware',
 'scrapy.downloadermiddlewares.httpauth.HttpAuthMiddleware',
 'scrapy.downloadermiddlewares.downloadtimeout.DownloadTimeoutMiddleware',
 'scrapy.downloadermiddlewares.defaultheaders.DefaultHeadersMiddleware',
 'scrapy.downloadermiddlewares.useragent.UserAgentMiddleware',
 'scrapy.downloadermiddlewares.retry.RetryMiddleware',
 'scrapy.downloadermiddlewares.redirect.MetaRefreshMiddleware',
 'scrapy.downloadermiddlewares.redirect.RedirectMiddleware',
 'scrapy.downloadermiddlewares.cookies.CookiesMiddleware',
 'scrapy_splash.SplashCookiesMiddleware',
 'scrapy_splash.SplashMiddleware',
 'scrapy.downloadermiddlewares.httpproxy.HttpProxyMiddleware',
 'scrapy.downloadermiddlewares.httpcompression.HttpCompressionMiddleware',
 'scrapy.downloadermiddlewares.stats.DownloaderStats']
2025-04-15 14:34:31 [scrapy.middleware] INFO: Enabled spider middlewares:
['scrapy.spidermiddlewares.httperror.HttpErrorMiddleware',
 'scrapy_splash.SplashDeduplicateArgsMiddleware',
 'scrapy.spidermiddlewares.referer.RefererMiddleware',
 'scrapy.spidermiddlewares.urllength.UrlLengthMiddleware',
 'scrapy.spidermiddlewares.depth.DepthMiddleware']
2025-04-15 14:34:31 [scrapy.middleware] INFO: Enabled item pipelines:
[]
2025-04-15 14:34:31 [scrapy.core.engine] INFO: Spider opened
2025-04-15 14:34:31 [scrapy.extensions.logstats] INFO: Crawled 0 pages (at 0 pages/min), scraped 0 items (at 0 items/min)
2025-04-15 14:34:31 [scrapy.extensions.telnet] INFO: Telnet console listening on 127.0.0.1:6023
2025-04-15 14:34:31 [unit_spider] INFO: 开始发送请求
2025-04-15 14:34:31 [scrapy.core.engine] INFO: Closing spider (finished)
2025-04-15 14:34:31 [unit_spider] WARNING: No units data collected!
2025-04-15 14:34:31 [scrapy.statscollectors] INFO: Dumping Scrapy stats:
{'elapsed_time_seconds': 0.001986,
 'finish_reason': 'finished',
 'finish_time': datetime.datetime(2025, 4, 15, 4, 34, 31, 705860, tzinfo=datetime.timezone.utc),
 'items_per_minute': None,
 'log_count/DEBUG': 5,
 'log_count/INFO': 11,
 'log_count/WARNING': 1,
 'responses_per_minute': None,
 'start_time': datetime.datetime(2025, 4, 15, 4, 34, 31, 703874, tzinfo=datetime.timezone.utc)}
2025-04-15 14:34:31 [scrapy.core.engine] INFO: Spider closed (finished)
2025-04-15 14:55:16 [unit_spider] INFO: 爬虫初始化开始
2025-04-15 14:55:16 [unit_spider] INFO: Found unit codes: ['CAB301', 'CAB302', 'CAB401', 'CAB403', 'IFN711', 'IFN712']
2025-04-15 14:55:16 [unit_spider] INFO: Start URLs: ['https://www.qut.edu.au/study/unit?unitCode=CAB301', 'https://www.qut.edu.au/study/unit?unitCode=CAB302', 'https://www.qut.edu.au/study/unit?unitCode=CAB401', 'https://www.qut.edu.au/study/unit?unitCode=CAB403', 'https://www.qut.edu.au/study/unit?unitCode=IFN711', 'https://www.qut.edu.au/study/unit?unitCode=IFN712']
2025-04-15 14:55:16 [scrapy.addons] INFO: Enabled addons:
[]
2025-04-15 14:55:16 [asyncio] DEBUG: Using selector: SelectSelector
2025-04-15 14:55:16 [scrapy.utils.log] DEBUG: Using reactor: twisted.internet.asyncioreactor.AsyncioSelectorReactor
2025-04-15 14:55:16 [scrapy.utils.log] DEBUG: Using asyncio event loop: asyncio.windows_events._WindowsSelectorEventLoop
2025-04-15 14:55:16 [scrapy.utils.log] DEBUG: Using reactor: twisted.internet.asyncioreactor.AsyncioSelectorReactor
2025-04-15 14:55:16 [scrapy.utils.log] DEBUG: Using asyncio event loop: asyncio.windows_events._WindowsSelectorEventLoop
2025-04-15 14:55:16 [scrapy.extensions.telnet] INFO: Telnet Password: 9e25e0915a1eda6f
2025-04-15 14:55:16 [scrapy.middleware] INFO: Enabled extensions:
['scrapy.extensions.corestats.CoreStats',
 'scrapy.extensions.telnet.TelnetConsole',
 'scrapy.extensions.logstats.LogStats']
2025-04-15 14:55:16 [scrapy.crawler] INFO: Overridden settings:
{'BOT_NAME': 'qut_unit_spider',
 'DOWNLOAD_DELAY': 2,
 'DUPEFILTER_CLASS': 'scrapy_splash.SplashAwareDupeFilter',
 'FEED_EXPORT_ENCODING': 'utf-8',
 'LOG_FILE': 'spider_debug.log',
 'NEWSPIDER_MODULE': 'qut_unit_spider.spiders',
 'SPIDER_MODULES': ['qut_unit_spider.spiders'],
 'TWISTED_REACTOR': 'twisted.internet.asyncioreactor.AsyncioSelectorReactor',
 'USER_AGENT': 'Mozilla/5.0 (Windows NT 10.0; Win64; x64) AppleWebKit/537.36 '
               '(KHTML, like Gecko) Chrome/91.0.4472.124 Safari/537.36'}
2025-04-15 14:55:16 [scrapy.middleware] INFO: Enabled downloader middlewares:
['scrapy.downloadermiddlewares.offsite.OffsiteMiddleware',
 'scrapy.downloadermiddlewares.httpauth.HttpAuthMiddleware',
 'scrapy.downloadermiddlewares.downloadtimeout.DownloadTimeoutMiddleware',
 'scrapy.downloadermiddlewares.defaultheaders.DefaultHeadersMiddleware',
 'scrapy.downloadermiddlewares.useragent.UserAgentMiddleware',
 'scrapy.downloadermiddlewares.retry.RetryMiddleware',
 'scrapy.downloadermiddlewares.redirect.MetaRefreshMiddleware',
 'scrapy.downloadermiddlewares.redirect.RedirectMiddleware',
 'scrapy.downloadermiddlewares.cookies.CookiesMiddleware',
 'scrapy_splash.SplashCookiesMiddleware',
 'scrapy_splash.SplashMiddleware',
 'scrapy.downloadermiddlewares.httpproxy.HttpProxyMiddleware',
 'scrapy.downloadermiddlewares.httpcompression.HttpCompressionMiddleware',
 'scrapy.downloadermiddlewares.stats.DownloaderStats']
2025-04-15 14:55:16 [scrapy.middleware] INFO: Enabled spider middlewares:
['scrapy.spidermiddlewares.httperror.HttpErrorMiddleware',
 'scrapy_splash.SplashDeduplicateArgsMiddleware',
 'scrapy.spidermiddlewares.referer.RefererMiddleware',
 'scrapy.spidermiddlewares.urllength.UrlLengthMiddleware',
 'scrapy.spidermiddlewares.depth.DepthMiddleware']
2025-04-15 14:55:16 [scrapy.middleware] INFO: Enabled item pipelines:
[]
2025-04-15 14:55:16 [scrapy.core.engine] INFO: Spider opened
2025-04-15 14:55:16 [scrapy.extensions.logstats] INFO: Crawled 0 pages (at 0 pages/min), scraped 0 items (at 0 items/min)
2025-04-15 14:55:16 [scrapy.extensions.telnet] INFO: Telnet console listening on 127.0.0.1:6023
2025-04-15 14:55:16 [unit_spider] INFO: 开始发送请求
2025-04-15 14:55:16 [unit_spider] DEBUG: 准备请求URL: https://www.qut.edu.au/study/unit?unitCode=CAB301
2025-04-15 14:55:16 [py.warnings] WARNING: C:\Users\43819\AppData\Local\Programs\Python\Python313\Lib\site-packages\scrapy_splash\middleware.py:498: ScrapyDeprecationWarning: Use of this protected method is deprecated. Consider using its corresponding public method get_slot_key() instead.
  return self.crawler.engine.downloader._get_slot_key(

2025-04-15 14:55:16 [unit_spider] DEBUG: 准备请求URL: https://www.qut.edu.au/study/unit?unitCode=CAB302
2025-04-15 14:55:16 [unit_spider] DEBUG: 准备请求URL: https://www.qut.edu.au/study/unit?unitCode=CAB401
2025-04-15 14:55:16 [unit_spider] DEBUG: 准备请求URL: https://www.qut.edu.au/study/unit?unitCode=CAB403
2025-04-15 14:55:16 [unit_spider] DEBUG: 准备请求URL: https://www.qut.edu.au/study/unit?unitCode=IFN711
2025-04-15 14:55:16 [unit_spider] DEBUG: 准备请求URL: https://www.qut.edu.au/study/unit?unitCode=IFN712
2025-04-15 14:55:21 [scrapy.core.engine] DEBUG: Crawled (200) <GET https://www.qut.edu.au/study/unit?unitCode=CAB301 via http://localhost:8050/execute> (referer: None)
2025-04-15 14:55:21 [unit_spider] INFO: Successfully extracted unit info for CAB301
2025-04-15 14:55:21 [unit_spider] INFO: Added unit info to list: CAB301
2025-04-15 14:55:21 [scrapy.core.scraper] DEBUG: Scraped from <200 https://www.qut.edu.au/study/unit?unitCode=CAB301>
{'unitCode': 'CAB301', 'faculty': 'Faculty of Science', 'school': 'School of Computer Science', 'studyArea': 'Science', 'creditPoints': 12, 'prerequisites': '(', 'offeredSemesters': []}
2025-04-15 14:55:22 [scrapy.core.engine] DEBUG: Crawled (200) <GET https://www.qut.edu.au/study/unit?unitCode=CAB302 via http://localhost:8050/execute> (referer: None)
2025-04-15 14:55:22 [unit_spider] INFO: Successfully extracted unit info for CAB302
2025-04-15 14:55:22 [unit_spider] INFO: Added unit info to list: CAB302
2025-04-15 14:55:22 [scrapy.core.scraper] DEBUG: Scraped from <200 https://www.qut.edu.au/study/unit?unitCode=CAB302>
{'unitCode': 'CAB302', 'faculty': 'Faculty of Science', 'school': 'School of Computer Science', 'studyArea': 'Science', 'creditPoints': 12, 'prerequisites': 'or INB270 or ITD121', 'offeredSemesters': []}
2025-04-15 14:55:25 [scrapy.core.engine] DEBUG: Crawled (200) <GET https://www.qut.edu.au/study/unit?unitCode=CAB401 via http://localhost:8050/execute> (referer: None)
2025-04-15 14:55:25 [unit_spider] INFO: Successfully extracted unit info for CAB401
2025-04-15 14:55:25 [unit_spider] INFO: Added unit info to list: CAB401
2025-04-15 14:55:25 [scrapy.core.scraper] DEBUG: Scraped from <200 https://www.qut.edu.au/study/unit?unitCode=CAB401>
{'unitCode': 'CAB401', 'faculty': 'Faculty of Science', 'school': 'School of Computer Science', 'studyArea': 'Science', 'creditPoints': 12, 'prerequisites': 'or (IFN563 and IFN564) or (', 'offeredSemesters': []}
2025-04-15 14:55:27 [scrapy.core.engine] DEBUG: Crawled (200) <GET https://www.qut.edu.au/study/unit?unitCode=CAB403 via http://localhost:8050/execute> (referer: None)
2025-04-15 14:55:27 [unit_spider] INFO: Successfully extracted unit info for CAB403
2025-04-15 14:55:27 [unit_spider] INFO: Added unit info to list: CAB403
2025-04-15 14:55:27 [scrapy.core.scraper] DEBUG: Scraped from <200 https://www.qut.edu.au/study/unit?unitCode=CAB403>
{'unitCode': 'CAB403', 'faculty': 'Faculty of Science', 'school': 'School of Computer Science', 'studyArea': 'Science', 'creditPoints': 12, 'prerequisites': '(', 'offeredSemesters': []}
2025-04-15 14:55:30 [scrapy.core.engine] DEBUG: Crawled (200) <GET https://www.qut.edu.au/study/unit?unitCode=IFN711 via http://localhost:8050/execute> (referer: None)
2025-04-15 14:55:30 [unit_spider] INFO: Successfully extracted unit info for IFN711
2025-04-15 14:55:30 [unit_spider] INFO: Added unit info to list: IFN711
2025-04-15 14:55:30 [scrapy.core.scraper] DEBUG: Scraped from <200 https://www.qut.edu.au/study/unit?unitCode=IFN711>
{'unitCode': 'IFN711', 'faculty': 'Faculty of Science', 'school': 'School of Information Systems', 'studyArea': 'Science', 'creditPoints': 24, 'prerequisites': 'Completion of 96cp from (IN20 or IN27) or (Admission to IN23 and Completion of 48cp)', 'offeredSemesters': []}
2025-04-15 14:55:32 [scrapy.core.engine] DEBUG: Crawled (200) <GET https://www.qut.edu.au/study/unit?unitCode=IFN712 via http://localhost:8050/execute> (referer: None)
2025-04-15 14:55:32 [unit_spider] INFO: Successfully extracted unit info for IFN712
2025-04-15 14:55:32 [unit_spider] INFO: Added unit info to list: IFN712
2025-04-15 14:55:32 [scrapy.core.scraper] DEBUG: Scraped from <200 https://www.qut.edu.au/study/unit?unitCode=IFN712>
{'unitCode': 'IFN712', 'faculty': 'Faculty of Science', 'school': 'School of Computer Science', 'studyArea': 'Science', 'creditPoints': 24, 'prerequisites': 'Completion of 96cp from (IN20 or IN27) or (Admission to IN23 and Completion of 48cp)', 'offeredSemesters': []}
2025-04-15 14:55:32 [scrapy.core.engine] INFO: Closing spider (finished)
2025-04-15 14:55:32 [unit_spider] INFO: Successfully saved 6 units to C:\Users\43819\Desktop\711_project\qut-courses\qut_unit_spider\qut_unit_spider\units.json
2025-04-15 14:55:32 [scrapy.statscollectors] INFO: Dumping Scrapy stats:
{'downloader/request_bytes': 6342,
 'downloader/request_count': 6,
 'downloader/request_method_count/POST': 6,
 'downloader/response_bytes': 1120831,
 'downloader/response_count': 6,
 'downloader/response_status_count/200': 6,
 'elapsed_time_seconds': 16.077955,
 'finish_reason': 'finished',
 'finish_time': datetime.datetime(2025, 4, 15, 4, 55, 32, 709202, tzinfo=datetime.timezone.utc),
 'item_scraped_count': 6,
 'items_per_minute': None,
 'log_count/DEBUG': 23,
 'log_count/INFO': 24,
 'log_count/WARNING': 1,
 'response_received_count': 6,
 'responses_per_minute': None,
 'scheduler/dequeued': 12,
 'scheduler/dequeued/memory': 12,
 'scheduler/enqueued': 12,
 'scheduler/enqueued/memory': 12,
 'splash/execute/request_count': 6,
 'splash/execute/response_count/200': 6,
 'start_time': datetime.datetime(2025, 4, 15, 4, 55, 16, 631247, tzinfo=datetime.timezone.utc)}
2025-04-15 14:55:32 [scrapy.core.engine] INFO: Spider closed (finished)
2025-04-15 14:57:26 [unit_spider] INFO: 爬虫初始化开始
2025-04-15 14:57:26 [unit_spider] INFO: Found unit codes: ['CAB301', 'CAB302', 'CAB401', 'CAB403', 'IFN711', 'IFN712']
2025-04-15 14:57:26 [unit_spider] INFO: Start URLs: ['https://www.qut.edu.au/study/unit?unitCode=CAB301', 'https://www.qut.edu.au/study/unit?unitCode=CAB302', 'https://www.qut.edu.au/study/unit?unitCode=CAB401', 'https://www.qut.edu.au/study/unit?unitCode=CAB403', 'https://www.qut.edu.au/study/unit?unitCode=IFN711', 'https://www.qut.edu.au/study/unit?unitCode=IFN712']
2025-04-15 14:57:26 [scrapy.addons] INFO: Enabled addons:
[]
2025-04-15 14:57:26 [asyncio] DEBUG: Using selector: SelectSelector
2025-04-15 14:57:26 [scrapy.utils.log] DEBUG: Using reactor: twisted.internet.asyncioreactor.AsyncioSelectorReactor
2025-04-15 14:57:26 [scrapy.utils.log] DEBUG: Using asyncio event loop: asyncio.windows_events._WindowsSelectorEventLoop
2025-04-15 14:57:26 [scrapy.utils.log] DEBUG: Using reactor: twisted.internet.asyncioreactor.AsyncioSelectorReactor
2025-04-15 14:57:26 [scrapy.utils.log] DEBUG: Using asyncio event loop: asyncio.windows_events._WindowsSelectorEventLoop
2025-04-15 14:57:26 [scrapy.extensions.telnet] INFO: Telnet Password: b21a6bc729b4fab8
2025-04-15 14:57:26 [scrapy.middleware] INFO: Enabled extensions:
['scrapy.extensions.corestats.CoreStats',
 'scrapy.extensions.telnet.TelnetConsole',
 'scrapy.extensions.logstats.LogStats']
2025-04-15 14:57:26 [scrapy.crawler] INFO: Overridden settings:
{'BOT_NAME': 'qut_unit_spider',
 'DOWNLOAD_DELAY': 2,
 'DUPEFILTER_CLASS': 'scrapy_splash.SplashAwareDupeFilter',
 'FEED_EXPORT_ENCODING': 'utf-8',
 'LOG_FILE': 'spider_debug.log',
 'NEWSPIDER_MODULE': 'qut_unit_spider.spiders',
 'SPIDER_MODULES': ['qut_unit_spider.spiders'],
 'TWISTED_REACTOR': 'twisted.internet.asyncioreactor.AsyncioSelectorReactor',
 'USER_AGENT': 'Mozilla/5.0 (Windows NT 10.0; Win64; x64) AppleWebKit/537.36 '
               '(KHTML, like Gecko) Chrome/91.0.4472.124 Safari/537.36'}
2025-04-15 14:57:26 [scrapy.middleware] INFO: Enabled downloader middlewares:
['scrapy.downloadermiddlewares.offsite.OffsiteMiddleware',
 'scrapy.downloadermiddlewares.httpauth.HttpAuthMiddleware',
 'scrapy.downloadermiddlewares.downloadtimeout.DownloadTimeoutMiddleware',
 'scrapy.downloadermiddlewares.defaultheaders.DefaultHeadersMiddleware',
 'scrapy.downloadermiddlewares.useragent.UserAgentMiddleware',
 'scrapy.downloadermiddlewares.retry.RetryMiddleware',
 'scrapy.downloadermiddlewares.redirect.MetaRefreshMiddleware',
 'scrapy.downloadermiddlewares.redirect.RedirectMiddleware',
 'scrapy.downloadermiddlewares.cookies.CookiesMiddleware',
 'scrapy_splash.SplashCookiesMiddleware',
 'scrapy_splash.SplashMiddleware',
 'scrapy.downloadermiddlewares.httpproxy.HttpProxyMiddleware',
 'scrapy.downloadermiddlewares.httpcompression.HttpCompressionMiddleware',
 'scrapy.downloadermiddlewares.stats.DownloaderStats']
2025-04-15 14:57:26 [scrapy.middleware] INFO: Enabled spider middlewares:
['scrapy.spidermiddlewares.httperror.HttpErrorMiddleware',
 'scrapy_splash.SplashDeduplicateArgsMiddleware',
 'scrapy.spidermiddlewares.referer.RefererMiddleware',
 'scrapy.spidermiddlewares.urllength.UrlLengthMiddleware',
 'scrapy.spidermiddlewares.depth.DepthMiddleware']
2025-04-15 14:57:26 [scrapy.middleware] INFO: Enabled item pipelines:
[]
2025-04-15 14:57:26 [scrapy.core.engine] INFO: Spider opened
2025-04-15 14:57:26 [scrapy.extensions.logstats] INFO: Crawled 0 pages (at 0 pages/min), scraped 0 items (at 0 items/min)
2025-04-15 14:57:26 [scrapy.extensions.telnet] INFO: Telnet console listening on 127.0.0.1:6023
2025-04-15 14:57:26 [unit_spider] INFO: 开始发送请求
2025-04-15 14:57:26 [unit_spider] DEBUG: 准备请求URL: https://www.qut.edu.au/study/unit?unitCode=CAB301
2025-04-15 14:57:26 [py.warnings] WARNING: C:\Users\43819\AppData\Local\Programs\Python\Python313\Lib\site-packages\scrapy_splash\middleware.py:498: ScrapyDeprecationWarning: Use of this protected method is deprecated. Consider using its corresponding public method get_slot_key() instead.
  return self.crawler.engine.downloader._get_slot_key(

2025-04-15 14:57:26 [unit_spider] DEBUG: 准备请求URL: https://www.qut.edu.au/study/unit?unitCode=CAB302
2025-04-15 14:57:26 [unit_spider] DEBUG: 准备请求URL: https://www.qut.edu.au/study/unit?unitCode=CAB401
2025-04-15 14:57:26 [unit_spider] DEBUG: 准备请求URL: https://www.qut.edu.au/study/unit?unitCode=CAB403
2025-04-15 14:57:26 [unit_spider] DEBUG: 准备请求URL: https://www.qut.edu.au/study/unit?unitCode=IFN711
2025-04-15 14:57:26 [unit_spider] DEBUG: 准备请求URL: https://www.qut.edu.au/study/unit?unitCode=IFN712
2025-04-15 14:57:30 [scrapy.crawler] INFO: Received SIGINT, shutting down gracefully. Send again to force 
2025-04-15 14:57:30 [scrapy.core.engine] INFO: Closing spider (shutdown)
2025-04-15 14:57:30 [scrapy.core.engine] DEBUG: Crawled (200) <GET https://www.qut.edu.au/study/unit?unitCode=CAB301 via http://localhost:8050/execute> (referer: None)
2025-04-15 14:57:30 [unit_spider] INFO: Successfully extracted unit info for CAB301
2025-04-15 14:57:30 [unit_spider] INFO: Added unit info to list: CAB301
2025-04-15 14:57:30 [scrapy.core.scraper] DEBUG: Scraped from <200 https://www.qut.edu.au/study/unit?unitCode=CAB301>
{'unitCode': 'CAB301', 'faculty': 'Faculty of Science', 'school': 'School of Computer Science', 'studyArea': 'Science', 'creditPoints': 12, 'prerequisites': '(', 'offeredSemesters': ['Semester 1, 2025']}
2025-04-15 14:57:33 [scrapy.core.engine] DEBUG: Crawled (200) <GET https://www.qut.edu.au/study/unit?unitCode=CAB302 via http://localhost:8050/execute> (referer: None)
2025-04-15 14:57:33 [unit_spider] INFO: Successfully extracted unit info for CAB302
2025-04-15 14:57:33 [unit_spider] INFO: Added unit info to list: CAB302
2025-04-15 14:57:33 [scrapy.core.scraper] DEBUG: Scraped from <200 https://www.qut.edu.au/study/unit?unitCode=CAB302>
{'unitCode': 'CAB302', 'faculty': 'Faculty of Science', 'school': 'School of Computer Science', 'studyArea': 'Science', 'creditPoints': 12, 'prerequisites': 'or INB270 or ITD121', 'offeredSemesters': ['Semester 1, 2025', 'Semester 2, 2025']}
2025-04-15 14:57:35 [scrapy.core.engine] DEBUG: Crawled (200) <GET https://www.qut.edu.au/study/unit?unitCode=CAB401 via http://localhost:8050/execute> (referer: None)
2025-04-15 14:57:35 [unit_spider] INFO: Successfully extracted unit info for CAB401
2025-04-15 14:57:35 [unit_spider] INFO: Added unit info to list: CAB401
2025-04-15 14:57:35 [scrapy.core.scraper] DEBUG: Scraped from <200 https://www.qut.edu.au/study/unit?unitCode=CAB401>
{'unitCode': 'CAB401', 'faculty': 'Faculty of Science', 'school': 'School of Computer Science', 'studyArea': 'Science', 'creditPoints': 12, 'prerequisites': 'or (IFN563 and IFN564) or (', 'offeredSemesters': ['Semester 2, 2025']}
2025-04-15 14:57:37 [scrapy.core.engine] DEBUG: Crawled (200) <GET https://www.qut.edu.au/study/unit?unitCode=CAB403 via http://localhost:8050/execute> (referer: None)
2025-04-15 14:57:37 [unit_spider] INFO: Successfully extracted unit info for CAB403
2025-04-15 14:57:37 [unit_spider] INFO: Added unit info to list: CAB403
2025-04-15 14:57:37 [scrapy.core.scraper] DEBUG: Scraped from <200 https://www.qut.edu.au/study/unit?unitCode=CAB403>
{'unitCode': 'CAB403', 'faculty': 'Faculty of Science', 'school': 'School of Computer Science', 'studyArea': 'Science', 'creditPoints': 12, 'prerequisites': '(', 'offeredSemesters': ['Semester 2, 2025']}
2025-04-15 14:57:39 [scrapy.core.engine] DEBUG: Crawled (200) <GET https://www.qut.edu.au/study/unit?unitCode=IFN711 via http://localhost:8050/execute> (referer: None)
2025-04-15 14:57:39 [unit_spider] INFO: Successfully extracted unit info for IFN711
2025-04-15 14:57:39 [unit_spider] INFO: Added unit info to list: IFN711
2025-04-15 14:57:39 [scrapy.core.scraper] DEBUG: Scraped from <200 https://www.qut.edu.au/study/unit?unitCode=IFN711>
{'unitCode': 'IFN711', 'faculty': 'Faculty of Science', 'school': 'School of Information Systems', 'studyArea': 'Science', 'creditPoints': 24, 'prerequisites': 'Completion of 96cp from (IN20 or IN27) or (Admission to IN23 and Completion of 48cp)', 'offeredSemesters': ['Semester 1, 2025']}
2025-04-15 14:57:41 [scrapy.core.engine] DEBUG: Crawled (200) <GET https://www.qut.edu.au/study/unit?unitCode=IFN712 via http://localhost:8050/execute> (referer: None)
2025-04-15 14:57:41 [unit_spider] INFO: Successfully extracted unit info for IFN712
2025-04-15 14:57:41 [unit_spider] INFO: Added unit info to list: IFN712
2025-04-15 14:57:41 [scrapy.core.scraper] DEBUG: Scraped from <200 https://www.qut.edu.au/study/unit?unitCode=IFN712>
{'unitCode': 'IFN712', 'faculty': 'Faculty of Science', 'school': 'School of Computer Science', 'studyArea': 'Science', 'creditPoints': 24, 'prerequisites': 'Completion of 96cp from (IN20 or IN27) or (Admission to IN23 and Completion of 48cp)', 'offeredSemesters': ['Semester 2, 2025']}
2025-04-15 14:57:41 [unit_spider] INFO: Successfully saved 6 units to C:\Users\43819\Desktop\711_project\qut-courses\units.json
2025-04-15 14:57:41 [scrapy.statscollectors] INFO: Dumping Scrapy stats:
{'downloader/request_bytes': 6342,
 'downloader/request_count': 6,
 'downloader/request_method_count/POST': 6,
 'downloader/response_bytes': 1181474,
 'downloader/response_count': 6,
 'downloader/response_status_count/200': 6,
 'elapsed_time_seconds': 15.044846,
 'finish_reason': 'shutdown',
 'finish_time': datetime.datetime(2025, 4, 15, 4, 57, 41, 689661, tzinfo=datetime.timezone.utc),
 'item_scraped_count': 6,
 'items_per_minute': None,
 'log_count/DEBUG': 23,
 'log_count/INFO': 25,
 'log_count/WARNING': 1,
 'response_received_count': 6,
 'responses_per_minute': None,
 'scheduler/dequeued': 12,
 'scheduler/dequeued/memory': 12,
 'scheduler/enqueued': 12,
 'scheduler/enqueued/memory': 12,
 'splash/execute/request_count': 6,
 'splash/execute/response_count/200': 6,
 'start_time': datetime.datetime(2025, 4, 15, 4, 57, 26, 644815, tzinfo=datetime.timezone.utc)}
2025-04-15 14:57:41 [scrapy.core.engine] INFO: Spider closed (shutdown)
2025-04-15 15:05:26 [unit_spider] INFO: 爬虫初始化开始
2025-04-15 15:05:26 [unit_spider] INFO: Found unit codes: ['CAB301', 'CAB302', 'CAB401', 'CAB403', 'IFN711', 'IFN712']
2025-04-15 15:05:26 [unit_spider] INFO: Start URLs: ['https://www.qut.edu.au/study/unit?unitCode=CAB301', 'https://www.qut.edu.au/study/unit?unitCode=CAB302', 'https://www.qut.edu.au/study/unit?unitCode=CAB401', 'https://www.qut.edu.au/study/unit?unitCode=CAB403', 'https://www.qut.edu.au/study/unit?unitCode=IFN711', 'https://www.qut.edu.au/study/unit?unitCode=IFN712']
2025-04-15 15:05:26 [scrapy.addons] INFO: Enabled addons:
[]
2025-04-15 15:05:26 [asyncio] DEBUG: Using selector: SelectSelector
2025-04-15 15:05:26 [scrapy.utils.log] DEBUG: Using reactor: twisted.internet.asyncioreactor.AsyncioSelectorReactor
2025-04-15 15:05:26 [scrapy.utils.log] DEBUG: Using asyncio event loop: asyncio.windows_events._WindowsSelectorEventLoop
2025-04-15 15:05:26 [scrapy.utils.log] DEBUG: Using reactor: twisted.internet.asyncioreactor.AsyncioSelectorReactor
2025-04-15 15:05:26 [scrapy.utils.log] DEBUG: Using asyncio event loop: asyncio.windows_events._WindowsSelectorEventLoop
2025-04-15 15:05:26 [scrapy.extensions.telnet] INFO: Telnet Password: e347b08801665766
2025-04-15 15:05:26 [scrapy.middleware] INFO: Enabled extensions:
['scrapy.extensions.corestats.CoreStats',
 'scrapy.extensions.telnet.TelnetConsole',
 'scrapy.extensions.logstats.LogStats']
2025-04-15 15:05:26 [scrapy.crawler] INFO: Overridden settings:
{'BOT_NAME': 'qut_unit_spider',
 'DOWNLOAD_DELAY': 2,
 'DUPEFILTER_CLASS': 'scrapy_splash.SplashAwareDupeFilter',
 'FEED_EXPORT_ENCODING': 'utf-8',
 'LOG_FILE': 'spider_debug.log',
 'NEWSPIDER_MODULE': 'qut_unit_spider.spiders',
 'SPIDER_MODULES': ['qut_unit_spider.spiders'],
 'TWISTED_REACTOR': 'twisted.internet.asyncioreactor.AsyncioSelectorReactor',
 'USER_AGENT': 'Mozilla/5.0 (Windows NT 10.0; Win64; x64) AppleWebKit/537.36 '
               '(KHTML, like Gecko) Chrome/91.0.4472.124 Safari/537.36'}
2025-04-15 15:05:26 [scrapy.middleware] INFO: Enabled downloader middlewares:
['scrapy.downloadermiddlewares.offsite.OffsiteMiddleware',
 'scrapy.downloadermiddlewares.httpauth.HttpAuthMiddleware',
 'scrapy.downloadermiddlewares.downloadtimeout.DownloadTimeoutMiddleware',
 'scrapy.downloadermiddlewares.defaultheaders.DefaultHeadersMiddleware',
 'scrapy.downloadermiddlewares.useragent.UserAgentMiddleware',
 'scrapy.downloadermiddlewares.retry.RetryMiddleware',
 'scrapy.downloadermiddlewares.redirect.MetaRefreshMiddleware',
 'scrapy.downloadermiddlewares.redirect.RedirectMiddleware',
 'scrapy.downloadermiddlewares.cookies.CookiesMiddleware',
 'scrapy_splash.SplashCookiesMiddleware',
 'scrapy_splash.SplashMiddleware',
 'scrapy.downloadermiddlewares.httpproxy.HttpProxyMiddleware',
 'scrapy.downloadermiddlewares.httpcompression.HttpCompressionMiddleware',
 'scrapy.downloadermiddlewares.stats.DownloaderStats']
2025-04-15 15:05:26 [scrapy.middleware] INFO: Enabled spider middlewares:
['scrapy.spidermiddlewares.httperror.HttpErrorMiddleware',
 'scrapy_splash.SplashDeduplicateArgsMiddleware',
 'scrapy.spidermiddlewares.referer.RefererMiddleware',
 'scrapy.spidermiddlewares.urllength.UrlLengthMiddleware',
 'scrapy.spidermiddlewares.depth.DepthMiddleware']
2025-04-15 15:05:26 [scrapy.middleware] INFO: Enabled item pipelines:
[]
2025-04-15 15:05:26 [scrapy.core.engine] INFO: Spider opened
2025-04-15 15:05:26 [scrapy.extensions.logstats] INFO: Crawled 0 pages (at 0 pages/min), scraped 0 items (at 0 items/min)
2025-04-15 15:05:26 [scrapy.extensions.telnet] INFO: Telnet console listening on 127.0.0.1:6023
2025-04-15 15:05:26 [unit_spider] INFO: 开始发送请求
2025-04-15 15:05:26 [unit_spider] DEBUG: 准备请求URL: https://www.qut.edu.au/study/unit?unitCode=CAB301
2025-04-15 15:05:26 [py.warnings] WARNING: C:\Users\43819\AppData\Local\Programs\Python\Python313\Lib\site-packages\scrapy_splash\middleware.py:498: ScrapyDeprecationWarning: Use of this protected method is deprecated. Consider using its corresponding public method get_slot_key() instead.
  return self.crawler.engine.downloader._get_slot_key(

2025-04-15 15:05:26 [unit_spider] DEBUG: 准备请求URL: https://www.qut.edu.au/study/unit?unitCode=CAB302
2025-04-15 15:05:26 [unit_spider] DEBUG: 准备请求URL: https://www.qut.edu.au/study/unit?unitCode=CAB401
2025-04-15 15:05:26 [unit_spider] DEBUG: 准备请求URL: https://www.qut.edu.au/study/unit?unitCode=CAB403
2025-04-15 15:05:26 [unit_spider] DEBUG: 准备请求URL: https://www.qut.edu.au/study/unit?unitCode=IFN711
2025-04-15 15:05:26 [unit_spider] DEBUG: 准备请求URL: https://www.qut.edu.au/study/unit?unitCode=IFN712
2025-04-15 15:05:30 [scrapy.core.engine] DEBUG: Crawled (200) <GET https://www.qut.edu.au/study/unit?unitCode=CAB301 via http://localhost:8050/execute> (referer: None)
2025-04-15 15:05:30 [unit_spider] INFO: Successfully extracted unit info for CAB301
2025-04-15 15:05:30 [unit_spider] INFO: Added unit info to list: CAB301
2025-04-15 15:05:30 [scrapy.core.scraper] DEBUG: Scraped from <200 https://www.qut.edu.au/study/unit?unitCode=CAB301>
{'unitCode': 'CAB301', 'faculty': 'Faculty of Science', 'school': 'School of Computer Science', 'studyArea': 'Science', 'creditPoints': 12, 'prerequisites': '(', 'equivalents': 'INB371'}
2025-04-15 15:05:32 [scrapy.core.engine] DEBUG: Crawled (200) <GET https://www.qut.edu.au/study/unit?unitCode=CAB302 via http://localhost:8050/execute> (referer: None)
2025-04-15 15:05:32 [unit_spider] INFO: Successfully extracted unit info for CAB302
2025-04-15 15:05:32 [unit_spider] INFO: Added unit info to list: CAB302
2025-04-15 15:05:32 [scrapy.core.scraper] DEBUG: Scraped from <200 https://www.qut.edu.au/study/unit?unitCode=CAB302>
{'unitCode': 'CAB302', 'faculty': 'Faculty of Science', 'school': 'School of Computer Science', 'studyArea': 'Science', 'creditPoints': 12, 'prerequisites': 'or INB270 or ITD121', 'equivalents': 'INB370'}
2025-04-15 15:05:34 [scrapy.core.engine] DEBUG: Crawled (200) <GET https://www.qut.edu.au/study/unit?unitCode=CAB401 via http://localhost:8050/execute> (referer: None)
2025-04-15 15:05:34 [unit_spider] INFO: Successfully extracted unit info for CAB401
2025-04-15 15:05:34 [unit_spider] INFO: Added unit info to list: CAB401
2025-04-15 15:05:34 [scrapy.core.scraper] DEBUG: Scraped from <200 https://www.qut.edu.au/study/unit?unitCode=CAB401>
{'unitCode': 'CAB401', 'faculty': 'Faculty of Science', 'school': 'School of Computer Science', 'studyArea': 'Science', 'creditPoints': 12, 'prerequisites': 'or (IFN563 and IFN564) or (', 'equivalents': 'INB375'}
2025-04-15 15:05:37 [scrapy.core.engine] DEBUG: Crawled (200) <GET https://www.qut.edu.au/study/unit?unitCode=CAB403 via http://localhost:8050/execute> (referer: None)
2025-04-15 15:05:37 [unit_spider] INFO: Successfully extracted unit info for CAB403
2025-04-15 15:05:37 [unit_spider] INFO: Added unit info to list: CAB403
2025-04-15 15:05:37 [scrapy.core.scraper] DEBUG: Scraped from <200 https://www.qut.edu.au/study/unit?unitCode=CAB403>
{'unitCode': 'CAB403', 'faculty': 'Faculty of Science', 'school': 'School of Computer Science', 'studyArea': 'Science', 'creditPoints': 12, 'prerequisites': '(', 'equivalents': 'INB365, ITB706, ITB745'}
2025-04-15 15:05:40 [scrapy.core.engine] DEBUG: Crawled (200) <GET https://www.qut.edu.au/study/unit?unitCode=IFN711 via http://localhost:8050/execute> (referer: None)
2025-04-15 15:05:40 [unit_spider] INFO: Successfully extracted unit info for IFN711
2025-04-15 15:05:40 [unit_spider] INFO: Added unit info to list: IFN711
2025-04-15 15:05:40 [scrapy.core.scraper] DEBUG: Scraped from <200 https://www.qut.edu.au/study/unit?unitCode=IFN711>
{'unitCode': 'IFN711', 'faculty': 'Faculty of Science', 'school': 'School of Information Systems', 'studyArea': 'Science', 'creditPoints': 24, 'prerequisites': 'Completion of 96cp from (IN20 or IN27) or (Admission to IN23 and Completion of 48cp)', 'equivalents': 'You can’t enrol in this unit if you have completed any of these equivalent units.'}
2025-04-15 15:05:42 [scrapy.core.engine] DEBUG: Crawled (200) <GET https://www.qut.edu.au/study/unit?unitCode=IFN712 via http://localhost:8050/execute> (referer: None)
2025-04-15 15:05:42 [unit_spider] INFO: Successfully extracted unit info for IFN712
2025-04-15 15:05:42 [unit_spider] INFO: Added unit info to list: IFN712
2025-04-15 15:05:42 [scrapy.core.scraper] DEBUG: Scraped from <200 https://www.qut.edu.au/study/unit?unitCode=IFN712>
{'unitCode': 'IFN712', 'faculty': 'Faculty of Science', 'school': 'School of Computer Science', 'studyArea': 'Science', 'creditPoints': 24, 'prerequisites': 'Completion of 96cp from (IN20 or IN27) or (Admission to IN23 and Completion of 48cp)', 'equivalents': 'You can’t enrol in this unit if you have completed any of these equivalent units.'}
2025-04-15 15:05:42 [scrapy.core.engine] INFO: Closing spider (finished)
2025-04-15 15:05:42 [unit_spider] INFO: Added new unit: CAB301
2025-04-15 15:05:42 [unit_spider] INFO: Added new unit: CAB302
2025-04-15 15:05:42 [unit_spider] INFO: Added new unit: CAB401
2025-04-15 15:05:42 [unit_spider] INFO: Added new unit: CAB403
2025-04-15 15:05:42 [unit_spider] INFO: Added new unit: IFN711
2025-04-15 15:05:42 [unit_spider] INFO: Added new unit: IFN712
2025-04-15 15:05:42 [unit_spider] INFO: Successfully saved 6 units to C:\Users\43819\Desktop\711_project\qut-courses\units.json
2025-04-15 15:05:42 [scrapy.statscollectors] INFO: Dumping Scrapy stats:
{'downloader/request_bytes': 6342,
 'downloader/request_count': 6,
 'downloader/request_method_count/POST': 6,
 'downloader/response_bytes': 1126262,
 'downloader/response_count': 6,
 'downloader/response_status_count/200': 6,
 'elapsed_time_seconds': 16.358069,
 'finish_reason': 'finished',
 'finish_time': datetime.datetime(2025, 4, 15, 5, 5, 42, 687219, tzinfo=datetime.timezone.utc),
 'item_scraped_count': 6,
 'items_per_minute': None,
 'log_count/DEBUG': 23,
 'log_count/INFO': 30,
 'log_count/WARNING': 1,
 'response_received_count': 6,
 'responses_per_minute': None,
 'scheduler/dequeued': 12,
 'scheduler/dequeued/memory': 12,
 'scheduler/enqueued': 12,
 'scheduler/enqueued/memory': 12,
 'splash/execute/request_count': 6,
 'splash/execute/response_count/200': 6,
 'start_time': datetime.datetime(2025, 4, 15, 5, 5, 26, 329150, tzinfo=datetime.timezone.utc)}
2025-04-15 15:05:42 [scrapy.core.engine] INFO: Spider closed (finished)
2025-04-15 15:08:38 [unit_spider] INFO: 爬虫初始化开始
2025-04-15 15:08:38 [unit_spider] INFO: Found unit codes: ['CAB301', 'CAB302', 'CAB401', 'CAB403', 'IFN711', 'IFN712']
2025-04-15 15:08:38 [unit_spider] INFO: Start URLs: ['https://www.qut.edu.au/study/unit?unitCode=CAB301', 'https://www.qut.edu.au/study/unit?unitCode=CAB302', 'https://www.qut.edu.au/study/unit?unitCode=CAB401', 'https://www.qut.edu.au/study/unit?unitCode=CAB403', 'https://www.qut.edu.au/study/unit?unitCode=IFN711', 'https://www.qut.edu.au/study/unit?unitCode=IFN712']
2025-04-15 15:08:38 [scrapy.addons] INFO: Enabled addons:
[]
2025-04-15 15:08:38 [asyncio] DEBUG: Using selector: SelectSelector
2025-04-15 15:08:38 [scrapy.utils.log] DEBUG: Using reactor: twisted.internet.asyncioreactor.AsyncioSelectorReactor
2025-04-15 15:08:38 [scrapy.utils.log] DEBUG: Using asyncio event loop: asyncio.windows_events._WindowsSelectorEventLoop
2025-04-15 15:08:38 [scrapy.utils.log] DEBUG: Using reactor: twisted.internet.asyncioreactor.AsyncioSelectorReactor
2025-04-15 15:08:38 [scrapy.utils.log] DEBUG: Using asyncio event loop: asyncio.windows_events._WindowsSelectorEventLoop
2025-04-15 15:08:38 [scrapy.extensions.telnet] INFO: Telnet Password: f63bcca323282762
2025-04-15 15:08:38 [scrapy.middleware] INFO: Enabled extensions:
['scrapy.extensions.corestats.CoreStats',
 'scrapy.extensions.telnet.TelnetConsole',
 'scrapy.extensions.logstats.LogStats']
2025-04-15 15:08:38 [scrapy.crawler] INFO: Overridden settings:
{'BOT_NAME': 'qut_unit_spider',
 'DOWNLOAD_DELAY': 2,
 'DUPEFILTER_CLASS': 'scrapy_splash.SplashAwareDupeFilter',
 'FEED_EXPORT_ENCODING': 'utf-8',
 'LOG_FILE': 'spider_debug.log',
 'NEWSPIDER_MODULE': 'qut_unit_spider.spiders',
 'SPIDER_MODULES': ['qut_unit_spider.spiders'],
 'TWISTED_REACTOR': 'twisted.internet.asyncioreactor.AsyncioSelectorReactor',
 'USER_AGENT': 'Mozilla/5.0 (Windows NT 10.0; Win64; x64) AppleWebKit/537.36 '
               '(KHTML, like Gecko) Chrome/91.0.4472.124 Safari/537.36'}
2025-04-15 15:08:38 [scrapy.middleware] INFO: Enabled downloader middlewares:
['scrapy.downloadermiddlewares.offsite.OffsiteMiddleware',
 'scrapy.downloadermiddlewares.httpauth.HttpAuthMiddleware',
 'scrapy.downloadermiddlewares.downloadtimeout.DownloadTimeoutMiddleware',
 'scrapy.downloadermiddlewares.defaultheaders.DefaultHeadersMiddleware',
 'scrapy.downloadermiddlewares.useragent.UserAgentMiddleware',
 'scrapy.downloadermiddlewares.retry.RetryMiddleware',
 'scrapy.downloadermiddlewares.redirect.MetaRefreshMiddleware',
 'scrapy.downloadermiddlewares.redirect.RedirectMiddleware',
 'scrapy.downloadermiddlewares.cookies.CookiesMiddleware',
 'scrapy_splash.SplashCookiesMiddleware',
 'scrapy_splash.SplashMiddleware',
 'scrapy.downloadermiddlewares.httpproxy.HttpProxyMiddleware',
 'scrapy.downloadermiddlewares.httpcompression.HttpCompressionMiddleware',
 'scrapy.downloadermiddlewares.stats.DownloaderStats']
2025-04-15 15:08:38 [scrapy.middleware] INFO: Enabled spider middlewares:
['scrapy.spidermiddlewares.httperror.HttpErrorMiddleware',
 'scrapy_splash.SplashDeduplicateArgsMiddleware',
 'scrapy.spidermiddlewares.referer.RefererMiddleware',
 'scrapy.spidermiddlewares.urllength.UrlLengthMiddleware',
 'scrapy.spidermiddlewares.depth.DepthMiddleware']
2025-04-15 15:08:38 [scrapy.middleware] INFO: Enabled item pipelines:
[]
2025-04-15 15:08:38 [scrapy.core.engine] INFO: Spider opened
2025-04-15 15:08:39 [scrapy.extensions.logstats] INFO: Crawled 0 pages (at 0 pages/min), scraped 0 items (at 0 items/min)
2025-04-15 15:08:39 [scrapy.extensions.telnet] INFO: Telnet console listening on 127.0.0.1:6023
2025-04-15 15:08:39 [unit_spider] INFO: 开始发送请求
2025-04-15 15:08:39 [unit_spider] DEBUG: 准备请求URL: https://www.qut.edu.au/study/unit?unitCode=CAB301
2025-04-15 15:08:39 [py.warnings] WARNING: C:\Users\43819\AppData\Local\Programs\Python\Python313\Lib\site-packages\scrapy_splash\middleware.py:498: ScrapyDeprecationWarning: Use of this protected method is deprecated. Consider using its corresponding public method get_slot_key() instead.
  return self.crawler.engine.downloader._get_slot_key(

2025-04-15 15:08:39 [unit_spider] DEBUG: 准备请求URL: https://www.qut.edu.au/study/unit?unitCode=CAB302
2025-04-15 15:08:39 [unit_spider] DEBUG: 准备请求URL: https://www.qut.edu.au/study/unit?unitCode=CAB401
2025-04-15 15:08:39 [unit_spider] DEBUG: 准备请求URL: https://www.qut.edu.au/study/unit?unitCode=CAB403
2025-04-15 15:08:39 [unit_spider] DEBUG: 准备请求URL: https://www.qut.edu.au/study/unit?unitCode=IFN711
2025-04-15 15:08:39 [unit_spider] DEBUG: 准备请求URL: https://www.qut.edu.au/study/unit?unitCode=IFN712
2025-04-15 15:08:43 [scrapy.core.engine] DEBUG: Crawled (200) <GET https://www.qut.edu.au/study/unit?unitCode=CAB301 via http://localhost:8050/execute> (referer: None)
2025-04-15 15:08:43 [unit_spider] INFO: Successfully extracted unit info for CAB301
2025-04-15 15:08:43 [unit_spider] INFO: Added unit info to list: CAB301
2025-04-15 15:08:43 [scrapy.core.scraper] DEBUG: Scraped from <200 https://www.qut.edu.au/study/unit?unitCode=CAB301>
{'unitCode': 'CAB301', 'faculty': 'Faculty of Science', 'school': 'School of Computer Science', 'studyArea': 'Science', 'creditPoints': 12, 'prerequisites': None, 'equivalents': ['INB371']}
2025-04-15 15:08:46 [scrapy.core.engine] DEBUG: Crawled (200) <GET https://www.qut.edu.au/study/unit?unitCode=CAB302 via http://localhost:8050/execute> (referer: None)
2025-04-15 15:08:46 [unit_spider] INFO: Successfully extracted unit info for CAB302
2025-04-15 15:08:46 [unit_spider] INFO: Added unit info to list: CAB302
2025-04-15 15:08:46 [scrapy.core.scraper] DEBUG: Scraped from <200 https://www.qut.edu.au/study/unit?unitCode=CAB302>
{'unitCode': 'CAB302', 'faculty': 'Faculty of Science', 'school': 'School of Computer Science', 'studyArea': 'Science', 'creditPoints': 12, 'prerequisites': 'or INB270 or ITD121', 'equivalents': ['INB370']}
2025-04-15 15:08:48 [scrapy.core.engine] DEBUG: Crawled (200) <GET https://www.qut.edu.au/study/unit?unitCode=CAB401 via http://localhost:8050/execute> (referer: None)
2025-04-15 15:08:48 [unit_spider] INFO: Successfully extracted unit info for CAB401
2025-04-15 15:08:48 [unit_spider] INFO: Added unit info to list: CAB401
2025-04-15 15:08:48 [scrapy.core.scraper] DEBUG: Scraped from <200 https://www.qut.edu.au/study/unit?unitCode=CAB401>
{'unitCode': 'CAB401', 'faculty': 'Faculty of Science', 'school': 'School of Computer Science', 'studyArea': 'Science', 'creditPoints': 12, 'prerequisites': 'or (IFN563 and IFN564) or (', 'equivalents': ['INB375']}
2025-04-15 15:08:51 [scrapy.core.engine] DEBUG: Crawled (200) <GET https://www.qut.edu.au/study/unit?unitCode=CAB403 via http://localhost:8050/execute> (referer: None)
2025-04-15 15:08:51 [unit_spider] INFO: Successfully extracted unit info for CAB403
2025-04-15 15:08:51 [unit_spider] INFO: Added unit info to list: CAB403
2025-04-15 15:08:51 [scrapy.core.scraper] DEBUG: Scraped from <200 https://www.qut.edu.au/study/unit?unitCode=CAB403>
{'unitCode': 'CAB403', 'faculty': 'Faculty of Science', 'school': 'School of Computer Science', 'studyArea': 'Science', 'creditPoints': 12, 'prerequisites': None, 'equivalents': ['INB365', 'ITB706', 'ITB745']}
2025-04-15 15:08:53 [scrapy.core.engine] DEBUG: Crawled (200) <GET https://www.qut.edu.au/study/unit?unitCode=IFN711 via http://localhost:8050/execute> (referer: None)
2025-04-15 15:08:53 [unit_spider] INFO: Successfully extracted unit info for IFN711
2025-04-15 15:08:53 [unit_spider] INFO: Added unit info to list: IFN711
2025-04-15 15:08:53 [scrapy.core.scraper] DEBUG: Scraped from <200 https://www.qut.edu.au/study/unit?unitCode=IFN711>
{'unitCode': 'IFN711', 'faculty': 'Faculty of Science', 'school': 'School of Information Systems', 'studyArea': 'Science', 'creditPoints': 24, 'prerequisites': 'Completion of 96cp from (IN20 or IN27) or (Admission to IN23 and Completion of 48cp)', 'equivalents': ['You can’t enrol in this unit if you have completed any of these equivalent units.']}
2025-04-15 15:08:55 [scrapy.core.engine] DEBUG: Crawled (200) <GET https://www.qut.edu.au/study/unit?unitCode=IFN712 via http://localhost:8050/execute> (referer: None)
2025-04-15 15:08:55 [unit_spider] INFO: Successfully extracted unit info for IFN712
2025-04-15 15:08:55 [unit_spider] INFO: Added unit info to list: IFN712
2025-04-15 15:08:55 [scrapy.core.scraper] DEBUG: Scraped from <200 https://www.qut.edu.au/study/unit?unitCode=IFN712>
{'unitCode': 'IFN712', 'faculty': 'Faculty of Science', 'school': 'School of Computer Science', 'studyArea': 'Science', 'creditPoints': 24, 'prerequisites': 'Completion of 96cp from (IN20 or IN27) or (Admission to IN23 and Completion of 48cp)', 'equivalents': ['You can’t enrol in this unit if you have completed any of these equivalent units.']}
2025-04-15 15:08:55 [scrapy.core.engine] INFO: Closing spider (finished)
2025-04-15 15:08:55 [unit_spider] INFO: Successfully saved 6 units to C:\Users\43819\Desktop\711_project\qut-courses\units.json
2025-04-15 15:08:55 [scrapy.statscollectors] INFO: Dumping Scrapy stats:
{'downloader/request_bytes': 6342,
 'downloader/request_count': 6,
 'downloader/request_method_count/POST': 6,
 'downloader/response_bytes': 1141823,
 'downloader/response_count': 6,
 'downloader/response_status_count/200': 6,
 'elapsed_time_seconds': 16.703394,
 'finish_reason': 'finished',
 'finish_time': datetime.datetime(2025, 4, 15, 5, 8, 55, 705286, tzinfo=datetime.timezone.utc),
 'item_scraped_count': 6,
 'items_per_minute': None,
 'log_count/DEBUG': 23,
 'log_count/INFO': 24,
 'log_count/WARNING': 1,
 'response_received_count': 6,
 'responses_per_minute': None,
 'scheduler/dequeued': 12,
 'scheduler/dequeued/memory': 12,
 'scheduler/enqueued': 12,
 'scheduler/enqueued/memory': 12,
 'splash/execute/request_count': 6,
 'splash/execute/response_count/200': 6,
 'start_time': datetime.datetime(2025, 4, 15, 5, 8, 39, 1892, tzinfo=datetime.timezone.utc)}
2025-04-15 15:08:55 [scrapy.core.engine] INFO: Spider closed (finished)
2025-04-15 15:10:04 [unit_spider] INFO: 爬虫初始化开始
2025-04-15 15:10:04 [unit_spider] INFO: Found unit codes: ['CAB301', 'CAB302', 'CAB401', 'CAB403', 'IFN711', 'IFN712']
2025-04-15 15:10:04 [unit_spider] INFO: Start URLs: ['https://www.qut.edu.au/study/unit?unitCode=CAB301', 'https://www.qut.edu.au/study/unit?unitCode=CAB302', 'https://www.qut.edu.au/study/unit?unitCode=CAB401', 'https://www.qut.edu.au/study/unit?unitCode=CAB403', 'https://www.qut.edu.au/study/unit?unitCode=IFN711', 'https://www.qut.edu.au/study/unit?unitCode=IFN712']
2025-04-15 15:10:04 [scrapy.addons] INFO: Enabled addons:
[]
2025-04-15 15:10:04 [asyncio] DEBUG: Using selector: SelectSelector
2025-04-15 15:10:04 [scrapy.utils.log] DEBUG: Using reactor: twisted.internet.asyncioreactor.AsyncioSelectorReactor
2025-04-15 15:10:04 [scrapy.utils.log] DEBUG: Using asyncio event loop: asyncio.windows_events._WindowsSelectorEventLoop
2025-04-15 15:10:04 [scrapy.utils.log] DEBUG: Using reactor: twisted.internet.asyncioreactor.AsyncioSelectorReactor
2025-04-15 15:10:04 [scrapy.utils.log] DEBUG: Using asyncio event loop: asyncio.windows_events._WindowsSelectorEventLoop
2025-04-15 15:10:04 [scrapy.extensions.telnet] INFO: Telnet Password: e55e2c81f6a0f6fc
2025-04-15 15:10:04 [scrapy.middleware] INFO: Enabled extensions:
['scrapy.extensions.corestats.CoreStats',
 'scrapy.extensions.telnet.TelnetConsole',
 'scrapy.extensions.logstats.LogStats']
2025-04-15 15:10:04 [scrapy.crawler] INFO: Overridden settings:
{'BOT_NAME': 'qut_unit_spider',
 'DOWNLOAD_DELAY': 2,
 'DUPEFILTER_CLASS': 'scrapy_splash.SplashAwareDupeFilter',
 'FEED_EXPORT_ENCODING': 'utf-8',
 'LOG_FILE': 'spider_debug.log',
 'NEWSPIDER_MODULE': 'qut_unit_spider.spiders',
 'SPIDER_MODULES': ['qut_unit_spider.spiders'],
 'TWISTED_REACTOR': 'twisted.internet.asyncioreactor.AsyncioSelectorReactor',
 'USER_AGENT': 'Mozilla/5.0 (Windows NT 10.0; Win64; x64) AppleWebKit/537.36 '
               '(KHTML, like Gecko) Chrome/91.0.4472.124 Safari/537.36'}
2025-04-15 15:10:04 [scrapy.middleware] INFO: Enabled downloader middlewares:
['scrapy.downloadermiddlewares.offsite.OffsiteMiddleware',
 'scrapy.downloadermiddlewares.httpauth.HttpAuthMiddleware',
 'scrapy.downloadermiddlewares.downloadtimeout.DownloadTimeoutMiddleware',
 'scrapy.downloadermiddlewares.defaultheaders.DefaultHeadersMiddleware',
 'scrapy.downloadermiddlewares.useragent.UserAgentMiddleware',
 'scrapy.downloadermiddlewares.retry.RetryMiddleware',
 'scrapy.downloadermiddlewares.redirect.MetaRefreshMiddleware',
 'scrapy.downloadermiddlewares.redirect.RedirectMiddleware',
 'scrapy.downloadermiddlewares.cookies.CookiesMiddleware',
 'scrapy_splash.SplashCookiesMiddleware',
 'scrapy_splash.SplashMiddleware',
 'scrapy.downloadermiddlewares.httpproxy.HttpProxyMiddleware',
 'scrapy.downloadermiddlewares.httpcompression.HttpCompressionMiddleware',
 'scrapy.downloadermiddlewares.stats.DownloaderStats']
2025-04-15 15:10:04 [scrapy.middleware] INFO: Enabled spider middlewares:
['scrapy.spidermiddlewares.httperror.HttpErrorMiddleware',
 'scrapy_splash.SplashDeduplicateArgsMiddleware',
 'scrapy.spidermiddlewares.referer.RefererMiddleware',
 'scrapy.spidermiddlewares.urllength.UrlLengthMiddleware',
 'scrapy.spidermiddlewares.depth.DepthMiddleware']
2025-04-15 15:10:04 [scrapy.middleware] INFO: Enabled item pipelines:
[]
2025-04-15 15:10:04 [scrapy.core.engine] INFO: Spider opened
2025-04-15 15:10:04 [scrapy.extensions.logstats] INFO: Crawled 0 pages (at 0 pages/min), scraped 0 items (at 0 items/min)
2025-04-15 15:10:04 [scrapy.extensions.telnet] INFO: Telnet console listening on 127.0.0.1:6023
2025-04-15 15:10:04 [unit_spider] INFO: 开始发送请求
2025-04-15 15:10:04 [unit_spider] DEBUG: 准备请求URL: https://www.qut.edu.au/study/unit?unitCode=CAB301
2025-04-15 15:10:04 [py.warnings] WARNING: C:\Users\43819\AppData\Local\Programs\Python\Python313\Lib\site-packages\scrapy_splash\middleware.py:498: ScrapyDeprecationWarning: Use of this protected method is deprecated. Consider using its corresponding public method get_slot_key() instead.
  return self.crawler.engine.downloader._get_slot_key(

2025-04-15 15:10:04 [unit_spider] DEBUG: 准备请求URL: https://www.qut.edu.au/study/unit?unitCode=CAB302
2025-04-15 15:10:04 [unit_spider] DEBUG: 准备请求URL: https://www.qut.edu.au/study/unit?unitCode=CAB401
2025-04-15 15:10:04 [unit_spider] DEBUG: 准备请求URL: https://www.qut.edu.au/study/unit?unitCode=CAB403
2025-04-15 15:10:04 [unit_spider] DEBUG: 准备请求URL: https://www.qut.edu.au/study/unit?unitCode=IFN711
2025-04-15 15:10:04 [unit_spider] DEBUG: 准备请求URL: https://www.qut.edu.au/study/unit?unitCode=IFN712
2025-04-15 15:10:08 [scrapy.crawler] INFO: Received SIGINT, shutting down gracefully. Send again to force 
2025-04-15 15:10:08 [scrapy.core.engine] INFO: Closing spider (shutdown)
2025-04-15 15:10:08 [scrapy.core.engine] DEBUG: Crawled (200) <GET https://www.qut.edu.au/study/unit?unitCode=CAB301 via http://localhost:8050/execute> (referer: None)
2025-04-15 15:10:08 [unit_spider] INFO: Successfully extracted unit info for CAB301
2025-04-15 15:10:08 [unit_spider] INFO: Added unit info to list: CAB301
2025-04-15 15:10:08 [scrapy.core.scraper] DEBUG: Scraped from <200 https://www.qut.edu.au/study/unit?unitCode=CAB301>
{'unitCode': 'CAB301', 'faculty': 'Faculty of Science', 'school': 'School of Computer Science', 'studyArea': 'Science', 'creditPoints': 12, 'prerequisites': None, 'equivalents': ['INB371']}
2025-04-15 15:10:11 [scrapy.core.engine] DEBUG: Crawled (200) <GET https://www.qut.edu.au/study/unit?unitCode=CAB302 via http://localhost:8050/execute> (referer: None)
2025-04-15 15:10:11 [unit_spider] INFO: Successfully extracted unit info for CAB302
2025-04-15 15:10:11 [unit_spider] INFO: Added unit info to list: CAB302
2025-04-15 15:10:11 [scrapy.core.scraper] DEBUG: Scraped from <200 https://www.qut.edu.au/study/unit?unitCode=CAB302>
{'unitCode': 'CAB302', 'faculty': 'Faculty of Science', 'school': 'School of Computer Science', 'studyArea': 'Science', 'creditPoints': 12, 'prerequisites': 'or INB270 or ITD121', 'equivalents': ['INB370']}
2025-04-15 15:10:13 [scrapy.core.engine] DEBUG: Crawled (200) <GET https://www.qut.edu.au/study/unit?unitCode=CAB401 via http://localhost:8050/execute> (referer: None)
2025-04-15 15:10:14 [unit_spider] INFO: Successfully extracted unit info for CAB401
2025-04-15 15:10:14 [unit_spider] INFO: Added unit info to list: CAB401
2025-04-15 15:10:14 [scrapy.core.scraper] DEBUG: Scraped from <200 https://www.qut.edu.au/study/unit?unitCode=CAB401>
{'unitCode': 'CAB401', 'faculty': 'Faculty of Science', 'school': 'School of Computer Science', 'studyArea': 'Science', 'creditPoints': 12, 'prerequisites': 'or (IFN563 and IFN564) or (', 'equivalents': ['INB375']}
2025-04-15 15:10:16 [scrapy.core.engine] DEBUG: Crawled (200) <GET https://www.qut.edu.au/study/unit?unitCode=CAB403 via http://localhost:8050/execute> (referer: None)
2025-04-15 15:10:16 [unit_spider] INFO: Successfully extracted unit info for CAB403
2025-04-15 15:10:16 [unit_spider] INFO: Added unit info to list: CAB403
2025-04-15 15:10:16 [scrapy.core.scraper] DEBUG: Scraped from <200 https://www.qut.edu.au/study/unit?unitCode=CAB403>
{'unitCode': 'CAB403', 'faculty': 'Faculty of Science', 'school': 'School of Computer Science', 'studyArea': 'Science', 'creditPoints': 12, 'prerequisites': None, 'equivalents': ['INB365', 'ITB706', 'ITB745']}
2025-04-15 15:10:19 [scrapy.core.engine] DEBUG: Crawled (200) <GET https://www.qut.edu.au/study/unit?unitCode=IFN711 via http://localhost:8050/execute> (referer: None)
2025-04-15 15:10:19 [unit_spider] INFO: Successfully extracted unit info for IFN711
2025-04-15 15:10:19 [unit_spider] INFO: Added unit info to list: IFN711
2025-04-15 15:10:19 [scrapy.core.scraper] DEBUG: Scraped from <200 https://www.qut.edu.au/study/unit?unitCode=IFN711>
{'unitCode': 'IFN711', 'faculty': 'Faculty of Science', 'school': 'School of Information Systems', 'studyArea': 'Science', 'creditPoints': 24, 'prerequisites': 'Completion of 96cp from (IN20 or IN27) or (Admission to IN23 and Completion of 48cp)', 'equivalents': ['You can’t enrol in this unit if you have completed any of these equivalent units.']}
2025-04-15 15:10:21 [scrapy.core.engine] DEBUG: Crawled (200) <GET https://www.qut.edu.au/study/unit?unitCode=IFN712 via http://localhost:8050/execute> (referer: None)
2025-04-15 15:10:21 [unit_spider] INFO: Successfully extracted unit info for IFN712
2025-04-15 15:10:21 [unit_spider] INFO: Added unit info to list: IFN712
2025-04-15 15:10:21 [scrapy.core.scraper] DEBUG: Scraped from <200 https://www.qut.edu.au/study/unit?unitCode=IFN712>
{'unitCode': 'IFN712', 'faculty': 'Faculty of Science', 'school': 'School of Computer Science', 'studyArea': 'Science', 'creditPoints': 24, 'prerequisites': 'Completion of 96cp from (IN20 or IN27) or (Admission to IN23 and Completion of 48cp)', 'equivalents': ['You can’t enrol in this unit if you have completed any of these equivalent units.']}
2025-04-15 15:10:21 [unit_spider] INFO: Successfully saved 6 units to C:\Users\43819\Desktop\711_project\qut-courses\units.json
2025-04-15 15:10:21 [scrapy.statscollectors] INFO: Dumping Scrapy stats:
{'downloader/request_bytes': 6342,
 'downloader/request_count': 6,
 'downloader/request_method_count/POST': 6,
 'downloader/response_bytes': 1181498,
 'downloader/response_count': 6,
 'downloader/response_status_count/200': 6,
 'elapsed_time_seconds': 16.897434,
 'finish_reason': 'shutdown',
 'finish_time': datetime.datetime(2025, 4, 15, 5, 10, 21, 559307, tzinfo=datetime.timezone.utc),
 'item_scraped_count': 6,
 'items_per_minute': None,
 'log_count/DEBUG': 23,
 'log_count/INFO': 25,
 'log_count/WARNING': 1,
 'response_received_count': 6,
 'responses_per_minute': None,
 'scheduler/dequeued': 12,
 'scheduler/dequeued/memory': 12,
 'scheduler/enqueued': 12,
 'scheduler/enqueued/memory': 12,
 'splash/execute/request_count': 6,
 'splash/execute/response_count/200': 6,
 'start_time': datetime.datetime(2025, 4, 15, 5, 10, 4, 661873, tzinfo=datetime.timezone.utc)}
2025-04-15 15:10:21 [scrapy.core.engine] INFO: Spider closed (shutdown)
